J,h,J_over_h,M,run,target_rms,target_std,target_exact_rms,target_exact_std,target_rms_ratio,tree_train_mse,tree_hilbert_mse,tree_train_r2,tree_hilbert_r2,generalization_gap,target_correlation,unique_fraction,hilbert_coverage,empirical_energy_error
0.02,1.0,0.02,32,1,0.054715171570598284,0.05471517157059826,0.06928203230275509,0.06928203230275509,0.7897454758760369,0.0003333333333333339,0.006667361111111117,0.8886569241475295,-0.3890335648148282,1.2776904889623577,0.07417385363711589,1.0,0.0078125,0.0024999999999995026
0.02,1.0,0.02,32,2,0.06614378277661484,0.06614378277661481,0.06928203230275509,0.06928203230275509,0.9547032697824678,0.0005666666666666676,0.008763888888888897,0.8704761904761904,-0.8258101851852906,1.696286375661481,0.22144864453073992,1.0,0.0078125,-0.005000000000000782
0.02,1.0,0.02,32,3,0.054715171570598284,0.05471517157059826,0.06928203230275509,0.06928203230275509,0.7897454758760369,0.000550000000000001,0.006575000000000007,0.8162839248434237,-0.36979166666670094,1.1860755915101246,0.18936856032555835,1.0,0.0078125,-0.002500000000001279
0.02,1.0,0.02,32,4,0.06244997998398404,0.06244997998398406,0.06928203230275509,0.06928203230275509,0.9013878188659982,0.0005766666666666677,0.008774888888888898,0.8521367521367522,-0.8281018518519025,1.6802386039886548,0.15500134249539466,1.0,0.0078125,0.00999999999999801
0.02,1.0,0.02,32,5,0.0859869176095993,0.08598691760959928,0.06928203230275509,0.06928203230275509,1.2411142507172082,0.000983333333333335,0.010256944444444454,0.8670047900817133,-1.136863425925934,2.003868216007647,0.2692626933994223,1.0,0.0078125,0.002500000000001279
0.02,1.0,0.02,32,6,0.09327379053088822,0.09327379053088825,0.06928203230275509,0.06928203230275509,1.346291201783627,0.0015000000000000022,0.00901000000000001,0.8275862068965518,-0.8770833333333936,1.7046695402299454,0.32958128546280596,0.96875,0.007568359375,0.009999999999999787
0.02,1.0,0.02,32,7,0.07599342076785338,0.07599342076785338,0.06928203230275509,0.06928203230275509,1.0968705484240162,0.0008833333333333348,0.007281944444444453,0.847041847041847,-0.517071759259379,1.364113606301226,0.2781563699615777,1.0,0.0078125,0.015000000000000568
0.02,1.0,0.02,32,8,0.06910137480542633,0.06910137480542633,0.06928203230275509,0.06928203230275509,0.9973924336321529,0.0005166666666666676,0.010059722222222234,0.8917975567190227,-1.0957754629630823,1.987573019682105,0.06858776479315787,1.0,0.0078125,-0.004999999999999005
0.02,1.0,0.02,32,9,0.05695392874947265,0.05695392874947263,0.06928203230275509,0.06928203230275509,0.82205915237287,0.0004666666666666675,0.0066784722222222315,0.8561335902376365,-0.3913483796296713,1.2474819698673079,0.24411127907894162,1.0,0.0078125,0.012499999999997513
0.02,1.0,0.02,32,10,0.062399919871743495,0.06239991987174347,0.06928203230275509,0.06928203230275509,0.9006652633840546,0.00046666666666666753,0.006824305555555559,0.8801498127340823,-0.4217303240741608,1.301880136808243,0.15069976437956428,1.0,0.0078125,0.01750000000000007
0.02,1.0,0.02,32,11,0.0705336798983295,0.07053367989832947,0.06928203230275509,0.06928203230275509,1.0180659769058857,0.0007833333333333348,0.00879027777777779,0.8425460636515912,-0.831307870370434,1.6738539340220253,0.15014270338455124,1.0,0.0078125,-0.02499999999999858
0.02,1.0,0.02,32,12,0.06910137480542632,0.06910137480542632,0.06928203230275509,0.06928203230275509,0.9973924336321527,0.0006833333333333345,0.007045833333333338,0.8568935427574171,-0.46788194444449926,1.3247754872019164,0.15276121382812302,1.0,0.0078125,-0.004999999999999005
0.02,1.0,0.02,32,13,0.07211102550927985,0.07211102550927986,0.06928203230275509,0.06928203230275509,1.0408329997330672,0.000983333333333335,0.006669444444444451,0.810897435897436,-0.38946759259261454,1.2003650284900504,0.21319479149197101,1.0,0.0078125,0.019999999999999574
0.02,1.0,0.02,32,14,0.05910795208768449,0.05910795208768449,0.06928203230275509,0.06928203230275509,0.8531498012268035,0.0008000000000000014,0.006118750000000005,0.7710196779964221,-0.2747395833334376,1.0457592613298599,0.1842165654111692,1.0,0.0078125,-0.017500000000001847
0.02,1.0,0.02,32,15,0.06475916923494318,0.06475916923494317,0.06928203230275509,0.06928203230275509,0.9347180947572744,0.0003400000000000006,0.007642750000000008,0.9189269746646797,-0.5922395833333225,1.5111665579980023,0.1822088733367672,1.0,0.0078125,-0.002500000000001279
0.02,1.0,0.02,32,16,0.055677643628300265,0.05567764362830026,0.06928203230275509,0.06928203230275509,0.8036375634160803,0.0003666666666666673,0.00650555555555556,0.8817204301075269,-0.3553240740741639,1.2370445041816907,0.16303786012642899,1.0,0.0078125,0.02999999999999936
0.02,1.0,0.02,32,17,0.07479137650825801,0.07479137650825803,0.06928203230275509,0.06928203230275509,1.0795205340026355,0.0008633333333333348,0.014267444444444463,0.8456610800744879,-1.9723842592594072,2.818045339333895,0.09119909425499315,1.0,0.0078125,-0.037499999999999645
0.02,1.0,0.02,32,18,0.06437196594791873,0.0643719659479187,0.06928203230275509,0.06928203230275509,0.9291292967074076,0.0005666666666666677,0.006090972222222225,0.8632478632478632,-0.2689525462963227,1.1322004095441858,0.25547399347384037,1.0,0.0078125,-0.007499999999998508
0.02,1.0,0.02,32,19,0.0761166867381917,0.07611668673819173,0.06928203230275509,0.06928203230275509,1.0986497394529349,0.0009000000000000016,0.007703472222222231,0.8446601941747574,-0.604890046296326,1.4495502404710834,0.1339198566027607,1.0,0.0078125,-0.0024999999999995026
0.02,1.0,0.02,32,20,0.05043560250458009,0.05043560250458008,0.06928203230275509,0.06928203230275509,0.7279752170690069,0.0005833333333333344,0.00799444444444445,0.7706797706797707,-0.6655092592592866,1.4361890299390572,0.010511534328018804,1.0,0.0078125,-0.007500000000000284
0.02,1.0,0.02,32,21,0.07984359711335662,0.07984359711335663,0.06928203230275509,0.06928203230275509,1.1524430571616118,0.001316666666666669,0.00813472222222223,0.7934640522875817,-0.6947337962963704,1.488197848583952,0.14845536722836575,1.0,0.0078125,0.005000000000000782
0.02,1.0,0.02,32,22,0.05332682251925391,0.053326822519253914,0.06928203230275509,0.06928203230275509,0.769706383412966,0.00025000000000000044,0.007462500000000009,0.9120879120879122,-0.5546875000000591,1.4667754120879712,0.046322076860762076,1.0,0.0078125,0.01249999999999929
0.02,1.0,0.02,32,23,0.07241374178980124,0.07241374178980126,0.06928203230275509,0.06928203230275509,1.045202332884245,0.0006333333333333345,0.007588194444444453,0.8792212951926897,-0.5808738425926554,1.460095137785345,0.22891840891134468,1.0,0.0078125,-0.01249999999999929
0.02,1.0,0.02,32,24,0.07331439149307596,0.07331439149307596,0.06928203230275509,0.06928203230275509,1.0582020916000254,0.0005400000000000009,0.008104000000000007,0.8995348837209303,-0.688333333333452,1.5878682170543823,0.24188313605752718,1.0,0.0078125,-0.015000000000000568
0.02,1.0,0.02,32,25,0.05092887196865845,0.050928871968658446,0.06928203230275509,0.06928203230275509,0.7350949485157235,0.000383333333333334,0.006836111111111117,0.8522088353413655,-0.42418981481483153,1.276398650156197,0.12047210482750592,1.0,0.0078125,0.0024999999999995026
0.02,1.0,0.02,32,26,0.07193747284969085,0.07193747284969086,0.06928203230275509,0.06928203230275509,1.0383279828647602,0.0006500000000000012,0.006829166666666673,0.8743961352657005,-0.42274305555562597,1.2971391908213263,0.270849917128786,1.0,0.0078125,-0.004999999999999005
0.02,1.0,0.02,32,27,0.07141428428542856,0.07141428428542856,0.06928203230275509,0.06928203230275509,1.030776406404416,0.0009166666666666682,0.012838888888888901,0.8202614379084968,-1.6747685185186296,2.4950299564271265,0.04554003727366964,1.0,0.0078125,-0.009999999999999787
0.02,1.0,0.02,32,28,0.054715171570598284,0.05471517157059826,0.06928203230275509,0.06928203230275509,0.7897454758760369,0.000550000000000001,0.007562500000000007,0.8162839248434237,-0.5755208333333641,1.3918047581767878,0.09627259863352607,0.96875,0.007568359375,-0.002500000000001279
0.02,1.0,0.02,32,29,0.06851094803022367,0.06851094803022366,0.06928203230275509,0.06928203230275509,0.9888703571921524,0.0009333333333333351,0.0077062500000000065,0.8011540168664003,-0.6054687500001235,1.4066227668665237,0.22256690275257288,1.0,0.0078125,0.01750000000000007
0.02,1.0,0.02,32,30,0.0630476010645925,0.0630476010645925,0.06928203230275509,0.06928203230275509,0.9100137361600655,0.0004833333333333342,0.00999027777777779,0.8784067085953878,-1.08130787037048,1.9597145789658676,0.013224676132422048,1.0,0.0078125,-0.004999999999999005
0.02,1.0,0.02,32,31,0.06239991987174348,0.06239991987174346,0.06928203230275509,0.06928203230275509,0.9006652633840544,0.0005666666666666677,0.007938194444444454,0.8544676297485285,-0.653790509259367,1.5082581390078955,0.273390321776827,1.0,0.0078125,0.017499999999998295
0.02,1.0,0.02,32,32,0.06910137480542632,0.06910137480542632,0.06928203230275509,0.06928203230275509,0.9973924336321527,0.00047619047619047706,0.009138151927437659,0.9002742458239841,-0.903781651549582,1.804055897373566,0.28034866401084085,1.0,0.0078125,-0.0049999999999954525
0.02,1.0,0.02,32,33,0.06304760106459249,0.06304760106459249,0.06928203230275509,0.06928203230275509,0.9100137361600653,0.0007100000000000012,0.010193500000000015,0.8213836477987421,-1.1236458333334425,1.9450294811321847,0.07438458739603683,1.0,0.0078125,-0.004999999999999005
0.02,1.0,0.02,32,34,0.06437196594791873,0.0643719659479187,0.06928203230275509,0.06928203230275509,0.9291292967074076,0.000383333333333334,0.01019027777777779,0.9074912016088487,-1.122974537037103,2.0304657386459515,0.18384128055568175,1.0,0.0078125,-0.007499999999998508
0.02,1.0,0.02,32,35,0.06851094803022366,0.06851094803022366,0.06928203230275509,0.06928203230275509,0.9888703571921522,0.00045000000000000086,0.007612500000000008,0.9041278295605859,-0.5859375000001117,1.4900653295606976,0.2360766034159076,1.0,0.0078125,0.017500000000001847
0.02,1.0,0.02,32,36,0.07066647012551294,0.07066647012551291,0.06928203230275509,0.06928203230275509,1.0199826387411386,0.00028333333333333384,0.010461111111111122,0.9432624113475178,-1.1793981481481173,2.122660559495635,0.09597549228315891,1.0,0.0078125,0.002500000000001279
0.02,1.0,0.02,32,37,0.06614378277661481,0.06614378277661481,0.06928203230275509,0.06928203230275509,0.9547032697824673,0.0003000000000000005,0.006500000000000006,0.9314285714285714,-0.3541666666667189,1.2855952380952904,0.24769387105106225,1.0,0.0078125,0.004999999999997229
0.02,1.0,0.02,32,38,0.08000000000000007,0.08000000000000007,0.06928203230275509,0.06928203230275509,1.1547005383792526,0.001150000000000002,0.006725000000000007,0.8203125,-0.4010416666666745,1.2213541666666745,0.3616989402255865,1.0,0.0078125,-1.7763568394002505e-15
0.02,1.0,0.02,32,39,0.0630476010645925,0.0630476010645925,0.06928203230275509,0.06928203230275509,0.9100137361600655,0.0003333333333333339,0.007419444444444451,0.9161425576519916,-0.5457175925926419,1.4618601502446333,0.1370369541726914,1.0,0.0078125,-0.004999999999999005
0.02,1.0,0.02,32,40,0.05656854249492385,0.05656854249492385,0.06928203230275509,0.06928203230275509,0.8164965809277267,0.0004733333333333342,0.008035111111111121,0.8520833333333333,-0.6739814814815228,1.5260648148148561,0.03707378434479639,0.96875,0.007568359375,0.02000000000000135
0.02,1.0,0.02,32,41,0.07241374178980127,0.07241374178980127,0.06928203230275509,0.06928203230275509,1.0452023328842455,0.00176666666666667,0.009570138888888902,0.6630909813269765,-0.9937789351852762,1.6568699165122527,0.14487302765109777,1.0,0.0078125,-0.012499999999997513
0.02,1.0,0.02,32,42,0.0706664701255129,0.07066647012551291,0.06928203230275509,0.06928203230275509,1.019982638741138,0.000620000000000001,0.008305750000000008,0.8758448060075095,-0.7303645833333618,1.6062093893408713,0.09462921844317297,1.0,0.0078125,-0.0024999999999995026
0.02,1.0,0.02,32,43,0.07193747284969086,0.07193747284969085,0.06928203230275509,0.06928203230275509,1.0383279828647602,0.0014400000000000023,0.007489000000000007,0.7217391304347827,-0.5602083333333785,1.2819474637681612,0.24991332986392312,1.0,0.0078125,-0.004999999999999005
0.02,1.0,0.02,32,44,0.05739120141624505,0.057391201416245034,0.06928203230275509,0.06928203230275509,0.8283706396696278,0.0005428571428571439,0.00641900510204082,0.835185687178097,-0.33729272959193035,1.1724784167700273,0.24188700533669813,1.0,0.0078125,0.022500000000000853
0.02,1.0,0.02,32,45,0.07611668673819173,0.07611668673819173,0.06928203230275509,0.06928203230275509,1.0986497394529353,0.0009000000000000015,0.010218750000000013,0.8446601941747574,-1.1289062499999871,1.9735664441747445,0.12043973870374283,1.0,0.0078125,-0.002500000000001279
0.02,1.0,0.02,32,46,0.06461423991660048,0.06461423991660048,0.06928203230275509,0.06928203230275509,0.9326262202333088,0.00010000000000000018,0.007550000000000006,0.9760479041916168,-0.5729166666667289,1.5489645708583457,0.18723193679560873,1.0,0.0078125,-0.025000000000000355
0.02,1.0,0.02,32,47,0.07411983540186803,0.07411983540186803,0.06928203230275509,0.06928203230275509,1.0698276730389815,0.0005833333333333344,0.009356944444444458,0.8938187334091771,-0.949363425926049,1.843182159335226,0.14453603985850672,1.0,0.0078125,0.01750000000000007
0.02,1.0,0.02,32,48,0.06398241946034869,0.0639824194603487,0.06928203230275509,0.06928203230275509,0.9235066774708967,0.0003500000000000006,0.009725000000000008,0.9145038167938931,-1.026041666666786,1.9405454834606792,0.12767134826878093,1.0,0.0078125,0.0224999999999973
0.02,1.0,0.02,32,49,0.053326822519253914,0.05332682251925391,0.06928203230275509,0.06928203230275509,0.7697063834129662,0.00023333333333333376,0.006788194444444451,0.917948717948718,-0.41420717592598133,1.3321558938746993,0.07057757046887196,1.0,0.0078125,-0.012499999999997513
0.02,1.0,0.02,32,50,0.05567764362830026,0.05567764362830027,0.06928203230275509,0.06928203230275509,0.8036375634160802,0.0007933333333333348,0.005983777777777779,0.7440860215053764,-0.24662037037038376,0.9907063918757602,0.21890735685366072,1.0,0.0078125,-0.009999999999999787
0.02,1.0,0.02,64,1,0.07193747284969085,0.07193747284969085,0.06928203230275509,0.06928203230275509,1.0383279828647602,0.001978333333333337,0.005911500000000005,0.6177133655394524,-0.23156250000004852,0.849275865539501,0.2801562570574849,1.0,0.015625,-0.004999999999999005
0.02,1.0,0.02,64,2,0.07888876662744841,0.07888876662744834,0.06928203230275509,0.06928203230275509,1.1386612662098727,0.0015500000000000032,0.007299340277777783,0.7509415013808685,-0.5206958912037303,1.2716373925845987,0.28212322378080457,1.0,0.015625,-0.008750000000000924
0.02,1.0,0.02,64,3,0.05566361019553085,0.05566361019553085,0.06928203230275509,0.06928203230275509,0.8034350082614033,0.0010680952380952402,0.006505694586167803,0.6552793986984606,-0.3553530387849586,1.0106324374834192,0.18949843938297187,1.0,0.015625,0.0012500000000041922
0.02,1.0,0.02,64,4,0.0630476010645925,0.0630476010645925,0.06928203230275509,0.06928203230275509,0.9100137361600655,0.0013950000000000026,0.005830388888888892,0.6490566037735848,-0.21466435185191446,0.8637209556254992,0.2684029589980028,1.0,0.015625,-0.004999999999999005
0.02,1.0,0.02,64,5,0.0684539078504654,0.06845390785046541,0.06928203230275509,0.06928203230275509,0.9880470531137009,0.0015097619047619065,0.006540764030612251,0.6778100636720181,-0.3626591730443034,1.0404692367163215,0.24894335712573595,1.0,0.015625,-0.003750000000005471
0.02,1.0,0.02,64,6,0.06303520841561489,0.06303520841561491,0.06928203230275509,0.06928203230275509,0.9098348636794854,0.0016595238095238123,0.005822023100907032,0.5823455611107993,-0.21292147935567685,0.7952670404664761,0.26079291011084155,0.96875,0.01513671875,0.011250000000000426
0.02,1.0,0.02,64,7,0.07141428428542856,0.07141428428542855,0.06928203230275509,0.06928203230275509,1.030776406404416,0.0015809523809523832,0.008561678004535157,0.6900093370681606,-0.7836829176115381,1.4736922546796987,0.1548825316689004,0.984375,0.015380859375,0.010000000000005116
0.02,1.0,0.02,64,8,0.0774193128360102,0.07741931283601017,0.06928203230275509,0.06928203230275509,1.1174515276586583,0.0017300000000000035,0.009138638888888896,0.711366006256517,-0.9038831018518871,1.6152491081084042,0.21410324086818647,1.0,0.015625,0.00249999999999595
0.02,1.0,0.02,64,9,0.06633249580710807,0.06633249580710807,0.06928203230275509,0.06928203230275509,0.9574271077563391,0.001533333333333336,0.006307777777777782,0.6515151515151516,-0.31412037037039786,0.9656355218855495,0.1714837299184949,1.0,0.015625,1.7763568394002505e-15
0.02,1.0,0.02,64,10,0.060194995639172584,0.06019499563917257,0.06928203230275509,0.06928203230275509,0.868839923403616,0.001254484126984129,0.007758649722852109,0.6537861831522891,-0.6163853589275687,1.2701715420798578,0.07128506471073856,1.0,0.015625,0.008749999999999147
0.02,1.0,0.02,64,11,0.06827105902210695,0.06827105902210695,0.06928203230275509,0.06928203230275509,0.9854078576068569,0.0016325000000000033,0.006566013888888894,0.6497485752598058,-0.3679195601852192,1.017668135445025,0.19544387315823294,1.0,0.015625,0.006250000000001421
0.02,1.0,0.02,64,12,0.07557074500095928,0.07557074500095926,0.06928203230275509,0.06928203230275509,1.0907697492291102,0.0017795238095238135,0.007098533021541955,0.6884007556510974,-0.4788610461546057,1.167261801805703,0.2669449457137998,0.953125,0.014892578125,0.013750000000001705
0.02,1.0,0.02,64,13,0.07253232038202011,0.07253232038202012,0.06928203230275509,0.06928203230275509,1.0469138674376872,0.0016302380952380984,0.006586233985260776,0.690124032981176,-0.3721320802627299,1.062256113243906,0.20160180037648878,1.0,0.015625,-0.0062500000000031974
0.02,1.0,0.02,64,14,0.07206767652699797,0.07206767652699793,0.06928203230275509,0.06928203230275509,1.0402073110683288,0.0016379365079365114,0.006703770849080378,0.6846331633335242,-0.3966189268917988,1.0812520902253229,0.3006611388868862,1.0,0.015625,0.002500000000001279
0.02,1.0,0.02,64,15,0.07479137650825803,0.07479137650825798,0.06928203230275509,0.06928203230275509,1.0795205340026355,0.0018173809523809557,0.006736758503401366,0.6751050811386003,-0.4034913548753267,1.078596436013927,0.22633382332181723,1.0,0.015625,-0.002500000000001279
0.02,1.0,0.02,64,16,0.07631145064798604,0.07631145064798603,0.06928203230275509,0.06928203230275509,1.1014609143466396,0.0014883333333333359,0.006679715277777784,0.7444235757087916,-0.39160734953707266,1.1360309252458642,0.29195883634477066,1.0,0.015625,0.0087500000000027
0.02,1.0,0.02,64,17,0.08037995707886393,0.08037995707886401,0.06928203230275509,0.06928203230275509,1.1601847464233164,0.0020072619047619075,0.006493225340136061,0.6893234294927166,-0.35275527919506544,1.042078708687782,0.29141548496972436,0.984375,0.015380859375,0.006249999999997868
0.02,1.0,0.02,64,18,0.07101936355670897,0.07101936355670901,0.06928203230275509,0.06928203230275509,1.0250762166785456,0.001281666666666669,0.008923166666666676,0.7458901280462619,-0.8589930555556176,1.6048831836018795,0.21179146145775554,1.0,0.015625,0.01249999999999929
0.02,1.0,0.02,64,19,0.06928203230275518,0.06928203230275518,0.06928203230275509,0.06928203230275509,1.000000000000001,0.0011250000000000016,0.007381944444444452,0.7656250000000002,-0.5379050925926423,1.3035300925926425,0.2682707557073205,1.0,0.015625,-0.020000000000004903
0.02,1.0,0.02,64,20,0.06372548548265447,0.06372548548265448,0.06928203230275509,0.06928203230275509,0.9197981549412537,0.001617222222222225,0.006548116512345685,0.6017613612073021,-0.36419094007205666,0.9659523012793587,0.23058421492630807,1.0,0.015625,-0.006249999999997868
0.02,1.0,0.02,64,21,0.07071067811865483,0.07071067811865483,0.06928203230275509,0.06928203230275509,1.0206207261596587,0.0015680952380952406,0.006307326530612248,0.6863809523809525,-0.3140263605442557,1.0004073129252082,0.19649441244577426,0.984375,0.015380859375,1.7763568394002505e-15
0.02,1.0,0.02,64,22,0.07411983540186803,0.07411983540186803,0.06928203230275509,0.06928203230275509,1.0698276730389815,0.002168690476190481,0.0059549725056689375,0.6052440543908117,-0.2406192720144349,0.8458633264052466,0.273834076463698,1.0,0.015625,0.017500000000003624
0.02,1.0,0.02,64,23,0.06928203230275518,0.06928203230275518,0.06928203230275509,0.06928203230275509,1.000000000000001,0.0016214285714285738,0.006143151927437645,0.6622023809523812,-0.2798233182162091,0.9420256991685902,0.25208813417961073,0.984375,0.015380859375,0.0
0.02,1.0,0.02,64,24,0.06782329983125275,0.06782329983125275,0.06928203230275509,0.06928203230275509,0.9789450103725619,0.001444642857142859,0.007255025510204087,0.6859472049689443,-0.511463647959201,1.1974108529281453,0.13456645586145868,0.984375,0.015380859375,1.7763568394002505e-15
0.02,1.0,0.02,64,25,0.06928203230275516,0.06928203230275516,0.06928203230275509,0.06928203230275509,1.000000000000001,0.0015776190476190508,0.005939265306122451,0.671329365079365,-0.23734693877554314,0.9086763038549082,0.32210529175563163,1.0,0.015625,-1.7763568394002505e-15
0.02,1.0,0.02,64,26,0.07000000000000009,0.07000000000000006,0.06928203230275509,0.06928203230275509,1.0103629710818465,0.0016175000000000026,0.007681972222222229,0.6698979591836736,-0.6004108796296477,1.2703088388133212,0.21431604416320527,1.0,0.015625,-0.010000000000001563
0.02,1.0,0.02,64,27,0.07140334375923867,0.07140334375923868,0.06928203230275509,0.06928203230275509,1.0306184935108957,0.0012470238095238118,0.008929329648526087,0.7554105920639785,-0.8602770101096595,1.615687602173638,0.15690056941099453,0.984375,0.015380859375,0.0012500000000006395
0.02,1.0,0.02,64,28,0.06233728819895851,0.062337288198958465,0.06928203230275509,0.06928203230275509,0.8997612530554994,0.001341666666666669,0.005415104166666669,0.6547379707813965,-0.12814670138895434,0.7828846721703508,0.3019578321577261,1.0,0.015625,0.0037499999999983658
0.02,1.0,0.02,64,29,0.06480740698407866,0.06480740698407868,0.06928203230275509,0.06928203230275509,0.9354143466934862,0.001257380952380954,0.005844560090702951,0.7006235827664402,-0.21761668556313207,0.9182402683295723,0.24626122077285004,0.984375,0.015380859375,-1.7763568394002505e-15
0.02,1.0,0.02,64,30,0.07599342076785336,0.07599342076785338,0.06928203230275509,0.06928203230275509,1.0968705484240158,0.0015583333333333365,0.005795277777777783,0.73015873015873,-0.20734953703707681,0.9375082671958068,0.34762224777903244,1.0,0.015625,-0.005000000000000782
0.02,1.0,0.02,64,31,0.06343057228182641,0.0634305722818264,0.06928203230275509,0.06928203230275509,0.9155414495441123,0.001361666666666669,0.005623965277777782,0.6615663430420711,-0.17165943287041374,0.8332257759124848,0.30640436725846387,1.0,0.015625,0.0087500000000027
0.02,1.0,0.02,64,32,0.06411659301616086,0.06411659301616088,0.06928203230275509,0.06928203230275509,0.9254433059350539,0.001210000000000002,0.006082312500000003,0.7056632459141013,-0.26714843750002815,0.9728116834141295,0.21405742636022293,1.0,0.015625,0.013749999999998153
0.02,1.0,0.02,64,33,0.07101936355670899,0.07101936355670903,0.06928203230275509,0.06928203230275509,1.0250762166785459,0.00195619047619048,0.006347601473922911,0.6121555437540569,-0.32241697373396994,0.9345725174880268,0.2593710851334574,1.0,0.015625,0.01249999999999929
0.02,1.0,0.02,64,34,0.0612244844812923,0.06122448448129235,0.06928203230275509,0.06928203230275509,0.8836993149067544,0.0015528571428571458,0.005490144132653064,0.5857321503007207,-0.143780027636095,0.7295121779368157,0.2502100061458005,0.984375,0.015380859375,0.01875000000000071
0.02,1.0,0.02,64,35,0.07348469228349543,0.07348469228349543,0.06928203230275509,0.06928203230275509,1.0606601717798225,0.002021785714285718,0.005578832766439912,0.6255952380952382,-0.1622568263416666,0.7878520644369048,0.2818954948864871,0.96875,0.01513671875,-1.7763568394002505e-15
0.02,1.0,0.02,64,36,0.06697714162309411,0.06697714162309412,0.06928203230275509,0.06928203230275509,0.9667317686411268,0.0015039682539682558,0.009339495543587817,0.664737136001504,-0.9457282382475745,1.6104653742490784,0.11247866020718439,1.0,0.015625,-0.003750000000003695
0.02,1.0,0.02,64,37,0.08185352771872456,0.08185352771872455,0.06928203230275509,0.06928203230275509,1.181453906563153,0.0019366666666666703,0.007871500000000007,0.7109452736318407,-0.6398958333333744,1.350841106965215,0.31163334860070074,1.0,0.015625,0.009999999999999787
0.02,1.0,0.02,64,38,0.07466592261534047,0.07466592261534045,0.06928203230275509,0.06928203230275509,1.0777097630314647,0.00203916666666667,0.007770611111111115,0.6342301943198805,-0.618877314814873,1.2531075091347534,0.08755081991143962,1.0,0.015625,0.004999999999997229
0.02,1.0,0.02,64,39,0.06799586384479582,0.06799586384479578,0.06928203230275509,0.06928203230275509,0.9814357573643502,0.001965000000000003,0.006562576388888894,0.5749915511997294,-0.3672034143518965,0.942194965551626,0.21348222139370276,1.0,0.015625,0.008750000000000924
0.02,1.0,0.02,64,40,0.06972042383692179,0.06972042383692179,0.06928203230275509,0.06928203230275509,1.00632763675654,0.0013164285714285743,0.006620033871882092,0.7291821646691463,-0.37917372330881527,1.1083558879779616,0.30233553937286156,0.984375,0.015380859375,-0.006250000000001421
0.02,1.0,0.02,64,41,0.07031180555212621,0.07031180555212624,0.06928203230275509,0.06928203230275509,1.0148634965682173,0.0015505555555555587,0.007106067901234572,0.6863604438825678,-0.48043081275724764,1.1667912566398155,0.2159078603175565,0.984375,0.015380859375,-0.007500000000002061
0.02,1.0,0.02,64,42,0.07279036680770341,0.0727903668077034,0.06928203230275509,0.06928203230275509,1.050638446770979,0.0020107142857142897,0.006718207908163271,0.6205080675738297,-0.39962664753403554,1.0201347151078652,0.2945548379004278,0.984375,0.015380859375,-0.0012499999999988631
0.02,1.0,0.02,64,43,0.0774193128360102,0.07741931283601015,0.06928203230275509,0.06928203230275509,1.1174515276586583,0.0013645238095238116,0.006164526077097514,0.7723422215601567,-0.2842762660620024,1.0566184876221592,0.34847269123955454,0.96875,0.01513671875,-0.0025000000000030553
0.02,1.0,0.02,64,44,0.06372548548265451,0.06372548548265447,0.06928203230275509,0.06928203230275509,0.9197981549412543,0.001320000000000003,0.0070792013888888936,0.6749519045786838,-0.4748336226852585,1.1497855272639423,0.20041443556418548,1.0,0.015625,0.006250000000001421
0.02,1.0,0.02,64,45,0.07066647012551293,0.07066647012551293,0.06928203230275509,0.06928203230275509,1.0199826387411384,0.0016150000000000027,0.006506888888888894,0.6765957446808513,-0.3556018518518629,1.0321975965327141,0.25862310420743523,1.0,0.015625,0.0025000000000030553
0.02,1.0,0.02,64,46,0.06324555320336764,0.06324555320336765,0.06928203230275509,0.06928203230275509,0.9128709291752776,0.0016207142857142885,0.005221036281179141,0.5948214285714288,-0.08771589191235396,0.6825373204837828,0.2824642550188484,1.0,0.015625,-3.552713678800501e-15
0.02,1.0,0.02,64,47,0.06763874629234347,0.06763874629234347,0.06928203230275509,0.06928203230275509,0.9762812094883325,0.0014911904761904784,0.006205057823129256,0.674056726515743,-0.2927203798186362,0.9667771063343792,0.2274136920376332,1.0,0.015625,0.02500000000000213
0.02,1.0,0.02,64,48,0.06851094803022369,0.06851094803022367,0.06928203230275509,0.06928203230275509,0.9888703571921527,0.0013591666666666693,0.008812041666666675,0.7104305370616955,-0.835842013888993,1.5462725509506885,0.1806950733136066,1.0,0.015625,0.017499999999998295
0.02,1.0,0.02,64,49,0.06527585694573458,0.06527585694573461,0.06928203230275509,0.06928203230275509,0.9421758394800841,0.0010333333333333353,0.004713368055555558,0.7574868597970909,0.01804832175921456,0.7394385380378763,0.38405071906282146,1.0,0.015625,-0.0062500000000031974
0.02,1.0,0.02,64,50,0.07227335262736888,0.07227335262736886,0.06928203230275509,0.06928203230275509,1.0431759898662043,0.002008888888888893,0.006122537808641979,0.6154086482533982,-0.27552871013380287,0.8909373583872011,0.3002414821838714,0.96875,0.01513671875,-0.008749999999997371
0.02,1.0,0.02,128,1,0.06805041788997343,0.06805041788997336,0.06928203230275509,0.06928203230275509,0.9822231771810671,0.0024579671717171758,0.0048649387355244374,0.46922007932552,-0.013528903234277578,0.4827489825597976,0.34449266850884813,0.9921875,0.031005859375,-0.004375000000003126
0.02,1.0,0.02,128,2,0.07598313957714564,0.0759831395771457,0.06928203230275509,0.06928203230275509,1.0967221522184485,0.002450615079365083,0.004815920949861428,0.5755362244130848,-0.003316864554501864,0.5788530889675867,0.3993047427655339,0.96875,0.0302734375,-0.011250000000000426
0.02,1.0,0.02,128,3,0.07443275068812123,0.0744327506881212,0.06928203230275509,0.06928203230275509,1.0743442161577774,0.002736338383838389,0.005492399508022144,0.5060969990392536,-0.14424989750465445,0.6503468965439081,0.27181314847698546,0.984375,0.03076171875,0.003125000000002487
0.02,1.0,0.02,128,4,0.07380030064301911,0.07380030064301914,0.06928203230275509,0.06928203230275509,1.0652155860630599,0.0026940277777777826,0.004648699432319227,0.5053639022368851,0.03152095160013846,0.47384295063674664,0.41244621880660026,0.9765625,0.030517578125,-0.0018750000000036238
0.02,1.0,0.02,128,5,0.07720710783341139,0.07720710783341138,0.06928203230275509,0.06928203230275509,1.1143886122743132,0.003199752747252755,0.0056376321943471695,0.4632131695303384,-0.1745067071556905,0.6377198766860289,0.25129458097281976,0.96875,0.0302734375,0.006249999999996092
0.02,1.0,0.02,128,6,0.06282105041305827,0.06282105041305826,0.06928203230275509,0.06928203230275509,0.9067437591688561,0.0020257463369963416,0.004393510427778116,0.4866959692457067,0.08468532754618663,0.40201064169952005,0.3925929166316891,0.9609375,0.030029296875,0.0018749999999965183
0.02,1.0,0.02,128,7,0.06814506585219507,0.06814506585219511,0.06928203230275509,0.06928203230275509,0.9835893028427399,0.0020387287712287762,0.004189328763551542,0.5609736158861323,0.12722317426006036,0.4337504416260719,0.43445571576596387,0.9921875,0.031005859375,0.007500000000000284
0.02,1.0,0.02,128,8,0.06559523134344454,0.06559523134344454,0.06928203230275509,0.06928203230275509,0.9467856118423371,0.0022967207792207837,0.005133959070353349,0.4662183209436954,-0.06957480632364543,0.5357931272673409,0.2939143100165719,0.9921875,0.031005859375,-0.006875000000000853
0.02,1.0,0.02,128,9,0.06843964037748883,0.06843964037748888,0.06928203230275509,0.06928203230275509,0.9878411198796089,0.0027441341991342053,0.0045884178839063205,0.4141453131695809,0.044079607519486586,0.37006570565009433,0.35659389529246194,0.96875,0.0302734375,-0.008125000000001492
0.02,1.0,0.02,128,10,0.0635628380030345,0.06356283800303447,0.06928203230275509,0.06928203230275509,0.9174505407877136,0.0017835245310245348,0.004701750011745213,0.5585591415041279,0.020468747553064826,0.5380903939510631,0.3540429114446355,0.984375,0.03076171875,-0.003124999999998934
0.02,1.0,0.02,128,11,0.0643719659479187,0.06437196594791875,0.06928203230275509,0.06928203230275509,0.9291292967074072,0.0020998547979798016,0.00545273803693501,0.49324771089477015,-0.1359870910281762,0.6292348019229463,0.23707553822375674,0.984375,0.03076171875,-0.012499999999997513
0.02,1.0,0.02,128,12,0.06132648286018045,0.061326482860180505,0.06928203230275509,0.06928203230275509,0.8851715346944539,0.0018013888888888919,0.0048742862654321,0.52102663527674,-0.015476305298405935,0.5365029405751459,0.33829040209946065,0.96875,0.0302734375,-0.006249999999999645
0.02,1.0,0.02,128,13,0.07338894671542856,0.07338894671542859,0.06928203230275509,0.06928203230275509,1.0592782035423944,0.003221721334221342,0.004519253581976756,0.40182719643120035,0.05848883708814678,0.34333835934305357,0.39238780729731787,0.9921875,0.031005859375,0.0037499999999965894
0.02,1.0,0.02,128,14,0.07043392293490405,0.07043392293490415,0.06928203230275509,0.06928203230275509,1.0166261091637052,0.0026290909090909134,0.005516173151974293,0.4700415175375815,-0.1492027399946585,0.61924425753224,0.33482156933043833,0.96875,0.0302734375,0.006249999999999645
0.02,1.0,0.02,128,15,0.07131575912797965,0.0713157591279797,0.06928203230275509,0.06928203230275509,1.029354318250039,0.0024332882395382434,0.005133099522851689,0.5215654459894102,-0.06939573392746623,0.5909611799168765,0.3516306578861487,0.9921875,0.031005859375,-0.003750000000000142
0.02,1.0,0.02,128,16,0.07580556955132002,0.07580556955131997,0.06928203230275509,0.06928203230275509,1.0941591496631877,0.0030208340964591016,0.004564356559983737,0.4743161384722121,0.04909238333668853,0.4252237551355236,0.44996678459742107,0.9921875,0.031005859375,-0.0018749999999965183
0.02,1.0,0.02,128,17,0.06738126130460907,0.06738126130460904,0.06928203230275509,0.06928203230275509,0.972564733813814,0.0023041810966811017,0.005057708826990011,0.492497323625259,-0.05368933895627581,0.5461866625815348,0.3314063398286912,0.984375,0.03076171875,0.003124999999998934
0.02,1.0,0.02,128,18,0.07025622748198207,0.07025622748198203,0.06928203230275509,0.06928203230275509,1.0140612962242483,0.0025261635586635626,0.004692574296532487,0.4882099786183356,0.022380354889042442,0.46582962372929315,0.3850968234622089,0.984375,0.03076171875,-0.016249999999994102
0.02,1.0,0.02,128,19,0.06580926511517966,0.06580926511517973,0.06928203230275509,0.06928203230275509,0.9498749232355107,0.002316064213564217,0.005250217697388492,0.46521832896866777,-0.09379535362264901,0.5590136825913168,0.31910689586615126,0.984375,0.03076171875,-0.004374999999997797
0.02,1.0,0.02,128,20,0.06163146517810526,0.06163146517810529,0.06928203230275509,0.06928203230275509,0.889573575278253,0.0023077994227994267,0.0048333759457333605,0.39243454109764253,-0.006953322027809294,0.3993878631254518,0.28808360138271094,0.9921875,0.031005859375,-0.0012500000000024158
0.02,1.0,0.02,128,21,0.07137051211810103,0.07137051211810101,0.06928203230275509,0.06928203230275509,1.030144609589677,0.0022617009379509428,0.0055511663275196865,0.5559850919360114,-0.15649298489997454,0.712478076835986,0.3321690034258229,1.0,0.03125,-0.0024999999999995026
0.02,1.0,0.02,128,22,0.06872726896945643,0.06872726896945638,0.06928203230275509,0.06928203230275509,0.991992681004587,0.0026944749694749743,0.004734890002456169,0.4295521070248155,0.013564582821594229,0.41598752420322127,0.34925754859697555,0.9921875,0.031005859375,-0.008749999999999147
0.02,1.0,0.02,128,23,0.07532222447591426,0.07532222447591418,0.06928203230275509,0.06928203230275509,1.087182664428263,0.0027715638528138568,0.005004920810610749,0.5114842011013861,-0.04269183554395539,0.5541760366453415,0.3778818813918448,0.9921875,0.031005859375,-0.011250000000003979
0.02,1.0,0.02,128,24,0.06441746172428724,0.06441746172428721,0.06928203230275509,0.06928203230275509,0.9297859716757413,0.0021851984126984173,0.004773857540469896,0.47339659827657543,0.005446345735384828,0.4679502525411906,0.35492523511388374,1.0,0.03125,0.0006249999999994316
0.02,1.0,0.02,128,25,0.063118811577849,0.06311881157784907,0.06928203230275509,0.06928203230275509,0.9110415713850097,0.002009992784992788,0.004497635459190182,0.4954817600174998,0.06299261266867962,0.43248914734882016,0.36970166290837225,0.984375,0.03076171875,0.008124999999994387
0.02,1.0,0.02,128,26,0.06811926581371823,0.06811926581371826,0.06928203230275509,0.06928203230275509,0.9832169113637473,0.002006798201798207,0.00519689560366963,0.5675222327970869,-0.08268658409783258,0.6502088168949195,0.3403287093546187,0.9921875,0.031005859375,-0.0031250000000007105
0.02,1.0,0.02,128,27,0.06361198295132767,0.06361198295132771,0.06928203230275509,0.06928203230275509,0.9181598870158728,0.002113008796758801,0.005750471523891769,0.4778161483055777,-0.1980149008108234,0.6758310491164011,0.3377163636723038,1.0,0.03125,-0.0018749999999929656
0.02,1.0,0.02,128,28,0.06771955035290778,0.0677195503529078,0.06928203230275509,0.06928203230275509,0.9774475156412931,0.0025567153679653715,0.005309244420082083,0.44248796064809803,-0.10609258751711304,0.5485805481652111,0.24395761630497909,0.9765625,0.030517578125,-0.0037500000000019185
0.02,1.0,0.02,128,29,0.07473912964438381,0.07473912964438388,0.06928203230275509,0.06928203230275509,1.0787664154795833,0.0029396266233766275,0.004948888996645494,0.4737451639269833,-0.031018540967833408,0.5047637048948167,0.334156581906636,0.984375,0.03076171875,0.0037500000000019185
0.02,1.0,0.02,128,30,0.068999547099963,0.06899954709996302,0.06928203230275509,0.06928203230275509,0.9959226773031475,0.002649325396825402,0.004536342513857396,0.4435286334203308,0.054928642946339146,0.38859999047399163,0.393087732565628,0.9921875,0.031005859375,-0.006249999999996092
0.02,1.0,0.02,128,31,0.06482849971270357,0.06482849971270357,0.06928203230275509,0.06928203230275509,0.9357187940072246,0.0020913852813852856,0.00452186159708948,0.5023750980252513,0.057945500606332745,0.4444295974189185,0.36413882527216046,0.96875,0.0302734375,0.006875000000002629
0.02,1.0,0.02,128,32,0.07292708258939208,0.07292708258939211,0.06928203230275509,0.06928203230275509,1.0526117691049897,0.0023694105894105947,0.005989227228054513,0.5544846780102017,-0.24775567251138453,0.8022403505215863,0.2508743930364626,0.984375,0.03076171875,0.005625000000000213
0.02,1.0,0.02,128,33,0.07176077880708939,0.07176077880708936,0.06928203230275509,0.06928203230275509,1.0357776240382564,0.002594150432900438,0.005118380399835556,0.49624325963550675,-0.06632924996580147,0.5625725096013082,0.34358392215327144,0.9921875,0.031005859375,-0.0006250000000100897
0.02,1.0,0.02,128,34,0.07380030064301919,0.07380030064301912,0.06928203230275509,0.06928203230275509,1.065215586063061,0.002591391941391947,0.004922910822674735,0.5242083217411335,-0.025606421390608425,0.549814743131742,0.34998944105930974,0.9765625,0.030517578125,0.001874999999994742
0.02,1.0,0.02,128,35,0.06696255950156033,0.06696255950156037,0.06928203230275509,0.06928203230275509,0.9665212938463047,0.002348673826173833,0.0045340056207615375,0.4762082938404918,0.055415495674668414,0.4207927981658234,0.38784445145489943,0.9921875,0.031005859375,0.008124999999999716
0.02,1.0,0.02,128,36,0.07399324293474377,0.0739932429347438,0.06928203230275509,0.06928203230275509,1.0680004681646922,0.0029470670995671074,0.004668605395326176,0.4617229041886576,0.027373875973671802,0.4343490282149858,0.37269856475418883,1.0,0.03125,0.004999999999999005
0.02,1.0,0.02,128,37,0.06923691212063116,0.06923691212063116,0.06928203230275509,0.06928203230275509,0.9993487462676215,0.002623276168276172,0.004480767545536444,0.452771594622963,0.06650676134654165,0.38626483327642136,0.394204450748679,0.984375,0.03076171875,0.0025000000000048317
0.02,1.0,0.02,128,38,0.06592787251989862,0.06592787251989866,0.06928203230275509,0.06928203230275509,0.95158687366157,0.001932673160173165,0.004863564628485695,0.5553479563185681,-0.013242630934556354,0.5685905872531245,0.3564399704274752,1.0,0.03125,0.0018750000000036238
0.02,1.0,0.02,128,39,0.07617568099465874,0.0761756809946587,0.06928203230275509,0.06928203230275509,1.0995012481992321,0.0029841017316017374,0.004514775680330674,0.4857421452103372,0.05942173326440392,0.4263204119459333,0.3867269171303436,0.9921875,0.031005859375,0.006874999999999076
0.02,1.0,0.02,128,40,0.06945097191544557,0.06945097191544551,0.06928203230275509,0.06928203230275509,1.002438433271591,0.0024022023809523833,0.005023366591080878,0.5019729433723599,-0.046534706475205745,0.5485076498475656,0.3267408906420138,0.9765625,0.030517578125,0.008749999999997371
0.02,1.0,0.02,128,41,0.06963913680539138,0.06963913680539133,0.06928203230275509,0.06928203230275509,1.0051543595181474,0.002453629426129431,0.004717992639633382,0.4940562762069004,0.017084866743000582,0.4769714094638998,0.35117822110613567,0.984375,0.03076171875,-0.0006249999999941025
0.02,1.0,0.02,128,42,0.07627817102553003,0.07627817102553007,0.06928203230275509,0.06928203230275509,1.1009805643720518,0.002675054643069353,0.005358130502139526,0.5402390140142648,-0.11627718794579955,0.6565162019600643,0.32498912997201845,0.9765625,0.030517578125,0.0056250000000019895
0.02,1.0,0.02,128,43,0.07149082108914406,0.07149082108914401,0.06928203230275509,0.06928203230275509,1.0318811200101174,0.002470575396825403,0.004953066389518774,0.516610133302275,-0.03188883114975738,0.5484989644520324,0.3463393436912672,0.984375,0.03076171875,0.013750000000003482
0.02,1.0,0.02,128,44,0.07311965792452815,0.07311965792452813,0.06928203230275509,0.06928203230275509,1.055391354644492,0.002264556277056281,0.005250107439480617,0.5764401206061174,-0.09377238322515913,0.6702125038312765,0.30769683556570643,0.953125,0.02978515625,0.0018749999999965183
0.02,1.0,0.02,128,45,0.06635310373298305,0.06635310373298303,0.06928203230275509,0.06928203230275509,0.9577245575451231,0.0020880284992785022,0.005251149676619579,0.5257427949469473,-0.09398951596246863,0.6197323109094159,0.28709911960747614,1.0,0.03125,-0.006874999999995524
0.02,1.0,0.02,128,46,0.06204522040415369,0.062045220404153695,0.06928203230275509,0.06928203230275509,0.8955456175566948,0.0022073611111111152,0.004588537395282188,0.4266012740289761,0.04405470931617417,0.3825465647128019,0.31993092105270765,0.9921875,0.031005859375,-0.0006249999999958789
0.02,1.0,0.02,128,47,0.06845390785046536,0.06845390785046546,0.06928203230275509,0.06928203230275509,0.9880470531137003,0.002668673687423691,0.004542115267397778,0.4304931110532989,0.05372598595875455,0.37676712509454435,0.37407726623824505,0.9921875,0.031005859375,0.003750000000009024
0.02,1.0,0.02,128,48,0.06538348415311021,0.06538348415311017,0.06928203230275509,0.06928203230275509,0.9437293044088453,0.002010892857142862,0.004854447845804992,0.5296157059314951,-0.01134330120943372,0.5409590071409288,0.3711078488081029,0.9921875,0.031005859375,-0.004999999999997229
0.02,1.0,0.02,128,49,0.05910795208768454,0.05910795208768449,0.06928203230275509,0.06928203230275509,0.8531498012268043,0.002211436202686205,0.00483582928885997,0.36703078277318024,-0.00746443517920059,0.37449521795238083,0.261340411927066,0.984375,0.03076171875,0.00249999999999595
0.02,1.0,0.02,128,50,0.06799586384479578,0.06799586384479575,0.06928203230275509,0.06928203230275509,0.9814357573643496,0.001889439033189037,0.005365119747776677,0.5913345788303539,-0.1177332807868412,0.7090678596171951,0.33666401782096605,0.9921875,0.031005859375,-0.008749999999999147
0.02,1.0,0.02,256,1,0.06797216227066788,0.06797216227066788,0.06928203230275509,0.06928203230275509,0.9810936546092756,0.0028522183746980618,0.0039798777318890526,0.38266542332844133,0.170858805856427,0.21180661747201435,0.43933797131133,0.95703125,0.059814453125,-0.0021874999999980105
0.02,1.0,0.02,256,2,0.06800089038939121,0.06800089038939133,0.06928203230275509,0.06928203230275509,0.9815083092862312,0.0029217069860067355,0.004192771596648041,0.3681594995520924,0.12650591736495964,0.24165358218713273,0.4033041680652791,0.96484375,0.060302734375,0.0009374999999991473
0.02,1.0,0.02,256,3,0.07261843774138911,0.07261843774138911,0.06928203230275509,0.06928203230275509,1.048156864453027,0.0028036042898020473,0.0042823844317054875,0.4683535568967977,0.1078365767279943,0.3605169801688034,0.4440798572682283,0.95703125,0.059814453125,0.008749999999999147
0.02,1.0,0.02,256,4,0.07157205176428862,0.07157205176428874,0.06928203230275509,0.06928203230275509,1.0330535838141466,0.0029877957978554012,0.003903797226009892,0.4167376042314527,0.18670891124791522,0.23002869298353745,0.4668759612375027,0.9765625,0.06103515625,-0.001562499999998579
0.02,1.0,0.02,256,5,0.07002162054501462,0.07002162054501462,0.06928203230275509,0.06928203230275509,1.0106750367689505,0.003097533539731688,0.004115663513757646,0.36824061491719484,0.14257010130046222,0.22567051361673263,0.4183191223624982,0.96875,0.060546875,0.004687499999997513
0.02,1.0,0.02,256,6,0.06870381971732005,0.06870381971732004,0.06928203230275509,0.06928203230275509,0.9916542202037563,0.002866142378550136,0.004247074248761676,0.3927940838656604,0.11519286484129132,0.2776012190243691,0.4413197640693629,0.96484375,0.060302734375,-0.0021874999999980105
0.02,1.0,0.02,256,7,0.07399258303201738,0.07399258303201756,0.06928203230275509,0.06928203230275509,1.0679909432892742,0.003241233696536527,0.004360620056913165,0.40798328572259834,0.09153748814306184,0.3164457975795365,0.4098877395007384,0.96484375,0.060302734375,0.0003125000000032685
0.02,1.0,0.02,256,8,0.06927075501248721,0.0692707550124872,0.06928203230275509,0.06928203230275509,0.9998372263357027,0.00305007337424937,0.004544166394450937,0.36436113333780906,0.05329866782269299,0.31106246551511607,0.351768522063142,0.9765625,0.06103515625,-0.0012500000000006395
0.02,1.0,0.02,256,9,0.06630819967206174,0.06630819967206174,0.06928203230275509,0.06928203230275509,0.9570764232536074,0.0029238321364308275,0.004135804107350363,0.3350056398495964,0.13837414430200035,0.19663149554759607,0.40373843102467344,0.96484375,0.060302734375,-0.005312499999998721
0.02,1.0,0.02,256,10,0.07197818679989089,0.07197818679989108,0.06928203230275509,0.06928203230275509,1.0389156381174542,0.0031760971981449992,0.004261642701505254,0.3869555283683048,0.1121577705197162,0.2747977578485886,0.4196224446747302,0.9765625,0.06103515625,0.004374999999996021
0.02,1.0,0.02,256,11,0.07154271014575853,0.07154271014575854,0.06928203230275509,0.06928203230275509,1.0326300740302263,0.00323837629285284,0.0039751408564495565,0.36730189195579366,0.17184565490632253,0.19545623704947113,0.4516949897228486,0.96875,0.060546875,-0.0056249999999966604
0.02,1.0,0.02,256,12,0.06795851215999364,0.06795851215999378,0.06928203230275509,0.06928203230275509,0.9808966322324696,0.0030519548872180494,0.0043737130711515365,0.3391690339779948,0.08880977684337699,0.2503592571346178,0.3794607222052345,0.9765625,0.06103515625,0.005624999999998437
0.02,1.0,0.02,256,13,0.07048659003668728,0.07048659003668731,0.06928203230275509,0.06928203230275509,1.017386293298505,0.0032249228463315247,0.0043331666464388185,0.35090789475519624,0.0972569486585404,0.25365094609665584,0.37546720568732045,0.9765625,0.06103515625,-0.0056249999999966604
0.02,1.0,0.02,256,14,0.06851094803022367,0.06851094803022366,0.06928203230275509,0.06928203230275509,0.9888703571921524,0.0032733511021142635,0.003900214424363647,0.30261494495568386,0.18745532825754774,0.11515961669813612,0.44479567904979767,0.9765625,0.06103515625,0.007500000000000284
0.02,1.0,0.02,256,15,0.07262852293520777,0.07262852293520783,0.06928203230275509,0.06928203230275509,1.0483024316871778,0.0030949949301787546,0.003980495236295704,0.413260240951025,0.1707301591050402,0.2425300818459848,0.4578261969589398,0.98828125,0.061767578125,-0.00031249999999616307
0.02,1.0,0.02,256,16,0.06518902802619478,0.06518902802619472,0.06928203230275509,0.06928203230275509,0.9409225719783403,0.0026720112356683574,0.004046487908685619,0.37123368293859793,0.1569816856904449,0.21425199724815303,0.42236852204693015,0.98828125,0.061767578125,0.0006249999999976552
0.02,1.0,0.02,256,17,0.06479535091347231,0.06479535091347234,0.06928203230275509,0.06928203230275509,0.9352403323032376,0.0026789892439431956,0.0038846644849320202,0.3619080327042662,0.19069489897248426,0.17121313373178193,0.4507645130312866,0.97265625,0.060791015625,-0.0012500000000024158
0.02,1.0,0.02,256,18,0.0665140668862611,0.06651406688626109,0.06928203230275509,0.06928203230275509,0.9600478605419905,0.002963763630654693,0.004341458972655407,0.33008984884215253,0.09552938069675954,0.234560468145393,0.3800672709718957,0.96484375,0.060302734375,-0.000937499999997371
0.02,1.0,0.02,256,19,0.06641488914392615,0.06641488914392624,0.06928203230275509,0.06928203230275509,0.9586163531361229,0.0028744579342441217,0.004060964309525954,0.34833401419899623,0.15396576884873558,0.19436824535026065,0.44108364162623054,0.96484375,0.060302734375,0.006249999999997868
0.02,1.0,0.02,256,20,0.06674856622991998,0.06674856622991986,0.06928203230275509,0.06928203230275509,0.9634325670216466,0.0027536457466681955,0.004183145126318266,0.38194918252016885,0.12851143201699644,0.2534377505031724,0.41681009467326513,0.96484375,0.060302734375,0.010937499999998934
0.02,1.0,0.02,256,21,0.07141154931101833,0.07141154931101833,0.06928203230275509,0.06928203230275509,1.0307369304491165,0.0030247342939138653,0.0039182256479490495,0.4068694145982771,0.1837029900105963,0.22316642458768077,0.4630842078337255,0.9765625,0.06103515625,0.0006249999999994316
0.02,1.0,0.02,256,22,0.07033124750066645,0.07033124750066648,0.06928203230275509,0.06928203230275509,1.0151441169237994,0.0028617954693785945,0.0042810823728812,0.4214485981513706,0.10810783898305254,0.31334075916831805,0.4159027992089874,0.96484375,0.060302734375,0.0018749999999982947
0.02,1.0,0.02,256,23,0.06740734381356389,0.06740734381356382,0.06928203230275509,0.06928203230275509,0.9729412024029692,0.0031687200857063546,0.00421524671192499,0.3026200636684778,0.12182360168226636,0.18079646198621147,0.3804917948188691,0.96875,0.060546875,0.0074999999999967315
0.02,1.0,0.02,256,24,0.07530082897120062,0.07530082897120058,0.06928203230275509,0.06928203230275509,1.0868738469181163,0.003991431491195426,0.004069159329712368,0.29607050152694203,0.15225847297656148,0.14381202855038056,0.42409392862577133,0.96875,0.060546875,0.0021875000000033396
0.02,1.0,0.02,256,25,0.06994906070670295,0.06994906070670298,0.06928203230275509,0.06928203230275509,1.0096277257144106,0.00293905540823556,0.004101692501154898,0.39931885555092494,0.14548072892602726,0.2538381266248977,0.4442279658050431,0.9765625,0.06103515625,0.00906249999999531
0.02,1.0,0.02,256,26,0.06841680623209469,0.06841680623209484,0.06928203230275509,0.06928203230275509,0.9875115373798583,0.0027710424363433326,0.003944232038202729,0.4080056215439445,0.1782849920410685,0.22972062950287597,0.45466045992626924,0.95703125,0.059814453125,-0.004374999999996021
0.02,1.0,0.02,256,27,0.07663262095054568,0.07663262095054575,0.06928203230275509,0.06928203230275509,1.1060966083626027,0.003720698582463295,0.004334930313784783,0.3664263160484911,0.09688951796147849,0.2695367980870126,0.3942656927414163,0.96875,0.060546875,0.0015624999999968026
0.02,1.0,0.02,256,28,0.0677195503529078,0.06771955035290782,0.06928203230275509,0.06928203230275509,0.9774475156412934,0.002816751889536336,0.004139989165098562,0.38578493720502616,0.13750225727109433,0.24828267993393183,0.41464355031445643,0.9609375,0.06005859375,-0.003750000000000142
0.02,1.0,0.02,256,29,0.06697714162309415,0.06697714162309419,0.06928203230275509,0.06928203230275509,0.9667317686411274,0.0027710479807645082,0.004348720223102898,0.3822811885443125,0.09401662018687451,0.28826456835743797,0.3929359425799296,0.96875,0.060546875,0.003749999999994813
0.02,1.0,0.02,256,30,0.0692369121206312,0.06923691212063113,0.06928203230275509,0.06928203230275509,0.9993487462676222,0.003113260871073374,0.003712564216482757,0.3505583580550975,0.22654912156606433,0.12400923648903317,0.48354662826423933,0.984375,0.0615234375,0.0024999999999941735
0.02,1.0,0.02,256,31,0.07073001042697513,0.07073001042697497,0.06928203230275509,0.06928203230275509,1.0208997639949782,0.0027592848802814028,0.004119032468218748,0.4484446557725924,0.1418682357877331,0.3065764199848593,0.4456287264781222,0.94140625,0.058837890625,0.0068749999999973
0.02,1.0,0.02,256,32,0.07663262095054578,0.07663262095054575,0.06928203230275509,0.06928203230275509,1.106096608362604,0.003654089356850582,0.004074737334012523,0.3777687700315987,0.15109638874736264,0.22667238128423606,0.4487208663462548,0.9609375,0.06005859375,0.0015624999999950262
0.02,1.0,0.02,256,33,0.06242417275182756,0.06242417275182754,0.06928203230275509,0.06928203230275509,0.9010153235551835,0.0023715344791078547,0.004000030634162359,0.391411345862106,0.16666028454949544,0.22475106131261058,0.43507539553758956,0.9765625,0.06103515625,0.005312499999998721
0.02,1.0,0.02,256,34,0.06688303105982872,0.06688303105982868,0.06928203230275509,0.06928203230275509,0.9653733996652554,0.0029835118042432288,0.0041674153195423716,0.33304602188637955,0.13178847509530078,0.20125754679107877,0.41054523126257075,0.97265625,0.060791015625,0.007187499999993463
0.02,1.0,0.02,256,35,0.06855654600401054,0.06855654600401043,0.06928203230275509,0.06928203230275509,0.9895285072531611,0.003006227468781656,0.00430300759491421,0.360377134301775,0.10354008439284257,0.2568370499089324,0.38388011149904455,0.9609375,0.06005859375,-1.7763568394002505e-15
0.02,1.0,0.02,256,36,0.06966367305669446,0.06966367305669442,0.06928203230275509,0.06928203230275509,1.0055085098005156,0.0033912060313482572,0.003939102561969379,0.30121843724708597,0.17935363292301942,0.12186480432406654,0.4421082802976937,0.97265625,0.060791015625,0.0046874999999992895
0.02,1.0,0.02,256,37,0.06853090087690378,0.06853090087690374,0.06928203230275509,0.06928203230275509,0.9891583517271989,0.0030705154374349453,0.003941380460358378,0.3462098045551485,0.17887907075864196,0.16733073379650654,0.4409794122202913,0.98046875,0.061279296875,0.001875000000000071
0.02,1.0,0.02,256,38,0.07061117121249313,0.0706111712124931,0.06928203230275509,0.06928203230275509,1.0191844676831916,0.0030567170317857308,0.003930365065150725,0.38693234085150063,0.18117394476024085,0.2057583960912598,0.4511887183861785,0.9609375,0.06005859375,0.0037499999999965894
0.02,1.0,0.02,256,39,0.07122806679954197,0.07122806679954193,0.06928203230275509,0.06928203230275509,1.028088588514305,0.002891108408705165,0.004608241245075527,0.4301480192265774,0.03994974060924106,0.39019827861733636,0.3866896226318946,0.9609375,0.06005859375,-0.008749999999997371
0.02,1.0,0.02,256,40,0.06795851215999373,0.06795851215999377,0.06928203230275509,0.06928203230275509,0.9808966322324708,0.00276846294239387,0.0038998341686256113,0.4005527249828068,0.18753454820296023,0.21301817677984658,0.45640289499651215,0.97265625,0.060791015625,-0.005624999999994884
0.02,1.0,0.02,256,41,0.06845390785046546,0.06845390785046548,0.06928203230275509,0.06928203230275509,0.9880470531137017,0.002848560553470402,0.0041010577621369525,0.3921044500763423,0.14561296622143294,0.24649148385490938,0.4275817241211679,0.96875,0.060546875,-0.003750000000000142
0.02,1.0,0.02,256,42,0.07002162054501458,0.07002162054501464,0.06928203230275509,0.06928203230275509,1.0106750367689499,0.0030451100288600326,0.004014423421178716,0.3789326847745008,0.1636617872544165,0.21527089752008433,0.45250669947674305,0.9921875,0.06201171875,-0.004687500000002842
0.02,1.0,0.02,256,43,0.06798940059854923,0.06798940059854931,0.06928203230275509,0.06928203230275509,0.9813424684403426,0.0028868639328507805,0.004220798751642939,0.37548353919104527,0.12066692674101298,0.2548166124500323,0.3952291222452036,0.96484375,0.060302734375,-0.001562499999998579
0.02,1.0,0.02,256,44,0.07227808169666668,0.07227808169666664,0.06928203230275509,0.06928203230275509,1.0432442481020068,0.0032860706511625717,0.004264115128764826,0.3709811483707893,0.11164268150730505,0.2593384668634843,0.3946174498112542,0.95703125,0.059814453125,-0.0009374999999955946
0.02,1.0,0.02,256,45,0.062072758467382416,0.06207275846738256,0.06928203230275509,0.06928203230275509,0.8959430952621465,0.0026636638565029048,0.004090801051147024,0.3086828566572133,0.1477497810110182,0.16093307564619508,0.40566182393489925,0.95703125,0.059814453125,0.004687499999997513
0.02,1.0,0.02,256,46,0.06961880021768554,0.06961880021768552,0.06928203230275509,0.06928203230275509,1.0048608261584882,0.0029264202620994492,0.003988251256732264,0.3962131836171283,0.16911432151409211,0.2270988621030362,0.45419239330756733,0.9765625,0.06103515625,-0.005312499999998721
0.02,1.0,0.02,256,47,0.07099460806990911,0.07099460806990916,0.06928203230275509,0.06928203230275509,1.0247189020043501,0.0027571045825519583,0.004001858392972935,0.45298087798705755,0.16627950146393122,0.28670137652312633,0.4516844842398708,0.9609375,0.06005859375,0.0031250000000007105
0.02,1.0,0.02,256,48,0.0736539363764762,0.07365393637647626,0.06928203230275509,0.06928203230275509,1.0631029998458525,0.0031224268056504983,0.004225582695097438,0.4244270942042262,0.11967027185466217,0.304756822349564,0.44176061544951256,0.98046875,0.061279296875,0.00031250000000149214
0.02,1.0,0.02,256,49,0.07123903424387504,0.07123903424387514,0.06928203230275509,0.06928203230275509,1.0282468899377555,0.003145142099859208,0.004234413077533632,0.380267566530207,0.11783060884713925,0.26243695768306774,0.4231641621715254,0.96875,0.060546875,-0.004999999999999005
0.02,1.0,0.02,256,50,0.06568077986557425,0.0656807798655741,0.06928203230275509,0.06928203230275509,0.948020398399346,0.0026467725696524623,0.003962398868109824,0.386464038183561,0.1745002358104375,0.2119638023731235,0.436823983840249,0.984375,0.0615234375,-0.007812499999998224
0.02,1.0,0.02,512,1,0.07106335201775939,0.07106335201775951,0.06928203230275509,0.06928203230275509,1.025711135424263,0.003435232738776494,0.003730083504983629,0.31975589331158594,0.22289926979504604,0.0968566235165399,0.48425863472548225,0.947265625,0.118408203125,-0.0049999999999954525
0.02,1.0,0.02,512,2,0.06725650526157322,0.06725650526157322,0.06928203230275509,0.06928203230275509,0.9707640354380694,0.0028471195546613984,0.003700784756789623,0.3705849689176909,0.22900317566878892,0.14158179324890197,0.48738849104453075,0.943359375,0.117919921875,-0.0012499999999988631
0.02,1.0,0.02,512,3,0.06639558737926418,0.06639558737926408,0.06928203230275509,0.06928203230275509,0.9583377561605374,0.002972781917698196,0.003959509257330913,0.3256511580248975,0.17510223805602754,0.15054891996887,0.4337458846913726,0.927734375,0.115966796875,0.0020312499999981526
0.02,1.0,0.02,512,4,0.07007790725997395,0.0700779072599739,0.06928203230275509,0.06928203230275509,1.0114874655197899,0.003127863919552693,0.003915164523939889,0.36307894991882605,0.18434072417916414,0.17873822573966192,0.4582574534579101,0.93359375,0.11669921875,0.005156249999998863
0.02,1.0,0.02,512,5,0.06313428149587215,0.06313428149587207,0.06928203230275509,0.06928203230275509,0.9112648604183848,0.002884341672837205,0.003740152248355794,0.27637057208318117,0.22080161492585237,0.05556895715732879,0.4703184823199992,0.9453125,0.1181640625,0.0037499999999965894
0.02,1.0,0.02,512,6,0.06864747326695646,0.06864747326695649,0.06928203230275509,0.06928203230275509,0.9908409292466237,0.0031912812573499085,0.003912171014415742,0.32280152986404664,0.18496437199668492,0.13783715786736173,0.4460874763530477,0.9453125,0.1181640625,0.00015624999999630518
0.02,1.0,0.02,512,7,0.0678232998312528,0.06782329983125272,0.06928203230275509,0.06928203230275509,0.9789450103725627,0.003270836430040817,0.0036502422378114872,0.2889486021650407,0.23953286712256572,0.049415735042474984,0.49097164591880477,0.93359375,0.11669921875,-1.7763568394002505e-15
0.02,1.0,0.02,512,8,0.06804736832484788,0.06804736832484772,0.06928203230275509,0.06928203230275509,0.9821791604999135,0.003058385605430371,0.0037175225220525245,0.3395049408770908,0.22551614123904795,0.11398879963804287,0.48109969119352575,0.93359375,0.11669921875,0.0026562499999993605
0.02,1.0,0.02,512,9,0.07003887731779766,0.07003887731779747,0.06928203230275509,0.06928203230275509,1.0109241168292413,0.0033374402941098607,0.0037756808204749276,0.3196456700854524,0.2133998290676964,0.10624584101775603,0.4724367626323054,0.927734375,0.115966796875,-0.002656250000001137
0.02,1.0,0.02,512,10,0.06873579398683038,0.06873579398683038,0.06928203230275509,0.06928203230275509,0.9921157290314796,0.003100670311013682,0.003836346492179003,0.34371922313393577,0.20076114746268348,0.1429580756712523,0.4716117475301387,0.94921875,0.11865234375,0.0006249999999994316
0.02,1.0,0.02,512,11,0.06813198788702353,0.06813198788702354,0.06928203230275509,0.06928203230275509,0.9834005386749339,0.0030421953923750475,0.003815502439556179,0.34463237556640647,0.20510365842576384,0.13952871714064263,0.4668374551824314,0.9453125,0.1181640625,0.004531249999995879
0.02,1.0,0.02,512,12,0.07073208143233184,0.07073208143233178,0.06928203230275509,0.06928203230275509,1.020929656382483,0.0034377103136014444,0.003931673784781778,0.31287397061781563,0.1809012948371036,0.13197267578071203,0.4480033638179415,0.939453125,0.117431640625,-0.004687499999995737
0.02,1.0,0.02,512,13,0.06611720180860661,0.0661172018086065,0.06928203230275509,0.06928203230275509,0.954319606556596,0.00306521045128314,0.0038086743668828867,0.29881701766733626,0.20652617356603697,0.09229084410129929,0.4625466007654241,0.939453125,0.117431640625,0.0018749999999982947
0.02,1.0,0.02,512,14,0.06927075501248722,0.06927075501248724,0.06928203230275509,0.06928203230275509,0.9998372263357029,0.0032851789476363033,0.003651154947943915,0.3153648562399143,0.23934271917832672,0.07602213706158756,0.4939839201760484,0.9453125,0.1181640625,0.0012500000000024158
0.02,1.0,0.02,512,15,0.06962213161730635,0.06962213161730628,0.06928203230275509,0.06928203230275509,1.0049089107701843,0.0032858213918618363,0.0038567201884356535,0.3221254629442474,0.1965166274092195,0.12560883553502789,0.4566844332777496,0.931640625,0.116455078125,0.0039062499999964473
0.02,1.0,0.02,512,16,0.0691289273296645,0.06912892732966429,0.06928203230275509,0.06928203230275509,0.9977901200642969,0.0035001287527036706,0.003749542265740066,0.26757293496095746,0.2188453613041167,0.04872757365684077,0.47004247902273405,0.951171875,0.118896484375,-0.008437499999995879
0.02,1.0,0.02,512,17,0.06788500588080926,0.06788500588080922,0.06928203230275509,0.06928203230275509,0.9798356604806138,0.003104058271578547,0.003769356073531741,0.32643091559153603,0.2147174846808696,0.11171343091066643,0.47045187334327443,0.951171875,0.118896484375,-0.002031249999999929
0.02,1.0,0.02,512,18,0.0680373217318077,0.0680373217318077,0.06928203230275509,0.06928203230275509,0.9820341504200087,0.003207033731162912,0.0037417860701630503,0.3071980378971634,0.2204612353826796,0.08673680251448379,0.4726779672065541,0.919921875,0.114990234375,0.005781249999994742
0.02,1.0,0.02,512,19,0.07057226321960712,0.07057226321960695,0.06928203230275509,0.06928203230275509,1.0186228791790324,0.003472993506638311,0.00379742162210424,0.3026739639316587,0.20887049539492086,0.09380346853673782,0.46768826862765567,0.92578125,0.11572265625,0.002656250000001137
0.02,1.0,0.02,512,20,0.07068581452455648,0.07068581452455648,0.06928203230275509,0.06928203230275509,1.020261851091016,0.0033375524998795402,0.0036638650327086835,0.33201982646457495,0.23669478485231776,0.09532504161225719,0.49330558379128664,0.947265625,0.118408203125,-0.001875000000000071
0.02,1.0,0.02,512,21,0.06559523134344443,0.06559523134344433,0.06928203230275509,0.06928203230275509,0.9467856118423355,0.002881363765536946,0.0037157779467127975,0.3303412401475613,0.22587959443480188,0.1044616457127594,0.4859532601474316,0.939453125,0.117431640625,0.006874999999999076
0.02,1.0,0.02,512,22,0.07202413196934417,0.07202413196934418,0.06928203230275509,0.06928203230275509,1.0395787995162495,0.003408267961081312,0.003694576326452476,0.34298139728683585,0.23029659865570096,0.1126847986311349,0.4895394841543915,0.962890625,0.120361328125,0.0001562499999998579
0.02,1.0,0.02,512,23,0.07115107578903855,0.07115107578903848,0.06928203230275509,0.06928203230275509,1.0269773189983218,0.0034049471165689387,0.003960868975593414,0.3274146099534442,0.1748189634180054,0.15259564653543878,0.4348995599844357,0.94140625,0.11767578125,0.0001562500000034106
0.02,1.0,0.02,512,24,0.07035554238118001,0.07035554238118004,0.06928203230275509,0.06928203230275509,1.01549478331891,0.0033423224760802087,0.0036706743495788455,0.3247700168670232,0.23527617717104787,0.08949383969597535,0.49221103454424836,0.95703125,0.11962890625,-0.00031250000000149214
0.02,1.0,0.02,512,25,0.06783607741045689,0.06783607741045697,0.06928203230275509,0.06928203230275509,0.9791294388423893,0.0031991180309175454,0.00377617964942868,0.30480152718021736,0.2132959063690023,0.09150562081121505,0.46670000267492406,0.94140625,0.11767578125,0.003281249999998792
0.02,1.0,0.02,512,26,0.07061117121249319,0.07061117121249305,0.06928203230275509,0.06928203230275509,1.0191844676831925,0.0032403498731160664,0.003701331136724385,0.35010218777991864,0.22888934651572534,0.1212128412641933,0.49280182709988196,0.953125,0.119140625,-0.0037499999999965894
0.02,1.0,0.02,512,27,0.06745079224886814,0.06745079224886824,0.06928203230275509,0.06928203230275509,0.9735683265484386,0.0030858749998388807,0.003674195479884007,0.3217274835075503,0.23454260835747065,0.08718487515007967,0.49046176366365746,0.939453125,0.117431640625,0.0006250000000029843
0.02,1.0,0.02,512,28,0.07079470070872187,0.07079470070872189,0.06928203230275509,0.06928203230275509,1.021833487784489,0.003013074474192095,0.003742422343796044,0.39881468157794686,0.22032867837578984,0.17848600320215702,0.4909657495874496,0.94921875,0.11865234375,-0.0007812499999992895
0.02,1.0,0.02,512,29,0.07105716778587501,0.07105716778587519,0.06928203230275509,0.06928203230275509,1.0256218737256835,0.0032186799105765416,0.0037261608008654383,0.3625266950795184,0.22371649981968655,0.13881019525983185,0.4868204563089335,0.9453125,0.1181640625,-0.0009375000000009237
0.02,1.0,0.02,512,30,0.07167482314897956,0.07167482314897962,0.06928203230275509,0.06928203230275509,1.0345369609795543,0.0034063498193206182,0.0037416539313614916,0.3369351800926116,0.22048876429965758,0.116446415792954,0.48320209181163926,0.939453125,0.117431640625,0.0004687499999995737
0.02,1.0,0.02,512,31,0.0693720086629867,0.06937200866298669,0.06928203230275509,0.06928203230275509,1.0012986968950106,0.003117999004343785,0.0037221789539259873,0.3521008161672826,0.22454605126541172,0.1275547649018709,0.48924204387243575,0.919921875,0.114990234375,0.0001562499999998579
0.02,1.0,0.02,512,32,0.07268766122080164,0.07268766122080161,0.06928203230275509,0.06928203230275509,1.0491560193148537,0.0032418967885868145,0.0037710923008987852,0.38641067750163927,0.21435577064607247,0.1720549068555668,0.490289633010977,0.94140625,0.11767578125,-0.0040624999999980815
0.02,1.0,0.02,512,33,0.07070791592884058,0.07070791592884054,0.06928203230275509,0.06928203230275509,1.0205808573838384,0.0035935631015420713,0.0037707414229933116,0.28123122588110505,0.21442887020970225,0.0668023556714028,0.4692905984908792,0.953125,0.119140625,-0.0006249999999994316
0.02,1.0,0.02,512,34,0.0675925291729789,0.06759252917297887,0.06928203230275509,0.06928203230275509,0.975614122830675,0.0031651055821735625,0.0037911202699902734,0.3072272323559917,0.21018327708532214,0.09704395527066956,0.46714645124365073,0.9296875,0.1162109375,0.0024999999999995026
0.02,1.0,0.02,512,35,0.07034999000532974,0.07034999000532989,0.06928203230275509,0.06928203230275509,1.0154146416766152,0.003389503498404818,0.003901820312271211,0.315130215204222,0.18712076827681745,0.12800944692740457,0.4511882299255595,0.927734375,0.115966796875,-0.0009375000000009237
0.02,1.0,0.02,512,36,0.07050875388914497,0.07050875388914488,0.06928203230275509,0.06928203230275509,1.017706200953073,0.0034626147229544877,0.003730522723804919,0.30350485654408077,0.222807765873955,0.08069709067012576,0.47733236699373394,0.94921875,0.11865234375,0.0018749999999982947
0.02,1.0,0.02,512,37,0.07235977819203165,0.07235977819203163,0.06928203230275509,0.06928203230275509,1.0444234354417772,0.0033787453968423843,0.0037890578735150487,0.35470096867230105,0.2106129430176763,0.14408802565462475,0.4816600827392688,0.94140625,0.11767578125,-0.0037499999999965894
0.02,1.0,0.02,512,38,0.07168708451274555,0.0716870845127454,0.06928203230275509,0.06928203230275509,1.0347139385213273,0.0035222787068084223,0.0038326351953634616,0.314603502074287,0.20153433429924905,0.11306916777503795,0.463615158091976,0.939453125,0.117431640625,-0.004843749999995595
0.02,1.0,0.02,512,39,0.07025622748198211,0.07025622748198207,0.06928203230275509,0.06928203230275509,1.0140612962242488,0.0034141400365941114,0.003699294142563446,0.30830971085146397,0.2293137202992579,0.07899599055220607,0.487893153944557,0.9296875,0.1162109375,0.0037499999999965894
0.02,1.0,0.02,512,40,0.06824226575911359,0.06824226575911357,0.06928203230275509,0.06928203230275509,0.9849922626533553,0.003370005739781991,0.003691337782572329,0.2763580002124718,0.23097129529740046,0.04538670491507135,0.48486722060389914,0.947265625,0.118408203125,-0.0023437499999996447
0.02,1.0,0.02,512,41,0.06650892797211537,0.06650892797211534,0.06928203230275509,0.06928203230275509,0.959973686705356,0.0032795937943854367,0.003716301647633654,0.258587061671965,0.22577049007629735,0.03281657159566764,0.47634748226237794,0.94921875,0.11865234375,-0.0012499999999988631
0.02,1.0,0.02,512,42,0.07070446303982524,0.07070446303982526,0.06928203230275509,0.06928203230275509,1.0205310192237762,0.0034304886031608435,0.003832695277303903,0.31378165504938516,0.20152181722832796,0.1122598378210572,0.46141653917880243,0.947265625,0.118408203125,0.0009375000000027001
0.02,1.0,0.02,512,43,0.07070791592884056,0.07070791592884057,0.06928203230275509,0.06928203230275509,1.020580857383838,0.0032353825946526368,0.00373730393696135,0.35287292426667916,0.22139501313300003,0.13147791113367913,0.48620563860996574,0.943359375,0.117919921875,-0.0006249999999976552
0.02,1.0,0.02,512,44,0.07237040545649516,0.07237040545649516,0.06928203230275509,0.06928203230275509,1.0445768267917461,0.00364586613287234,0.0036902238012902237,0.303888662954076,0.2312033747311727,0.07268528822290332,0.48904855668231517,0.931640625,0.116455078125,-0.0001562499999998579
0.02,1.0,0.02,512,45,0.06736604184416663,0.06736604184416657,0.06928203230275509,0.06928203230275509,0.9723450598242299,0.0033223471028298807,0.003778129152345543,0.2679125834826457,0.21288975992799197,0.05502282355465371,0.46320466282419814,0.939453125,0.117431640625,-0.0034374999999968736
0.02,1.0,0.02,512,46,0.07079056230132302,0.07079056230132307,0.06928203230275509,0.06928203230275509,1.0217737550188455,0.003504323876992407,0.003881717929507581,0.30071612515841195,0.19130876468590008,0.10940736047251187,0.44736760839588663,0.935546875,0.116943359375,-0.0010937500000007816
0.02,1.0,0.02,512,47,0.06547434343647514,0.06547434343647515,0.06928203230275509,0.06928203230275509,0.9450407452015732,0.0030297400167008798,0.0039000147090779416,0.2932544886465246,0.1874969356087498,0.10575755303777479,0.4375798005939698,0.927734375,0.115966796875,-0.0007812500000028422
0.02,1.0,0.02,512,48,0.0682710590221068,0.06827105902210685,0.06928203230275509,0.06928203230275509,0.9854078576068547,0.0034144788745284816,0.003825006821254832,0.2674265907816863,0.20312357890522614,0.06430301187646015,0.4561603636717334,0.931640625,0.116455078125,0.006249999999997868
0.02,1.0,0.02,512,49,0.06704636338944857,0.06704636338944854,0.06928203230275509,0.06928203230275509,0.96773089877709,0.003135809622471201,0.003761731725115414,0.30241162403369015,0.2163058906009433,0.08610573343274686,0.4695207061501916,0.927734375,0.115966796875,0.0021874999999980105
0.02,1.0,0.02,512,50,0.06402437890171207,0.06402437890171228,0.06928203230275509,0.06928203230275509,0.9241123098400515,0.002919692202052106,0.003724357624158671,0.2877272626798473,0.22409216163358048,0.0636351010462668,0.4744781487350331,0.94921875,0.11865234375,0.0009374999999991473
0.02,1.0,0.02,1024,1,0.07088103479598734,0.07088103479598742,0.06928203230275509,0.06928203230275509,1.023079612997563,0.0036036934035256736,0.003661117002826224,0.2827216270705182,0.23726729107783184,0.045454335992686334,0.4893587324915288,0.88671875,0.2216796875,0.0009375000000009237
0.02,1.0,0.02,1024,2,0.07118790982926404,0.07118790982926404,0.06928203230275509,0.06928203230275509,1.02750897257431,0.003496118014976951,0.003644174540586578,0.31011992656366993,0.2407969707111034,0.06932295585256654,0.49533036762055044,0.8876953125,0.221923828125,-0.0010156249999990763
0.02,1.0,0.02,1024,3,0.07026300341173504,0.07026300341173507,0.06928203230275509,0.06928203230275509,1.0141590983459206,0.0033598581432122466,0.003741103360465876,0.319438273392311,0.2206034665696005,0.09883480682271051,0.47942706779269995,0.9013671875,0.225341796875,-0.0007812499999992895
0.02,1.0,0.02,1024,4,0.06814287143740246,0.06814287143740262,0.06928203230275509,0.06928203230275509,0.9835576291934592,0.0035366951154247794,0.0036951392426665,0.23834769216557827,0.23017932444445244,0.008168367721125835,0.4798028794983265,0.888671875,0.22216796875,0.0005468749999977263
0.02,1.0,0.02,1024,5,0.06769575203622433,0.06769575203622448,0.06928203230275509,0.06928203230275509,0.9771040165277067,0.0033428875798186563,0.0036214918924278956,0.2705442747811897,0.2455225224108245,0.02502175237036519,0.49613433759965764,0.890625,0.22265625,-0.0021874999999980105
0.02,1.0,0.02,1024,6,0.06782024005367045,0.06782024005367071,0.06928203230275509,0.06928203230275509,0.9789008462872918,0.003334423778696501,0.0036412095357352594,0.27505985713614156,0.24141468005512123,0.03364517708102033,0.49199091231875064,0.87109375,0.2177734375,0.0035937499999967315
0.02,1.0,0.02,1024,7,0.06898539247550906,0.068985392475509,0.06928203230275509,0.06928203230275509,0.9957183728971785,0.0032109582012789495,0.0036371254967883016,0.32528498766526426,0.24226552150240888,0.08301946616285538,0.49606751592573556,0.8818359375,0.220458984375,0.0018749999999982947
0.02,1.0,0.02,1024,8,0.06773933084522853,0.06773933084522897,0.06928203230275509,0.06928203230275509,0.9777330224554452,0.00350018681660449,0.0036245613245899336,0.23720222023110193,0.24488305737707128,-0.007680837145969344,0.49508123483067945,0.8720703125,0.218017578125,-0.0022656249999979394
0.02,1.0,0.02,1024,9,0.06987275684011243,0.06987275684011257,0.06928203230275509,0.06928203230275509,1.0085263742665045,0.0034144689280492893,0.0036786307160232225,0.30062934220328064,0.23361860082846486,0.06701074137481577,0.4897072299868258,0.8916015625,0.222900390625,-0.004218749999996163
0.02,1.0,0.02,1024,10,0.06878297327180187,0.06878297327180191,0.06928203230275509,0.06928203230275509,0.9927967033534411,0.003267540211333714,0.003662295760957267,0.30934835478755407,0.23702171646720593,0.07232663832034814,0.49128917208637013,0.88671875,0.2216796875,0.0003906250000014211
0.02,1.0,0.02,1024,11,0.06841604793638979,0.06841604793638979,0.06928203230275509,0.06928203230275509,0.9875005923241247,0.003254197829581162,0.003647320496590723,0.3047708325147821,0.2401415632102325,0.0646292693045496,0.4936925883970481,0.8974609375,0.224365234375,0.0007031249999993605
0.02,1.0,0.02,1024,12,0.0671285624491124,0.06712856244911243,0.06928203230275509,0.06928203230275509,0.9689173400076913,0.003197236291366512,0.0036435737334217224,0.2904875180278451,0.24092213887045233,0.049565379157392786,0.4912384164751805,0.890625,0.22265625,-7.812499999815259e-5
0.02,1.0,0.02,1024,13,0.07231788650800298,0.07231788650800292,0.06928203230275509,0.06928203230275509,1.0438187810655082,0.003574905736311405,0.00366800420941715,0.3164455043136897,0.2358324563714319,0.08061304794225777,0.4945424213124759,0.890625,0.22265625,-0.0011718749999989342
0.02,1.0,0.02,1024,14,0.0700445850618333,0.07004458506183335,0.06928203230275509,0.06928203230275509,1.0110065010181273,0.003443869847364374,0.0036669623008001827,0.2980638712575835,0.2360495206665898,0.062014350590993694,0.4899459521775583,0.875,0.21875,7.812499999815259e-5
0.02,1.0,0.02,1024,15,0.06820876265359475,0.0682087626535943,0.06928203230275509,0.06928203230275509,0.9845086869786056,0.003249294023320871,0.0037385381888932626,0.3015928622562094,0.22113787731387702,0.08045498494233239,0.475647836903235,0.88671875,0.2216796875,-0.0019531249999982236
0.02,1.0,0.02,1024,16,0.06901365460171165,0.06901365460171184,0.06928203230275509,0.06928203230275509,0.9961263015514519,0.0031882485354308506,0.0036921982209716722,0.33060553514381386,0.23079203729754516,0.0998134978462687,0.4882412477495141,0.876953125,0.21923828125,-0.0024218749999977973
0.02,1.0,0.02,1024,17,0.07273596937028023,0.07273596937028043,0.06928203230275509,0.06928203230275509,1.0498532873924917,0.003471077450287741,0.0036658716338411833,0.3439063387761825,0.23627674294971968,0.10762959582646281,0.494712680825153,0.869140625,0.21728515625,-0.0017968749999983658
0.02,1.0,0.02,1024,18,0.0673996921792632,0.06739969217926292,0.06928203230275509,0.06928203230275509,0.972830760574888,0.0031726546545348838,0.0036351301927727933,0.3015955863338976,0.24268120983897212,0.05891437649492548,0.49547376429577183,0.884765625,0.22119140625,-0.0010156249999990763
0.02,1.0,0.02,1024,19,0.07066608145609424,0.07066608145609425,0.06928203230275509,0.06928203230275509,1.0199770287813008,0.003563750042903268,0.003644757985953187,0.28635008863804745,0.24067541959307737,0.045674669044970084,0.4936826086253826,0.8818359375,0.220458984375,-0.00023437499999978684
0.02,1.0,0.02,1024,20,0.0679537968465297,0.06795379684652951,0.06928203230275509,0.06928203230275509,0.9808285725450266,0.0031745679514802705,0.0036663199923633225,0.312524583849779,0.23618333492427457,0.07634124892550442,0.49040806279143667,0.8779296875,0.219482421875,-0.0010156249999990763
0.02,1.0,0.02,1024,21,0.0686931583201709,0.06869315832017087,0.06928203230275509,0.06928203230275509,0.9915003361909062,0.003466801958297917,0.0036410246529767548,0.26531349228124557,0.2414531972964915,0.02386029498475406,0.4924571437646718,0.8779296875,0.219482421875,0.0024999999999995026
0.02,1.0,0.02,1024,22,0.06839998793573983,0.06839998793573983,0.06928203230275509,0.06928203230275509,0.9872687861816636,0.0033560982986105994,0.0036534577516252925,0.28266400719554485,0.23886296841138088,0.04380103878416397,0.489855990646471,0.8671875,0.216796875,0.0016406250000002842
0.02,1.0,0.02,1024,23,0.06659971817460986,0.06659971817460987,0.06928203230275509,0.06928203230275509,0.9612841304016053,0.00312065506179555,0.0036371869910550585,0.29644025269212815,0.2422527101968478,0.05418754249528035,0.49430713427408873,0.88671875,0.2216796875,-0.001406249999998721
0.02,1.0,0.02,1024,24,0.07053086750837843,0.07053086750837852,0.06928203230275509,0.06928203230275509,1.018025383553503,0.003690804092517945,0.0037430466593111776,0.2580706659213464,0.2201986126434894,0.03787205327785703,0.47191715515118127,0.875,0.21875,-0.0025781249999994316
0.02,1.0,0.02,1024,25,0.06904018127771225,0.06904018127771212,0.06928203230275509,0.06928203230275509,0.9965091811396932,0.0034762461732990553,0.0036374880781492587,0.27069922052302897,0.24218998371887557,0.028509236804153404,0.4930969927440165,0.884765625,0.22119140625,0.0014843749999968736
0.02,1.0,0.02,1024,26,0.07053852559949053,0.07053852559949038,0.06928203230275509,0.06928203230275509,1.018135918577629,0.0034742568441284956,0.0036459973783647534,0.3017528589453379,0.24041721284065398,0.061335646104683894,0.49416808101035475,0.8896484375,0.222412109375,-0.00343749999999865
0.02,1.0,0.02,1024,27,0.07132602851519276,0.07132602851519243,0.06928203230275509,0.06928203230275509,1.0295025440868366,0.003442918844254455,0.0036750411160700516,0.3232462047189688,0.2343664341520476,0.0888797705669212,0.4917022397301545,0.8837890625,0.220947265625,-0.0003124999999997158
0.02,1.0,0.02,1024,28,0.06868564992674546,0.06868564992674532,0.06928203230275509,0.06928203230275509,0.9913919618667723,0.0034479757118684395,0.0036557926546130605,0.2691433989573454,0.23837653028892902,0.03076686866841638,0.489628559979762,0.9033203125,0.225830078125,-0.0010156249999990763
0.02,1.0,0.02,1024,29,0.06927568905287025,0.06927568905287036,0.06928203230275509,0.06928203230275509,0.9999084430742863,0.003249654357057657,0.0036709192137146006,0.32286468843435423,0.2352251638094358,0.08763952462491842,0.48920962583727656,0.8740234375,0.218505859375,-0.0009375000000009237
0.02,1.0,0.02,1024,30,0.06831820188635225,0.06831820188635225,0.06928203230275509,0.06928203230275509,0.9860883062409168,0.0034004528727812466,0.0036371272848739096,0.27144237870587884,0.2422651489845733,0.029177229721305542,0.4932784798423136,0.890625,0.22265625,0.0011718749999989342
0.02,1.0,0.02,1024,31,0.06903757327309172,0.0690375732730915,0.06928203230275509,0.06928203230275509,0.9964715378354504,0.0035011665135534437,0.003632869420502857,0.2654155483977312,0.24315220406188287,0.022263344335848312,0.4937609282432852,0.8876953125,0.221923828125,0.0029687499999990763
0.02,1.0,0.02,1024,32,0.0697314533473776,0.0697314533473776,0.06928203230275509,0.06928203230275509,1.0064868340273072,0.003484178823044706,0.0036602089837943653,0.28345577032384284,0.2374564617094731,0.04599930861436974,0.493037225462669,0.888671875,0.22216796875,-0.0001562499999998579
0.02,1.0,0.02,1024,33,0.07037770414154147,0.07037770414154168,0.06928203230275509,0.06928203230275509,1.0158146607766703,0.0035261815370535173,0.0036655971486923514,0.28807461829364955,0.23633392735573489,0.05174069093791467,0.4903871999607837,0.8837890625,0.220947265625,-0.0017968749999983658
0.02,1.0,0.02,1024,34,0.06744916343764022,0.06744916343764022,0.06928203230275509,0.06928203230275509,0.9735448166834162,0.0032443453561907675,0.003639778673711411,0.28686140187947073,0.2417127763100979,0.045148625569372824,0.4922886070438563,0.8857421875,0.221435546875,-0.0007812499999992895
0.02,1.0,0.02,1024,35,0.06552107656784485,0.06552107656784478,0.06928203230275509,0.06928203230275509,0.9457152798509827,0.0032259492074257503,0.003726813186976526,0.24855798161609166,0.2235805860465282,0.024977395569563465,0.4730397187646431,0.87890625,0.2197265625,-0.0008593749999992184
0.02,1.0,0.02,1024,36,0.06949977342307942,0.06949977342307964,0.06928203230275509,0.06928203230275509,1.0031428223608225,0.0034129970261539385,0.0036491867911281083,0.29340732266796554,0.23975275184827527,0.05365457081969027,0.49210925768153563,0.908203125,0.22705078125,-0.0010156249999973
0.02,1.0,0.02,1024,37,0.06700174175674437,0.06700174175674437,0.06928203230275509,0.06928203230275509,0.9670868409857537,0.0032313670974704355,0.003628610393727325,0.2801962360444086,0.2440395013067852,0.036156734737623375,0.4947592813594685,0.90625,0.2265625,-0.0032812499999970157
0.02,1.0,0.02,1024,38,0.06731415206596147,0.06731415206596128,0.06928203230275509,0.06928203230275509,0.9715960953888565,0.0034139103850750266,0.0036326992687815878,0.24657616068797394,0.24318765233714879,0.003388508350825159,0.49349957546665,0.88671875,0.2216796875,0.0002343750000015632
0.02,1.0,0.02,1024,39,0.06907270675425534,0.06907270675425574,0.06928203230275509,0.06928203230275509,0.996978645955635,0.0034355869907932404,0.003724651911450621,0.2799079777819501,0.22403085178108173,0.05587712600086836,0.47607855548970646,0.8955078125,0.223876953125,0.004765624999997442
0.02,1.0,0.02,1024,40,0.06802745309799603,0.06802745309799625,0.06928203230275509,0.06928203230275509,0.9818917089603162,0.003356309039056318,0.003635543842248334,0.2747403443923334,0.2425950328649107,0.032145311527422726,0.49335382610812517,0.876953125,0.21923828125,0.003124999999998934
0.02,1.0,0.02,1024,41,0.06982919835827534,0.06982919835827554,0.06928203230275509,0.06928203230275509,1.007897661736151,0.0034313105214840113,0.0036337323585911045,0.2963026602229075,0.2429724252934914,0.05333023492941613,0.4953541122149544,0.884765625,0.22119140625,-0.0022656249999997158
0.02,1.0,0.02,1024,42,0.06996581196377244,0.06996581196377266,0.06928203230275509,0.06928203230275509,1.009869509283869,0.0033946344084006463,0.003653873720933673,0.3065402608968687,0.23877630813877915,0.06776395275808955,0.4924265065100139,0.9033203125,0.225830078125,-0.0021874999999980105
0.02,1.0,0.02,1024,43,0.06999720976581827,0.0699972097658183,0.06928203230275509,0.06928203230275509,1.0103226975204471,0.0035325403658430943,0.003652071896777566,0.27901591831632155,0.23915168817131482,0.03986423014500673,0.4907326070593724,0.8896484375,0.222412109375,0.0006250000000012079
0.02,1.0,0.02,1024,44,0.06883446515917747,0.06883446515917709,0.06928203230275509,0.06928203230275509,0.9935399247293758,0.0032762784667791623,0.0036407102587445615,0.30853703704076996,0.24151869609486099,0.06701834094590897,0.495819776748954,0.869140625,0.21728515625,-0.0034374999999968736
0.02,1.0,0.02,1024,45,0.07050875388914493,0.07050875388914501,0.06928203230275509,0.06928203230275509,1.0177062009530724,0.003333404942289635,0.003647510900651474,0.3294950379302719,0.24010189569758378,0.08939314223268813,0.49526535439033637,0.88671875,0.2216796875,0.0018749999999982947
0.02,1.0,0.02,1024,46,0.07066435401059301,0.07066435401059283,0.06928203230275509,0.06928203230275509,1.0199520952531722,0.0035223089133246625,0.0036611169195703147,0.29461429294093544,0.23726730842283217,0.05734698451810327,0.4912565495563925,0.8955078125,0.223876953125,0.000546875000001279
0.02,1.0,0.02,1024,47,0.07038533553933236,0.07038533553933204,0.06928203230275509,0.06928203230275509,1.0159248105158918,0.003445084680059715,0.0037576423447890353,0.3045986480111158,0.21715784483559675,0.08744080317551906,0.4721418398802797,0.8876953125,0.221923828125,0.0038281249999965183
0.02,1.0,0.02,1024,48,0.06693188111045718,0.06693188111045721,0.06928203230275509,0.06928203230275509,0.966078489412262,0.0031834047363602917,0.003667799201372905,0.2893990296706196,0.23587516638061212,0.05352386329000747,0.4866339020855854,0.88671875,0.2216796875,-0.0011718749999989342
0.02,1.0,0.02,1024,49,0.06790635606008746,0.06790635606008731,0.06928203230275509,0.06928203230275509,0.9801438237744518,0.0033334559759901693,0.003638908537317735,0.27710724647790497,0.24189405472546333,0.03521319175244164,0.49256672250104416,0.890625,0.22265625,-0.002734374999997513
0.02,1.0,0.02,1024,50,0.06689471088023372,0.06689471088023353,0.06928203230275509,0.06928203230275509,0.9655419833516281,0.003197984466153381,0.0036479882298417455,0.28535100422472626,0.24000245211629334,0.045348552108432916,0.491158521638336,0.85546875,0.2138671875,-0.0003124999999979394
0.05,1.0,0.05,32,1,0.15194057226428975,0.15194057226428986,0.17320508075688776,0.17320508075688776,0.8772293029761346,0.005208333333333309,0.047165798611111,0.7743936830231246,-0.5721932870369719,1.3465869700600965,0.1258127598989527,1.0,0.0078125,-0.05624999999999858
0.05,1.0,0.05,32,2,0.16851835953390923,0.1685183595339092,0.17320508075688776,0.17320508075688776,0.9729412024029661,0.002916666666666646,0.05377170138888882,0.8972948188904175,-0.7923900462962403,1.6896848651866578,0.2167297619627001,1.0,0.0078125,0.018749999999998934
0.05,1.0,0.05,32,3,0.192028643696715,0.19202864369671496,0.17320508075688776,0.17320508075688776,1.108677891304171,0.007249999999999998,0.042849999999999944,0.8033898305084741,-0.4283333333332784,1.2317231638417525,0.2724746304565341,1.0,0.0078125,0.025000000000000355
0.05,1.0,0.05,32,4,0.18189540263569046,0.18189540263569043,0.17320508075688776,0.17320508075688776,1.0501735967607122,0.004635416666666686,0.04763237847222214,0.8598976780794954,-0.5877459490739629,1.4476436271534583,0.10079552395530035,1.0,0.0078125,-0.0562499999999968
0.05,1.0,0.05,32,5,0.14563975247163752,0.14563975247163752,0.17320508075688776,0.17320508075688776,0.8408515029421038,0.0026041666666666487,0.046475694444444285,0.8772252915899325,-0.549189814814748,1.4264151064046806,0.17899210357573825,1.0,0.0078125,-0.006249999999999645
0.05,1.0,0.05,32,6,0.15296547813150485,0.15296547813150485,0.17320508075688776,0.17320508075688776,0.8831465997594412,0.0028124999999999973,0.04351562499999992,0.8797996661101832,-0.45052083333326665,1.3303204994434499,0.08867576348258992,1.0,0.0078125,-0.018749999999998934
0.05,1.0,0.05,32,7,0.16758859597239883,0.16758859597239883,0.17320508075688776,0.17320508075688776,0.9675732099777589,0.0014583333333333228,0.062269965277777756,0.9480760315252669,-1.075665509259153,2.0237415407844197,0.14043735340401742,1.0,0.0078125,0.0562499999999968
0.05,1.0,0.05,32,8,0.18708286933869675,0.18708286933869675,0.17320508075688776,0.17320508075688776,1.0801234497346412,0.003916666666666668,0.055127777777777706,0.8880952380952377,-0.8375925925924608,1.7256878306876984,0.09522464732850557,1.0,0.0078125,0.0
0.05,1.0,0.05,32,9,0.18275239396516782,0.18275239396516776,0.17320508075688776,0.17320508075688776,1.0551214385083816,0.005416666666666656,0.04885503472222217,0.8378167641325533,-0.6285011574073567,1.46631792153991,0.14653384475041334,1.0,0.0078125,0.01875000000000071
0.05,1.0,0.05,32,10,0.18998355191963304,0.18998355191963304,0.17320508075688776,0.17320508075688776,1.0968705484240135,0.008083333333333286,0.06597152777777776,0.7760461760461768,-1.199050925925837,1.9750971019720138,0.12634571098431502,0.96875,0.007568359375,0.062499999999998224
0.05,1.0,0.05,32,11,0.18666480653835066,0.1866648065383507,0.17320508075688776,0.17320508075688776,1.0777097630314616,0.005583333333333305,0.06074236111111103,0.8397608370702545,-1.024745370370319,1.8645062074405736,0.12964741513148056,1.0,0.0078125,-0.01249999999999929
0.05,1.0,0.05,32,12,0.16909686573085803,0.16909686573085805,0.17320508075688776,0.17320508075688776,0.9762812094883286,0.0035416666666666517,0.05251736111111095,0.8761384335154825,-0.7505787037036624,1.626717137219145,0.15546219525031435,1.0,0.0078125,0.03749999999999787
0.05,1.0,0.05,32,13,0.17853571071357097,0.17853571071357102,0.17320508075688776,0.17320508075688776,1.0307764064044134,0.004645833333333311,0.06046111111111108,0.8542483660130722,-1.0153703703702974,1.8696187363833696,0.11263018301712023,1.0,0.0078125,-0.02499999999999858
0.05,1.0,0.05,32,14,0.189468829890301,0.18946882989030103,0.17320508075688776,0.17320508075688776,1.0938987994020868,0.0023958333333333162,0.08225694444444441,0.9332607907145449,-1.7418981481480982,2.6751589388626433,0.07247712801538571,1.0,0.0078125,0.018749999999998934
0.05,1.0,0.05,32,15,0.16909686573085814,0.16909686573085814,0.17320508075688776,0.17320508075688776,0.9762812094883293,0.005416666666666629,0.05446180555555548,0.8105646630236798,-0.8153935185184189,1.6259581815420987,0.294401841473838,1.0,0.0078125,-0.062499999999998224
0.05,1.0,0.05,32,16,0.1685183595339092,0.1685183595339092,0.17320508075688776,0.17320508075688776,0.972941202402966,0.0029583333333333124,0.052628298611111,0.8958276020174235,-0.7542766203702929,1.6501042223877165,0.11924268690676161,0.96875,0.007568359375,-0.018749999999998934
0.05,1.0,0.05,32,17,0.18027756377319898,0.18027756377319892,0.17320508075688776,0.17320508075688776,1.0408329997330634,0.005416666666666628,0.05722222222222209,0.8333333333333335,-0.9074074074073055,1.740740740740639,0.08289701311302175,1.0,0.0078125,-1.7763568394002505e-15
0.05,1.0,0.05,32,18,0.22220486043288967,0.2222048604328897,0.17320508075688776,0.17320508075688776,1.2829003598617206,0.005208333333333329,0.06715277777777778,0.8945147679324895,-1.2384259259258434,2.132940693858333,0.24990005996002837,0.96875,0.007568359375,0.024999999999996803
0.05,1.0,0.05,32,19,0.18540496217739125,0.18540496217739127,0.17320508075688776,0.17320508075688776,1.070436048222092,0.006249999999999965,0.05062499999999999,0.8181818181818186,-0.6874999999999507,1.5056818181817693,0.21416833017388534,1.0,0.0078125,-0.02499999999999858
0.05,1.0,0.05,32,20,0.1434780035406119,0.14347800354061196,0.17320508075688776,0.17320508075688776,0.8283706396696235,0.0023958333333333162,0.049652777777777615,0.883617963314358,-0.6550925925925211,1.5387105559068792,0.09742091997665224,1.0,0.0078125,0.05624999999999858
0.05,1.0,0.05,32,21,0.18275239396516765,0.18275239396516768,0.17320508075688776,0.17320508075688776,1.0551214385083807,0.0012499999999999911,0.07378906249999995,0.9625730994152047,-1.459635416666583,2.422208516081788,0.08224396186997111,1.0,0.0078125,0.018749999999998934
0.05,1.0,0.05,32,22,0.16665364532466692,0.16665364532466692,0.17320508075688776,0.17320508075688776,0.9621752698962884,0.004749999999999982,0.042295312499999946,0.8289732770745428,-0.40984374999995143,1.2388170270744943,0.14797082142033266,1.0,0.0078125,0.03125
0.05,1.0,0.05,32,23,0.18998355191963306,0.18998355191963306,0.17320508075688776,0.17320508075688776,1.0968705484240138,0.004270833333333319,0.06699652777777773,0.8816738816738818,-1.2332175925925077,2.11489147426639,0.10968809159674937,1.0,0.0078125,0.037499999999999645
0.05,1.0,0.05,32,24,0.16944302139657397,0.169443021396574,0.17320508075688776,0.17320508075688776,0.9782797401561548,0.003124999999999977,0.0395963541666666,0.8911564625850342,-0.3198784722221639,1.211034934807198,0.2875077620926013,1.0,0.0078125,0.006250000000001421
0.05,1.0,0.05,32,25,0.19364916731037052,0.19364916731037052,0.17320508075688776,0.17320508075688776,1.1180339887498927,0.011291666666666644,0.04624722222222213,0.6988888888888884,-0.5415740740740216,1.24046296296291,0.2628326758706337,1.0,0.0078125,0.05000000000000071
0.05,1.0,0.05,32,26,0.16153559979150084,0.1615355997915008,0.17320508075688776,0.17320508075688776,0.9326262202333065,0.00229166666666665,0.06815972222222219,0.9121756487025952,-1.2719907407406934,2.1841663894432886,0.04493274109308812,1.0,0.0078125,0.037499999999999645
0.05,1.0,0.05,32,27,0.1576190026614807,0.1576190026614807,0.17320508075688776,0.17320508075688776,0.9100137361600621,0.0041249999999999854,0.04309999999999987,0.8339622641509431,-0.43666666666661724,1.2706289308175602,0.1926666730957936,1.0,0.0078125,-0.01249999999999929
0.05,1.0,0.05,32,28,0.1739926363384379,0.1739926363384379,0.17320508075688776,0.17320508075688776,1.0045469542700975,0.0030208333333333285,0.06621527777777773,0.9002150537634407,-1.207175925925847,2.1073909796892876,0.12630075490858808,0.96875,0.007568359375,-0.031250000000001776
0.05,1.0,0.05,32,29,0.15612494995995968,0.15612494995995968,0.17320508075688776,0.17320508075688776,0.9013878188659956,0.004687499999999966,0.04062499999999994,0.8076923076923084,-0.35416666666661856,1.161858974358927,0.2665468340041072,1.0,0.0078125,-0.025000000000000355
0.05,1.0,0.05,32,30,0.16944302139657427,0.16944302139657427,0.17320508075688776,0.17320508075688776,0.9782797401561566,0.002916666666666661,0.05168836805555546,0.8984126984126983,-0.7229456018517835,1.6213583002644818,0.12211584951084141,1.0,0.0078125,0.006249999999999645
0.05,1.0,0.05,32,31,0.19029171684547871,0.19029171684547874,0.17320508075688776,0.17320508075688776,1.0986497394529315,0.004999999999999979,0.049605034722222136,0.8619201725997843,-0.6535011574073579,1.5154213300071422,0.17366136762138776,1.0,0.0078125,0.006249999999999645
0.05,1.0,0.05,32,32,0.1628601777599419,0.16286017775994197,0.17320508075688776,0.17320508075688776,0.9402736746997274,0.004729166666666647,0.03487743055555549,0.8216985763377517,-0.16258101851848017,0.9842795948562318,0.32861285208089314,1.0,0.0078125,0.06874999999999787
0.05,1.0,0.05,32,33,0.20068242947502862,0.20068242947502862,0.17320508075688776,0.17320508075688776,1.1586405467903584,0.003958333333333316,0.07159288194444434,0.9017135467183964,-1.3864293981480609,2.288142944866457,0.03167990430148974,1.0,0.0078125,0.031249999999996447
0.05,1.0,0.05,32,34,0.18708286933869678,0.18708286933869675,0.17320508075688776,0.17320508075688776,1.0801234497346415,0.004744047619047613,0.07167352607709754,0.8644557823129249,-1.3891175359031602,2.253573318216085,0.2050261001401437,1.0,0.0078125,-1.7763568394002505e-15
0.05,1.0,0.05,32,35,0.20223362109204276,0.2022336210920428,0.17320508075688776,0.17320508075688776,1.1675963557668365,0.007708333333333301,0.06943142361111113,0.8115249920407519,-1.3143807870369288,2.125905779077681,0.15713734814139615,1.0,0.0078125,-0.018749999999998934
0.05,1.0,0.05,32,36,0.15612494995995954,0.1561249499599595,0.17320508075688776,0.17320508075688776,0.9013878188659948,0.0006249999999999956,0.0684374999999999,0.9743589743589745,-1.2812499999999436,2.255608974358918,0.03792534159923837,1.0,0.0078125,-0.02499999999999858
0.05,1.0,0.05,32,37,0.14086784586980755,0.14086784586980758,0.17320508075688776,0.17320508075688776,0.8133008873309608,0.0033333333333333097,0.032777777777777725,0.8320209973753281,-0.09259259259258035,0.9246135899679084,0.27828933949617113,1.0,0.0078125,-0.01249999999999929
0.05,1.0,0.05,32,38,0.1639359631075498,0.16393596310754985,0.17320508075688776,0.17320508075688776,0.9464847243000442,0.0027499999999999803,0.06890000000000002,0.8976744186046517,-1.2966666666665674,2.194341085271219,0.17474852861636347,1.0,0.0078125,0.02499999999999858
0.05,1.0,0.05,32,39,0.18275239396516782,0.18275239396516785,0.17320508075688776,0.17320508075688776,1.0551214385083816,0.0020833333333333294,0.05719184027777771,0.9376218323586745,-0.9063946759258563,1.8440165082845308,0.2126643615025011,1.0,0.0078125,0.018749999999998934
0.05,1.0,0.05,32,40,0.17139136501002572,0.17139136501002575,0.17320508075688776,0.17320508075688776,0.9895285072531574,0.003541666666666664,0.042222222222222126,0.8794326241134748,-0.40740740740734904,1.286840031520824,0.1868781077395591,1.0,0.0078125,0.025000000000000355
0.05,1.0,0.05,32,41,0.15761900266148068,0.15761900266148074,0.17320508075688776,0.17320508075688776,0.910013736160062,0.002976190476190455,0.05072952097505655,0.8802036537885597,-0.690984032501859,1.5711876862904188,0.16713602217613915,1.0,0.0078125,0.01249999999999929
0.05,1.0,0.05,32,42,0.1727534370135653,0.17275343701356533,0.17320508075688776,0.17320508075688776,0.9973924336321497,0.003437499999999991,0.049348958333333234,0.8848167539267014,-0.6449652777777393,1.5297820317044408,0.18853166089465284,1.0,0.0078125,-0.01249999999999929
0.05,1.0,0.05,32,43,0.16535945694153648,0.16535945694153645,0.17320508075688776,0.17320508075688776,0.954703269782464,0.006666666666666635,0.04592013888888877,0.7561904761904761,-0.5306712962962459,1.286861772486722,0.10563557931773053,0.96875,0.007568359375,0.012499999999997513
0.05,1.0,0.05,32,44,0.16944302139657408,0.169443021396574,0.17320508075688776,0.17320508075688776,0.9782797401561555,0.004791666666666654,0.039370659722222104,0.8331065759637183,-0.31235532407401045,1.1454619000377289,0.2957527297905777,0.96875,0.007568359375,-0.0062500000000031974
0.05,1.0,0.05,32,45,0.16944302139657413,0.16944302139657416,0.17320508075688776,0.17320508075688776,0.9782797401561558,0.0026041666666666626,0.05336805555555549,0.9092970521541948,-0.7789351851851638,1.6882322373393586,0.22205180106738218,1.0,0.0078125,-0.006249999999997868
0.05,1.0,0.05,32,46,0.16665364532466695,0.16665364532466692,0.17320508075688776,0.17320508075688776,0.9621752698962887,0.0027083333333333143,0.05021267361111108,0.9024847632442572,-0.6737557870370015,1.5762405502812586,0.1824508183038235,1.0,0.0078125,0.031249999999998224
0.05,1.0,0.05,32,47,0.12975337182516652,0.12975337182516655,0.17320508075688776,0.17320508075688776,0.7491314415152148,0.002749999999999991,0.04362656249999991,0.836658932714617,-0.4542187499999337,1.2908776827145507,0.13226800072792855,1.0,0.0078125,-0.04374999999999929
0.05,1.0,0.05,32,48,0.16535945694153642,0.16535945694153645,0.17320508075688776,0.17320508075688776,0.9547032697824637,0.003556547619047594,0.06704063917233549,0.8699319727891158,-1.2346879724110953,2.104619945200211,0.0492943813715813,1.0,0.0078125,-0.01249999999999929
0.05,1.0,0.05,32,49,0.1609299148697964,0.16092991486979638,0.17320508075688776,0.17320508075688776,0.929129296707405,0.0052083333333332975,0.05542968749999995,0.7988939165409761,-0.847656249999946,1.6465501665409221,0.16477696084253435,1.0,0.0078125,-0.018749999999998934
0.05,1.0,0.05,32,50,0.166653645324667,0.16665364532466695,0.17320508075688776,0.17320508075688776,0.962175269896289,0.003291666666666654,0.04817899305555554,0.8814814814814814,-0.6059664351851608,1.4874479166666421,0.1771949877752789,1.0,0.0078125,-0.031249999999998224
0.05,1.0,0.05,64,1,0.17630650689920627,0.17630650689920624,0.17320508075688776,0.17320508075688776,1.0179060921813934,0.007552083333333299,0.04245828993055548,0.7570426222641115,-0.4152763310184302,1.1723189532825415,0.2747979264841015,1.0,0.015625,0.028125000000001066
0.05,1.0,0.05,64,2,0.17113476962616309,0.17113476962616295,0.17320508075688776,0.17320508075688776,0.9880470531136983,0.009308035714285672,0.053923588966836675,0.6821797742104512,-0.7974529655611631,1.4796327397716142,0.09193104635760027,0.984375,0.015380859375,-0.009375000000002132
0.05,1.0,0.05,64,3,0.18663864652048864,0.18663864652048856,0.17320508075688776,0.17320508075688776,1.077558728097915,0.008949900793650756,0.06837736392589437,0.7430698510597586,-1.2792454641963507,2.022315315256109,0.24322665200427615,0.953125,0.014892578125,-0.02812500000000462
0.05,1.0,0.05,64,4,0.19820976104874322,0.19820976104874322,0.17320508075688776,0.17320508075688776,1.1443645889750327,0.012645833333333299,0.037659592013888826,0.6781174910928826,-0.2553197337962694,0.9334372248891519,0.3672635367126994,0.984375,0.015380859375,0.009375000000000355
0.05,1.0,0.05,64,5,0.1609299148697963,0.16092991486979624,0.17320508075688776,0.17320508075688776,0.9291292967074044,0.009794642857142816,0.04337873086734688,0.6218056453350568,-0.44595769557816634,1.0677633409132232,0.22974028664896484,0.96875,0.01513671875,0.018749999999997158
0.05,1.0,0.05,64,6,0.17309228030157744,0.17309228030157753,0.17320508075688776,0.17320508075688776,0.9993487462676188,0.008436011904761877,0.041793707482993145,0.7184329794499285,-0.3931235827664148,1.1115565622163432,0.3240928989195579,0.984375,0.015380859375,-0.006249999999999645
0.05,1.0,0.05,64,7,0.14276154725625476,0.1427615472562548,0.17320508075688776,0.17320508075688776,0.8242341773832615,0.006874999999999959,0.03428059895833329,0.6626736942980354,-0.14268663194440268,0.805360326242438,0.20059523941139762,1.0,0.015625,-0.015625000000001776
0.05,1.0,0.05,64,8,0.15177980555726067,0.1517798055572607,0.17320508075688776,0.17320508075688776,0.8763011159603349,0.0052604166666666285,0.035822699652777734,0.7716546559276533,-0.19408998842586955,0.9657446443535228,0.34095897945521686,0.984375,0.015380859375,0.009374999999996803
0.05,1.0,0.05,64,9,0.1902917168454787,0.19029171684547863,0.17320508075688776,0.17320508075688776,1.0986497394529315,0.013965773809523753,0.03468845663265301,0.6143216725740994,-0.15628188775504492,0.7706035603291443,0.32278180033331844,1.0,0.015625,-0.006249999999999645
0.05,1.0,0.05,64,10,0.17430105959230394,0.1743010595923039,0.17320508075688776,0.17320508075688776,1.0063276367565366,0.010314732142857106,0.03859385097789107,0.6604858336777332,-0.28646169926299403,0.9469475329407272,0.29438928331518044,1.0,0.015625,0.015624999999998224
0.05,1.0,0.05,64,11,0.1481329111811413,0.1481329111811413,0.17320508075688776,0.17320508075688776,0.8552457614627484,0.007596726190476159,0.040320626948696085,0.6538029542034881,-0.344020898289811,0.9978238524932991,0.2049565918715695,0.984375,0.015380859375,0.03437499999999716
0.05,1.0,0.05,64,12,0.18133080095504978,0.18133080095504972,0.17320508075688776,0.17320508075688776,1.046913867437684,0.010061011904761857,0.0449974587230725,0.6940161511590084,-0.4999152907690252,1.1939314419280336,0.17707563526083558,1.0,0.015625,-0.015625
0.05,1.0,0.05,64,13,0.15699820858850544,0.15699820858850544,0.17320508075688776,0.17320508075688776,0.9064295799086262,0.006388888888888867,0.04244955632716041,0.7407994365205137,-0.41498521090531315,1.1557846474258269,0.1389568372370273,1.0,0.015625,0.018750000000004263
0.05,1.0,0.05,64,14,0.1695582495781314,0.16955824957813143,0.17320508075688776,0.17320508075688776,0.978945010372559,0.007275297619047599,0.04241084183673464,0.7469461697722566,-0.41369472789111184,1.1606408976633684,0.2237533076303741,0.984375,0.015380859375,3.552713678800501e-15
0.05,1.0,0.05,64,15,0.21758618981911487,0.21758618981911498,0.17320508075688776,0.17320508075688776,1.2562344526401097,0.01598660714285714,0.04130517290249424,0.6623290900518619,-0.37683909674973526,1.0391681868015972,0.3344277043388029,1.0,0.015625,0.03749999999999609
0.05,1.0,0.05,64,16,0.1569982085885055,0.15699820858850538,0.17320508075688776,0.17320508075688776,0.9064295799086265,0.00699999999999997,0.03876718749999994,0.7160063391442151,-0.292239583333302,1.008245922477517,0.24441512190170253,1.0,0.015625,-0.018750000000002487
0.05,1.0,0.05,64,17,0.16998965961198892,0.16998965961198895,0.17320508075688776,0.17320508075688776,0.9814357573643464,0.007378720238095206,0.034867715419501066,0.7446498978097491,-0.16225718065000438,0.9069070784597535,0.3126505795827586,1.0,0.015625,0.02187500000000675
0.05,1.0,0.05,64,18,0.17036266463048724,0.17036266463048727,0.17320508075688776,0.17320508075688776,0.9835893028427373,0.008967261904761874,0.03661684736394551,0.6910337755559826,-0.2205615787981383,0.9115953543541209,0.24799785293110976,1.0,0.015625,0.031250000000001776
0.05,1.0,0.05,64,19,0.17630650689920632,0.1763065068992063,0.17320508075688776,0.17320508075688776,1.0179060921813936,0.006609374999999997,0.03509618055555551,0.7873704052780388,-0.1698726851851129,0.9572430904631517,0.2995216902940382,0.984375,0.015380859375,0.02812500000000462
0.05,1.0,0.05,64,20,0.15897621677471105,0.158976216774711,0.17320508075688776,0.17320508075688776,0.9178496154962771,0.0071599702380952136,0.035038933177437594,0.7166997865606829,-0.16796443924788051,0.8846642258085634,0.26031009877306344,1.0,0.015625,-0.03125
0.05,1.0,0.05,64,21,0.19220655393352198,0.19220655393352196,0.17320508075688776,0.17320508075688776,1.1097050565352922,0.013725108225108185,0.05139646209163762,0.6284823996164202,-0.7132154030545366,1.3416978026709567,0.29328347524739934,1.0,0.015625,-0.03437500000000249
0.05,1.0,0.05,64,22,0.1817611327401981,0.18176113274019798,0.17320508075688776,0.17320508075688776,1.0493983891576466,0.008358630952380918,0.046978605973639384,0.7469926664132991,-0.5659535324546048,1.3129461988679039,0.2713478189341918,1.0,0.015625,-0.009375000000002132
0.05,1.0,0.05,64,23,0.16909686573085822,0.16909686573085822,0.17320508075688776,0.17320508075688776,0.9762812094883299,0.0100833333333333,0.03580659722222218,0.64735883424408,-0.19355324074069657,0.8409120749847766,0.3113453052993709,1.0,0.015625,0.03749999999999787
0.05,1.0,0.05,64,24,0.18360538526960465,0.1836053852696046,0.17320508075688776,0.17320508075688776,1.0600461861007118,0.01215625,0.0433583333333333,0.6393974507531859,-0.44527777777772126,1.0846752285309071,0.16002126920910198,0.984375,0.015380859375,0.006249999999994316
0.05,1.0,0.05,64,25,0.18325933639244657,0.18325933639244651,0.17320508075688776,0.17320508075688776,1.058048271976912,0.009859374999999976,0.04170060763888881,0.7064262867112528,-0.39002025462955814,1.096446541340811,0.22866673887296146,1.0,0.015625,-0.028125000000001066
0.05,1.0,0.05,64,26,0.16189792308735743,0.16189792308735743,0.17320508075688776,0.17320508075688776,0.9347180947572712,0.008653273809523784,0.03798260345804984,0.6698601944503582,-0.2660867819349544,0.9359469763853125,0.29742859825753504,1.0,0.015625,0.0062500000000031974
0.05,1.0,0.05,64,27,0.15584322049739568,0.15584322049739557,0.17320508075688776,0.17320508075688776,0.8997612530554959,0.00846874999999995,0.041204073660714255,0.6513067953357459,-0.37346912202375115,1.024775917359497,0.2079470388504124,0.984375,0.015380859375,-0.009375000000002132
0.05,1.0,0.05,64,28,0.17666617531378154,0.17666617531378165,0.17320508075688776,0.17320508075688776,1.0199826387411337,0.010614583333333275,0.039065624999999896,0.6599082186065917,-0.30218749999992456,0.9620957186065162,0.24069754499580526,1.0,0.015625,-0.006249999999999645
0.05,1.0,0.05,64,29,0.1576190026614808,0.15761900266148088,0.17320508075688776,0.17320508075688776,0.9100137361600626,0.011212797619047577,0.03949670493197273,0.5486672656483979,-0.3165568310657232,0.865224096714121,0.17342877597931003,0.96875,0.01513671875,0.012500000000002842
0.05,1.0,0.05,64,30,0.17067764755526682,0.17067764755526682,0.17320508075688776,0.17320508075688776,0.9854078576068536,0.009979166666666634,0.03872868923611106,0.6574365850933062,-0.29095630787033877,0.9483928929636449,0.25981181936879566,1.0,0.015625,-0.015625
0.05,1.0,0.05,64,31,0.17021929789245357,0.17021929789245363,0.17320508075688776,0.17320508075688776,0.9827615745947715,0.01077008928571425,0.040358560090702864,0.6282921662092538,-0.345285336356689,0.9735775025659428,0.20155138404959277,1.0,0.015625,-0.04062500000000391
0.05,1.0,0.05,64,32,0.17828939781994854,0.17828939781994857,0.17320508075688776,0.17320508075688776,1.0293543182500355,0.008258928571428554,0.03399263481434235,0.7401799429449194,-0.13308782714470757,0.873267770089627,0.33886599361941167,0.984375,0.015380859375,-0.009374999999996803
0.05,1.0,0.05,64,33,0.15398356243443606,0.15398356243443612,0.17320508075688776,0.17320508075688776,0.889024512222992,0.007854166666666629,0.0330647569444444,0.6687534321801207,-0.10215856481475383,0.7709119969948746,0.3107544647254079,0.984375,0.015380859375,0.006250000000004974
0.05,1.0,0.05,64,34,0.15584322049739568,0.15584322049739566,0.17320508075688776,0.17320508075688776,0.8997612530554959,0.01068452380952376,0.030231332376700643,0.5600742910754972,-0.007711079223325257,0.5677853702988225,0.3395793667156684,1.0,0.015625,-0.009375000000000355
0.05,1.0,0.05,64,35,0.17497209598961738,0.1749720959896174,0.17320508075688776,0.17320508075688776,1.0102018672027862,0.008993303571428546,0.038529607780612214,0.7062474367737523,-0.28432025935367866,0.990567696127431,0.3459652586710378,0.984375,0.015380859375,0.0031250000000007105
0.05,1.0,0.05,64,36,0.1855892221412653,0.18558922214126528,0.17320508075688776,0.17320508075688776,1.0714998736195276,0.00946577380952376,0.051091513428287966,0.7251785545519605,-0.7030504476095163,1.4282290021614767,0.2155756352180764,0.984375,0.015380859375,-0.034374999999998934
0.05,1.0,0.05,64,37,0.18410997902069265,0.18410997902069265,0.17320508075688776,0.17320508075688776,1.0629594594809324,0.011316964285714248,0.04991303057681398,0.666131621187801,-0.663767685893736,1.329899307081537,0.11384478767524742,0.984375,0.015380859375,0.02187499999999787
0.05,1.0,0.05,64,38,0.15534110652045674,0.15534110652045674,0.17320508075688776,0.17320508075688776,0.8968622966580001,0.008139880952380914,0.045647343572845736,0.6626775356034765,-0.5215781190947957,1.1842556546982723,0.17804531844828905,1.0,0.015625,-0.015625
0.05,1.0,0.05,64,39,0.1847453906732178,0.1847453906732178,0.17320508075688776,0.17320508075688776,1.0666280103672485,0.011060267857142819,0.03443629535147387,0.6759452278765583,-0.1478765117157541,0.8238217395923124,0.34226381164826525,1.0,0.015625,0.015625000000003553
0.05,1.0,0.05,64,40,0.1615355997915007,0.16153559979150076,0.17320508075688776,0.17320508075688776,0.9326262202333057,0.007369791666666638,0.03565104166666661,0.717564870259481,-0.1883680555555085,0.9059329258149895,0.2841788868442587,0.984375,0.015380859375,-0.012500000000002842
0.05,1.0,0.05,64,41,0.15534110652045674,0.15534110652045666,0.17320508075688776,0.17320508075688776,0.8968622966580001,0.008821428571428527,0.03651163283021535,0.6344337168295078,-0.2170544276737958,0.8514881445033036,0.26064485290211103,1.0,0.015625,-0.015624999999998224
0.05,1.0,0.05,64,42,0.16955824957813137,0.1695582495781313,0.17320508075688776,0.17320508075688776,0.9789450103725588,0.00898809523809521,0.04035997732426301,0.687370600414078,-0.34533257747539015,1.0327031778894682,0.24037739090250423,1.0,0.015625,0.05000000000000604
0.05,1.0,0.05,64,43,0.16390617552429151,0.1639061755242916,0.17320508075688776,0.17320508075688776,0.9463127456079174,0.008444940476190436,0.03503112156320857,0.6856554326565233,-0.16770405210689443,0.8533594847634177,0.34234191288017857,1.0,0.015625,0.003125000000002487
0.05,1.0,0.05,64,44,0.16744285405773468,0.16744285405773468,0.17320508075688776,0.17320508075688776,0.9667317686411232,0.0111805555555555,0.03607940297067894,0.6012229575447963,-0.202646765689245,0.8038697232340413,0.2837521769195833,1.0,0.015625,0.009375000000000355
0.05,1.0,0.05,64,45,0.169443021396574,0.16944302139657397,0.17320508075688776,0.17320508075688776,0.9782797401561549,0.009461309523809462,0.041853978883219886,0.6704632329122127,-0.3951326294405926,1.0655958623528052,0.27638701906095736,1.0,0.015625,-0.006249999999997868
0.05,1.0,0.05,64,46,0.15980334594431947,0.1598033459443195,0.17320508075688776,0.17320508075688776,0.9226250479835572,0.008431547619047576,0.0370969219458616,0.6698315578621503,-0.23656406486203196,0.9063956227241823,0.28206166455801984,1.0,0.015625,-0.009374999999996803
0.05,1.0,0.05,64,47,0.16414432483336094,0.16414432483336092,0.17320508075688776,0.17320508075688776,0.947687701284903,0.009698412698412666,0.03782348956364949,0.6400444145279229,-0.2607829854549246,0.9008273999828476,0.21318673648532732,0.984375,0.015380859375,-0.034374999999998934
0.05,1.0,0.05,64,48,0.18529958850466954,0.1852995885046696,0.17320508075688776,0.17320508075688776,1.0698276730389782,0.010072916666666638,0.038898263888888826,0.7066363291619262,-0.29660879629626846,1.0032451254581947,0.31823084449567907,0.984375,0.015380859375,0.05625000000000213
0.05,1.0,0.05,64,49,0.1653594569415366,0.16535945694153664,0.17320508075688776,0.17320508075688776,0.9547032697824647,0.008104166666666633,0.039641666666666575,0.7036190476190478,-0.32138888888882855,1.0250079365078764,0.22162458391901094,1.0,0.015625,-0.01249999999999929
0.05,1.0,0.05,64,50,0.1653299258301408,0.1653299258301408,0.17320508075688776,0.17320508075688776,0.9545327718313265,0.0077239583333333145,0.040863802083333234,0.7174228891270684,-0.36212673611102364,1.079549625238092,0.21139730835789894,1.0,0.015625,0.02812499999999929
0.05,1.0,0.05,128,1,0.16393596310754963,0.1639359631075496,0.17320508075688776,0.17320508075688776,0.9464847243000432,0.012416037955100412,0.035629362745859205,0.538007890042773,-0.18764542486190772,0.7256533149046808,0.26239506883412744,0.9921875,0.031005859375,0.025000000000003908
0.05,1.0,0.05,128,2,0.17136287338568973,0.17136287338568967,0.17320508075688776,0.17320508075688776,0.989364010783357,0.013875563672438612,0.030923738114726665,0.5274832989498777,-0.030791270490855283,0.558274569440733,0.37399986074711894,0.9765625,0.030517578125,0.0031250000000007105
0.05,1.0,0.05,128,3,0.18879112755569283,0.1887911275556928,0.17320508075688776,0.17320508075688776,1.089986083148922,0.018496279761904683,0.0323191978310421,0.48105512771585823,-0.0773065943680451,0.5583617220839033,0.37426343287632413,0.9921875,0.031005859375,0.01718750000000213
0.05,1.0,0.05,128,4,0.17409784201347797,0.17409784201347783,0.17320508075688776,0.17320508075688776,1.0051543595181442,0.015357762896825347,0.03017149694802686,0.49331134252600206,-0.0057165649341968106,0.49902790746019887,0.3720212764734015,1.0,0.03125,0.0015625000000003553
0.05,1.0,0.05,128,5,0.18097365787249234,0.18097365787249234,0.17320508075688776,0.17320508075688776,1.0448519008891468,0.016133511453823902,0.03967480077941173,0.5073957292965867,-0.32249335931368694,0.8298890886102737,0.18065084339471085,0.984375,0.03076171875,0.0078125
0.05,1.0,0.05,128,6,0.18113547028053315,0.18113547028053298,0.17320508075688776,0.17320508075688776,1.0457861252625524,0.0155257173382173,0.0329675867504933,0.5268000727930773,-0.09891955834975708,0.6257196311428344,0.3292164946691484,0.9765625,0.030517578125,-0.0015624999999968026
0.05,1.0,0.05,128,7,0.1677050983124839,0.1677050983124838,0.17320508075688776,0.17320508075688776,0.9682458365518521,0.012047247023809476,0.03262068098072558,0.5716534391534388,-0.08735603269080494,0.6590094718442437,0.3395410191366571,0.9609375,0.030029296875,-1.7763568394002505e-15
0.05,1.0,0.05,128,8,0.169298875882269,0.169298875882269,0.17320508075688776,0.17320508075688776,0.9774475156412903,0.015170882936507885,0.03436604711907908,0.4706990075984969,-0.1455349039692413,0.6162339115677382,0.26363118673140784,0.9921875,0.031005859375,0.009375000000000355
0.05,1.0,0.05,128,9,0.16219171478145836,0.1621917147814583,0.17320508075688776,0.17320508075688776,0.9364143018940198,0.010866395757020723,0.03152441490794244,0.5869256889024872,-0.05081383026471076,0.637739519167198,0.34926226119164044,1.0,0.03125,0.02968750000000142
0.05,1.0,0.05,128,10,0.1738733262859774,0.1738733262859772,0.17320508075688776,0.17320508075688776,1.0038581173610468,0.017730406746031695,0.030467987769471187,0.4135205844161667,-0.015599592315666655,0.42912017673183334,0.34206519517435113,1.0,0.03125,-0.026562500000004263
0.05,1.0,0.05,128,11,0.17181817242364048,0.17181817242364048,0.17320508075688776,0.17320508075688776,0.9919926810045835,0.013668864989177429,0.031101737516631957,0.536985850184659,-0.036724583887729256,0.5737104340723883,0.3496537786933103,0.984375,0.03076171875,-0.02187499999999787
0.05,1.0,0.05,128,12,0.18579958120243395,0.18579958120243406,0.17320508075688776,0.17320508075688776,1.0727143822254495,0.0189698322510822,0.03367574762730502,0.45049198797430723,-0.12252492091012646,0.5730169088844337,0.30566610351244766,0.9921875,0.031005859375,-0.021874999999999645
0.05,1.0,0.05,128,13,0.1771009488787393,0.17710094887873937,0.17320508075688776,0.17320508075688776,1.0224928050887827,0.017678819444444386,0.02818860797646603,0.4363474395232775,0.06037973411785158,0.3759677054054259,0.3652891149005888,1.0,0.03125,0.014062500000001421
0.05,1.0,0.05,128,14,0.18032495624219597,0.18032495624219588,0.17320508075688776,0.17320508075688776,1.0411066202803931,0.016770912247474682,0.027495585780070258,0.48424313712999034,0.08348047399769798,0.40076266313229236,0.42380397849706214,0.984375,0.03076171875,0.017187499999995026
0.05,1.0,0.05,128,15,0.1862392509482088,0.18623925094820873,0.17320508075688776,0.17320508075688776,1.075252816686226,0.019648686383061303,0.03048549720713158,0.4335115124585105,-0.016183240237681362,0.44969475269619186,0.4054970182220338,0.984375,0.03076171875,-0.0015625000000003553
0.05,1.0,0.05,128,16,0.18781224001645866,0.18781224001645871,0.17320508075688776,0.17320508075688776,1.08433447330609,0.016682810245310178,0.03495631409110164,0.527043253289101,-0.1652104697033412,0.6922537229924421,0.3420518446123982,1.0,0.03125,-0.01875000000000071
0.05,1.0,0.05,128,17,0.15995604865087124,0.1599560486508712,0.17320508075688776,0.17320508075688776,0.9235066774708937,0.013172810696248156,0.027063481182092494,0.48515426897106184,0.09788396059695847,0.38727030837410337,0.4084415714007201,0.9765625,0.030517578125,-0.006249999999997868
0.05,1.0,0.05,128,18,0.17212340004702986,0.17212340004702995,0.17320508075688776,0.17320508075688776,0.9937549135098632,0.015742254273504206,0.03339792945778771,0.4686421631291847,-0.11326431525953629,0.581906478388721,0.32450735713882023,0.96875,0.0302734375,0.007812499999998224
0.05,1.0,0.05,128,19,0.1674063987539005,0.1674063987539004,0.17320508075688776,0.17320508075688776,0.9665212938463027,0.013757440476190413,0.030535838219836516,0.5090994320892401,-0.017861273994489446,0.5269607060837296,0.35336379711727756,0.984375,0.03076171875,-0.020312500000001066
0.05,1.0,0.05,128,20,0.18269226815535977,0.18269226815535985,0.17320508075688776,0.17320508075688776,1.0547743019836024,0.017358878968253916,0.030660461865591113,0.4799066033650192,-0.02201539551966003,0.5019219988846793,0.33299298389233395,1.0,0.03125,0.007812500000001776
0.05,1.0,0.05,128,21,0.16321208164149453,0.1632120816414945,0.17320508075688776,0.17320508075688776,0.9423053927071603,0.012226315351315305,0.031833339129731665,0.5410229339291748,-0.06111130432434542,0.6021342382535202,0.2884896475412303,0.9921875,0.031005859375,-0.023437500000003553
0.05,1.0,0.05,128,22,0.1686269806221706,0.16862698062217052,0.17320508075688776,0.17320508075688776,0.9735683265484398,0.015214725378787814,0.030649639518664697,0.464930753399887,-0.021654650622108695,0.4865854040219957,0.35345009559471074,0.984375,0.03076171875,-0.0015624999999950262
0.05,1.0,0.05,128,23,0.17541802750857705,0.17541802750857693,0.17320508075688776,0.17320508075688776,1.0127764540279012,0.01901374233405476,0.02807859986922146,0.3820986305911722,0.06404667102597972,0.3180519595651925,0.377479339535366,0.9765625,0.030517578125,-0.021875000000003197
0.05,1.0,0.05,128,24,0.17674907177974072,0.17674907177974064,0.17320508075688776,0.17320508075688776,1.0204612417104977,0.017731187215562164,0.02820175056808642,0.43242464180257245,0.0599416477305007,0.37248299407207175,0.3707255555338037,0.9765625,0.030517578125,-0.003125000000002487
0.05,1.0,0.05,128,25,0.1805955317657385,0.1805955317657385,0.17320508075688776,0.17320508075688776,1.0426687887939272,0.01566640737734481,0.033901487877048844,0.5196526340474242,-0.13004959590158327,0.6497022299490075,0.3942213376082414,0.9921875,0.031005859375,-0.014062500000001421
0.05,1.0,0.05,128,26,0.17136287338568965,0.1713628733856896,0.17320508075688776,0.17320508075688776,0.9893640107833566,0.01424869791666661,0.0310337311921296,0.5147766323024056,-0.03445770640427348,0.549234338706679,0.3183714609617841,0.96875,0.0302734375,0.003125000000002487
0.05,1.0,0.05,128,27,0.1729511762752711,0.17295117627527104,0.17320508075688776,0.17320508075688776,0.9985340817919017,0.01575446428571421,0.02914224035100148,0.4733081479408614,0.028591988300005644,0.44471615964085576,0.3931861927949288,0.984375,0.03076171875,0.009374999999998579
0.05,1.0,0.05,128,28,0.1682791463424683,0.16827914634246824,0.17320508075688776,0.17320508075688776,0.9715601043982448,0.015062409812409755,0.028327633868259285,0.4680952617326434,0.05574553772472246,0.4123497240079209,0.35611151255434415,0.984375,0.03076171875,0.010937500000002487
0.05,1.0,0.05,128,29,0.16944302139657413,0.169443021396574,0.17320508075688776,0.17320508075688776,0.9782797401561558,0.01501816152597397,0.030120785091757057,0.47691845569396485,-0.004026169725191764,0.4809446254191566,0.34075877767253315,0.9921875,0.031005859375,0.006250000000001421
0.05,1.0,0.05,128,30,0.16944302139657413,0.16944302139657408,0.17320508075688776,0.17320508075688776,0.9782797401561558,0.015881358225108156,0.03403602370528098,0.44685337338398523,-0.1345341235093125,0.5813874968932977,0.2426586666608636,0.9921875,0.031005859375,-0.006250000000001421
0.05,1.0,0.05,128,31,0.16952944987523533,0.16952944987523524,0.17320508075688776,0.17320508075688776,0.9787787352103626,0.012202595147907594,0.030959964360610295,0.5754176883636622,-0.03199881202029653,0.6074165003839588,0.322138182871803,0.9921875,0.031005859375,0.003125000000002487
0.05,1.0,0.05,128,32,0.16476042028882387,0.16476042028882418,0.17320508075688776,0.17320508075688776,0.9512447300554833,0.016125189047063993,0.03106110773708152,0.40598278319296566,-0.035370257902682,0.44135304109564766,0.30222463261360855,0.984375,0.03076171875,-0.03593750000000462
0.05,1.0,0.05,128,33,0.17759652965007477,0.17759652965007472,0.17320508075688776,0.17320508075688776,1.02535404200614,0.017794022817460238,0.03076906944346023,0.4358362298914975,-0.025635648115309717,0.4614718780068072,0.3368854442483602,0.96875,0.0302734375,0.0046874999999992895
0.05,1.0,0.05,128,34,0.15649200009505218,0.15649200009505232,0.17320508075688776,0.17320508075688776,0.9035069838090131,0.01142879949911195,0.03089321719358941,0.5333230709962833,-0.029773906452938537,0.5630969774492218,0.30625415083363705,0.984375,0.03076171875,0.014062500000003197
0.05,1.0,0.05,128,35,0.16944302139657413,0.169443021396574,0.17320508075688776,0.17320508075688776,0.9782797401561558,0.013234081890331841,0.03214504871431274,0.539057828037419,-0.07150162381036274,0.6105594518477817,0.3340524059245728,0.984375,0.03076171875,-0.006250000000001421
0.05,1.0,0.05,128,36,0.1756614174875916,0.17566141748759134,0.17320508075688776,0.17320508075688776,1.0141816667269223,0.015125744047618994,0.0315641019906226,0.5098105259985152,-0.05213673302070787,0.561947259019223,0.31873818247401386,0.9765625,0.030517578125,0.026562500000004263
0.05,1.0,0.05,128,37,0.160679404696899,0.16067940469689895,0.17320508075688776,0.17320508075688776,0.9276829755498345,0.01283231872294366,0.02683316506795984,0.502967588754822,0.10556116440138807,0.3974064243534339,0.393973255940294,0.984375,0.03076171875,0.010937499999998934
0.05,1.0,0.05,128,38,0.17212340004702995,0.17212340004702992,0.17320508075688776,0.17320508075688776,0.9937549135098637,0.016346354166666605,0.032417102244543625,0.4482516137893149,-0.0805700748180802,0.5288216886073951,0.28519013568894297,0.9609375,0.030029296875,0.007812499999996447
0.05,1.0,0.05,128,39,0.1712773700755586,0.17127737007555843,0.17320508075688776,0.17320508075688776,0.9888703571921489,0.013916193181818122,0.028341769015916708,0.5256264374773018,0.05527436613614278,0.470352071341159,0.40216582429663994,0.9765625,0.030517578125,0.006249999999999645
0.05,1.0,0.05,128,40,0.15609367179677688,0.15609367179677688,0.17320508075688776,0.17320508075688776,0.9012072343066622,0.013166914682539615,0.03092453536391405,0.45960237936189896,-0.030817845463763316,0.4904202248256623,0.2910063916849511,0.9921875,0.031005859375,0.003124999999998934
0.05,1.0,0.05,128,41,0.18925609922470105,0.189256099224701,0.17320508075688776,0.17320508075688776,1.0926705983315965,0.01607014339826835,0.03356462577164557,0.551337281989589,-0.11882085905480966,0.6701581410443986,0.3140178667398189,0.9921875,0.031005859375,-0.01093750000000071
0.05,1.0,0.05,128,42,0.1746019468498271,0.1746019468498272,0.17320508075688776,0.17320508075688776,1.008064810147804,0.018244960768398207,0.02904839731637747,0.4015267133229812,0.0317200894541213,0.3698066238688599,0.33705028765145584,0.9921875,0.031005859375,0.03281250000000213
0.05,1.0,0.05,128,43,0.16929887588226905,0.16929887588226894,0.17320508075688776,0.17320508075688776,0.9774475156412906,0.01689045329670324,0.032977100487939226,0.4107044573824812,-0.09923668293125543,0.5099411403137366,0.2495470222311838,0.9765625,0.030517578125,0.009374999999998579
0.05,1.0,0.05,128,44,0.1669975556520211,0.1669975556520211,0.17320508075688776,0.17320508075688776,0.9641608370970387,0.014323874909812365,0.030889252505397896,0.48638193442535504,-0.029641750179897786,0.5160236846052528,0.31522747712174565,0.96875,0.0302734375,0.023437500000001776
0.05,1.0,0.05,128,45,0.1774865201747723,0.17748652017477248,0.17320508075688776,0.17320508075688776,1.024718902004347,0.01648567708333328,0.03193999565972218,0.47666950838306377,-0.06466652199068701,0.5413360303737508,0.31162170617762397,0.984375,0.03076171875,0.007812500000001776
0.05,1.0,0.05,128,46,0.16583123951776974,0.16583123951776954,0.17320508075688776,0.17320508075688776,0.9574271077563364,0.015125946969696916,0.029154224156375107,0.44996556473829097,0.02819252812087092,0.42177303661742005,0.34779010168645175,0.9921875,0.031005859375,-0.025000000000003908
0.05,1.0,0.05,128,47,0.16321208164149448,0.16321208164149448,0.17320508075688776,0.17320508075688776,0.94230539270716,0.01298983134920629,0.030247912879772035,0.5123604691930231,-0.008263762659028284,0.5206242318520514,0.31076133211510076,0.9921875,0.031005859375,0.023437500000003553
0.05,1.0,0.05,128,48,0.14790199457749,0.14790199457748995,0.17320508075688776,0.17320508075688776,0.8539125638299642,0.011998026279276217,0.030107334339919432,0.45151879866165534,-0.003577811330595315,0.45509660999225066,0.28726195699072504,1.0,0.03125,0.0
0.05,1.0,0.05,128,49,0.16929887588226888,0.16929887588226886,0.17320508075688776,0.17320508075688776,0.9774475156412896,0.017346623862248785,0.03441074854880407,0.3947890005130211,-0.14702495162676876,0.5418139521397899,0.22091705145713558,0.9921875,0.031005859375,0.009375000000000355
0.05,1.0,0.05,128,50,0.16814126315393205,0.16814126315393219,0.17320508075688776,0.17320508075688776,0.9707640354380636,0.01536325219918965,0.027710876833681085,0.45658133844662263,0.07630410554400491,0.3802772329026177,0.39571742202457255,1.0,0.03125,-0.021874999999999645
0.05,1.0,0.05,256,1,0.17229352452645966,0.1722935245264598,0.17320508075688776,0.17320508075688776,0.9947371276498086,0.02016004920861726,0.025817358849013573,0.32086880863149236,0.13942137169957547,0.1814474369319169,0.4106840213163447,0.96875,0.060546875,0.001562500000003908
0.05,1.0,0.05,256,2,0.1584512906966597,0.15845129069665972,0.17320508075688776,0.17320508075688776,0.914818953371601,0.014982758212327222,0.025456613425454744,0.40323930825143917,0.15144621915153755,0.2517930890999016,0.413486370301269,0.98046875,0.061279296875,-0.007031250000002487
0.05,1.0,0.05,256,3,0.18908025484813948,0.18908025484813967,0.17320508075688776,0.17320508075688776,1.0916553603501635,0.01998536480028638,0.02575588015050604,0.4409898132515706,0.14147066164982625,0.29951915160174436,0.4685597387557784,0.9765625,0.06103515625,0.005468750000003908
0.05,1.0,0.05,256,4,0.15270789812068464,0.15270789812068458,0.17320508075688776,0.17320508075688776,0.881659460873592,0.015141098275434504,0.02523171513376234,0.3507164808942861,0.1589428288746091,0.191773652019677,0.4127744168717239,0.96484375,0.060302734375,0.02421874999999929
0.05,1.0,0.05,256,5,0.17012604472493265,0.17012604472493342,0.17320508075688776,0.17320508075688776,0.9822231771810616,0.01892073582055192,0.02604780466211801,0.34627301627177953,0.131739844596098,0.21453317167568153,0.40640118512052703,0.98828125,0.061767578125,-0.010937499999993605
0.05,1.0,0.05,256,6,0.18069520424166582,0.18069520424166588,0.17320508075688776,0.17320508075688776,1.0432442481020014,0.02036416899650375,0.026011084361981476,0.3763033090219292,0.13296385460067717,0.24333945442125204,0.4243297208390204,0.9609375,0.06005859375,0.0023437500000031974
0.05,1.0,0.05,256,7,0.15718276272682513,0.157182762726825,0.17320508075688776,0.17320508075688776,0.9074951037230155,0.015462713965019567,0.026483274369801097,0.37414188689720107,0.11722418767334586,0.2569176992238552,0.40013446316969825,0.9609375,0.06005859375,-0.011718749999998224
0.05,1.0,0.05,256,8,0.1629500978060458,0.162950097806046,0.17320508075688776,0.17320508075688776,0.9407928283279637,0.018536845093975424,0.024711145500279048,0.3018856426542529,0.1762951499907357,0.12559049266351718,0.4321041182275542,0.9765625,0.06103515625,0.0031250000000060396
0.05,1.0,0.05,256,9,0.1789574162641418,0.1789574162641418,0.17320508075688776,0.17320508075688776,1.0332111245358215,0.019683233877741815,0.024554425172071688,0.3853936386710305,0.1815191609309793,0.20387447774005119,0.4554169975641265,0.9765625,0.06103515625,-0.0023437499999996447
0.05,1.0,0.05,256,10,0.1739926363384377,0.17399263633843762,0.17320508075688776,0.17320508075688776,1.0045469542700964,0.018639414742920617,0.024568911487267465,0.3842980420402955,0.1810362837577837,0.2032617582825118,0.4483543725605053,0.984375,0.0615234375,0.006249999999999645
0.05,1.0,0.05,256,11,0.17571700214762914,0.175717002147629,0.17320508075688776,0.17320508075688776,1.0145025849112772,0.02033706395486815,0.027154866658882455,0.3413409191180491,0.09483777803728588,0.2465031410807632,0.3831156054855908,0.9765625,0.06103515625,0.007812499999991118
0.05,1.0,0.05,256,12,0.1701260447249328,0.17012604472493326,0.17320508075688776,0.17320508075688776,0.9822231771810626,0.016345510711875785,0.02753147766200615,0.43524916173898587,0.08228407793318282,0.35296508380580305,0.3813664051428751,0.96875,0.060546875,0.010937499999991829
0.05,1.0,0.05,256,13,0.16207689810221998,0.16207689810221995,0.17320508075688776,0.17320508075688776,0.9357514074873623,0.018185210948912966,0.026348630967507308,0.3077290453147348,0.12171230108312159,0.18601674423161318,0.3754971544425426,0.9765625,0.06103515625,0.011718749999996447
0.05,1.0,0.05,256,14,0.17314692719894662,0.17314692719894664,0.17320508075688776,0.17320508075688776,0.9996642502766835,0.019323251597366278,0.025808863422234596,0.35545887707149804,0.13970455259220815,0.21575432447928988,0.43041209007205455,0.984375,0.0615234375,-0.013281250000000355
0.05,1.0,0.05,256,15,0.16454356554097602,0.16454356554097596,0.17320508075688776,0.17320508075688776,0.9499927185850332,0.018282190565121523,0.025423609047344593,0.3247471534097893,0.15254636508853547,0.17220078832125385,0.4024613541518141,0.953125,0.0595703125,0.016406249999997513
0.05,1.0,0.05,256,16,0.16987292757657788,0.16987292757657815,0.17320508075688776,0.17320508075688776,0.9807618046436702,0.0167123423297464,0.024976741742040537,0.4208527745287204,0.167441941932017,0.2534108325967034,0.46095781209865,0.97265625,0.060791015625,0.007031249999997158
0.05,1.0,0.05,256,17,0.16470113795523658,0.16470113795523658,0.17320508075688776,0.17320508075688776,0.9509024633429352,0.01578855351301534,0.024899366725693955,0.41796494294562936,0.17002110914356594,0.24794383380206342,0.45121276785384384,0.98828125,0.061767578125,-0.0078125
0.05,1.0,0.05,256,18,0.1669299271728633,0.16692992717286317,0.17320508075688776,0.17320508075688776,0.9637703838905725,0.015900312747188897,0.023786819385131653,0.4293927849086765,0.20710602049565285,0.22228676441302364,0.48615564500522707,0.95703125,0.059814453125,-0.01015624999999254
0.05,1.0,0.05,256,19,0.18629659389918396,0.18629659389918382,0.17320508075688776,0.17320508075688776,1.0755838863680423,0.023719147183682492,0.025271610185548243,0.3165775505030425,0.15761299381509764,0.15896455668794485,0.44726640264201106,0.97265625,0.060791015625,0.011718749999998224
0.05,1.0,0.05,256,20,0.17555019536802,0.17555019536802002,0.17320508075688776,0.17320508075688776,1.0135395255201771,0.017364881178306285,0.027727209496199647,0.43653209770781476,0.07575968346006945,0.3607724142477453,0.387967920118195,0.9609375,0.06005859375,-0.010937500000002487
0.05,1.0,0.05,256,21,0.18097365787249234,0.18097365787249234,0.17320508075688776,0.17320508075688776,1.0448519008891468,0.020638698408880333,0.025545134213194008,0.3698389214850981,0.14849552622689877,0.22134339525819935,0.44168878516665344,0.97265625,0.060791015625,-0.0078125
0.05,1.0,0.05,256,22,0.16643192290224068,0.16643192290224088,0.17320508075688776,0.17320508075688776,0.9608951548935568,0.017907417421464122,0.02331994996708709,0.35351315022526353,0.22266833443045064,0.13084481579481289,0.4861020778591521,0.98828125,0.061767578125,-0.016406249999995737
0.05,1.0,0.05,256,23,0.16719297596172336,0.16719297596172322,0.17320508075688776,0.17320508075688776,0.9652890967811559,0.01893617550870713,0.02579467312687665,0.3225828085009298,0.1401775624374807,0.1824052460634491,0.40445853229383955,0.98828125,0.061767578125,-0.003906250000005329
0.05,1.0,0.05,256,24,0.17041281449395132,0.1704128144939516,0.17320508075688776,0.17320508075688776,0.9838788432144454,0.01860975206719441,0.026088200667073458,0.3591799540375922,0.13039331109757024,0.22878664294002193,0.4024411753953576,0.97265625,0.060791015625,0.0046874999999992895
0.05,1.0,0.05,256,25,0.17335830117400625,0.17335830117400616,0.17320508075688776,0.17320508075688776,1.000884618490687,0.01854226980834512,0.02700393661954681,0.383016412721771,0.09986877934848515,0.28314763337328586,0.3876291510575426,0.9765625,0.06103515625,-0.010156249999997868
0.05,1.0,0.05,256,26,0.17721636394091075,0.17721636394091078,0.17320508075688776,0.17320508075688776,1.0231591542609149,0.01946593024775462,0.027827042503746187,0.38017723995877306,0.0724319165418349,0.30774532341693817,0.383472401327111,0.9765625,0.06103515625,0.0007812499999975131
0.05,1.0,0.05,256,27,0.1744113285410019,0.17441132854100214,0.17320508075688776,0.17320508075688776,1.006964274828677,0.018559687822497353,0.02499111348773575,0.38987153577760836,0.16696288374216173,0.22290865203544663,0.4656938774814334,0.97265625,0.060791015625,0.007031249999998934
0.05,1.0,0.05,256,28,0.18478337982875367,0.18478337982875379,0.17320508075688776,0.17320508075688776,1.0668473408589978,0.02138934281837114,0.024767823139079707,0.37357132664284565,0.17440589536403017,0.19916543127881547,0.4627325802141236,0.9765625,0.06103515625,-0.008593750000006395
0.05,1.0,0.05,256,29,0.1764431980792612,0.17644319807926115,0.17320508075688776,0.17320508075688776,1.018695279077399,0.019798588376803233,0.024443635547548512,0.36404793074373054,0.1852121484150686,0.17883578232866193,0.456399772780722,0.98046875,0.061279296875,0.02421874999999929
0.05,1.0,0.05,256,30,0.19076422937997933,0.19076422937997933,0.17320508075688776,0.17320508075688776,1.1013777918428256,0.02264372445110031,0.027288498721904364,0.37776565854313127,0.09038337593657064,0.2873822826065606,0.3823781482233622,0.984375,0.0615234375,-0.00390625
0.05,1.0,0.05,256,31,0.17555019536801944,0.17555019536802016,0.17320508075688776,0.17320508075688776,1.013539525520174,0.01843512323066181,0.025528505969658347,0.4018041293449207,0.1490498010114255,0.2527543283334952,0.43411913052329554,0.97265625,0.060791015625,-0.010937499999993605
0.05,1.0,0.05,256,32,0.17204537010625973,0.17204537010625984,0.17320508075688776,0.17320508075688776,0.9933044074367783,0.018511694802982474,0.02615550733583058,0.37459665198765746,0.12814975547234841,0.24644689651530904,0.4076765195913907,0.953125,0.0595703125,-0.009375000000005684
0.05,1.0,0.05,256,33,0.1520369506896266,0.15203695068962664,0.17320508075688776,0.17320508075688776,0.8777857440742577,0.015922789975681497,0.024918862564259465,0.31115602302079093,0.1693712478580529,0.14178477516273802,0.4221366701468258,0.96875,0.060546875,0.0031250000000042633
0.05,1.0,0.05,256,34,0.17847416435929842,0.17847416435929866,0.17320508075688776,0.17320508075688776,1.0304210683623443,0.019462745154151327,0.02451330460165417,0.388982876129348,0.18288984661155683,0.20609302951779118,0.4553364808717916,0.9765625,0.06103515625,-0.004687500000002842
0.05,1.0,0.05,256,35,0.17524919478684461,0.17524919478684461,0.17320508075688776,0.17320508075688776,1.0118016978544988,0.017461122615913174,0.02645326960081503,0.43146121159179973,0.11822434663953574,0.313236864952264,0.40295637603188883,0.97265625,0.060791015625,0.019531249999996447
0.05,1.0,0.05,256,36,0.17392070919225647,0.1739207091922565,0.17320508075688776,0.17320508075688776,1.0041316826979987,0.019557717091022934,0.025091873230807527,0.3534299787741475,0.16360422563978172,0.18982575313436578,0.4318102801884422,0.94921875,0.059326171875,-0.014843749999991829
0.05,1.0,0.05,256,37,0.1525639434333593,0.15256394343335955,0.17320508075688776,0.17320508075688776,0.8808283380988081,0.015293799734011529,0.026388062080003848,0.3429300777709541,0.12039793066654714,0.22253214710440694,0.3717064863767778,0.9765625,0.06103515625,0.002343750000001421
0.05,1.0,0.05,256,38,0.17320508075688737,0.17320508075688756,0.17320508075688776,0.17320508075688776,0.9999999999999978,0.018448573464530965,0.026012474835624383,0.38504755118229994,0.13291750547921943,0.2521300457030805,0.41923408344634067,0.96484375,0.060302734375,-1.7763568394002505e-15
0.05,1.0,0.05,256,39,0.1735131451027194,0.17351314510271942,0.17320508075688776,0.17320508075688776,1.0017786103299362,0.018758525461063824,0.02648837809307504,0.37693417164216136,0.11705406356418424,0.2598801080779771,0.40308091317561295,0.97265625,0.060791015625,0.007031250000002487
0.05,1.0,0.05,256,40,0.17808216316054046,0.1780821631605404,0.17320508075688776,0.17320508075688776,1.0281578483860887,0.019226875835561416,0.02603849931555509,0.3937274895786296,0.13205002281486755,0.261677466763762,0.4246075688256007,0.96875,0.060546875,-0.0023437500000085265
0.05,1.0,0.05,256,41,0.1782003678272011,0.17820036782720183,0.17320508075688776,0.17320508075688776,1.0288403033472486,0.019738188159879252,0.026347818093052613,0.3784299323220932,0.12173939689829494,0.25669053542379827,0.4301971735912338,0.9609375,0.06005859375,-0.010937499999997158
0.05,1.0,0.05,256,42,0.16409783845601836,0.16409783845601816,0.17320508075688776,0.17320508075688776,0.947419312060179,0.017471754345265704,0.026848427445390195,0.3511701915437022,0.10505241848702218,0.24611777305668003,0.3919101060092425,0.984375,0.0615234375,0.010156249999996092
0.05,1.0,0.05,256,43,0.1712773700755584,0.17127737007555846,0.17320508075688776,0.17320508075688776,0.9888703571921478,0.018076718139907407,0.024076336656464373,0.38380295022419086,0.1974554447845459,0.18634750543964496,0.46669986246461637,0.98046875,0.061279296875,0.00625000000000675
0.05,1.0,0.05,256,44,0.1698010525907819,0.16980105259078201,0.17320508075688776,0.17320508075688776,0.9803468342196971,0.017805474781727504,0.0248130083351034,0.38244903824419807,0.1728997221632267,0.20954931608097138,0.4458931151852888,0.9609375,0.06005859375,0.008593750000004619
0.05,1.0,0.05,256,45,0.17643800920932487,0.1764380092093254,0.17320508075688776,0.17320508075688776,1.0186653211228536,0.019532249253369514,0.025646093192220335,0.37256612860323457,0.14513022692602695,0.22743590167720762,0.4319884137137578,0.953125,0.0595703125,-0.010937499999993605
0.05,1.0,0.05,256,46,0.1695294498752354,0.16952944987523547,0.17320508075688776,0.17320508075688776,0.9787787352103632,0.019940934742502015,0.02456454028176711,0.3061665927175643,0.1811819906077876,0.12498460210977669,0.44214778708975067,0.9609375,0.06005859375,-0.0031249999999953815
0.05,1.0,0.05,256,47,0.1808994454800786,0.18089944548007852,0.17320508075688776,0.17320508075688776,1.044423435441774,0.019653174535249254,0.028595191801448185,0.39943745974051637,0.04682693995177645,0.3526105197887399,0.3579711120986118,0.984375,0.0615234375,0.009374999999995026
0.05,1.0,0.05,256,48,0.16720940277089621,0.16720940277089635,0.17320508075688776,0.17320508075688776,0.9653839370081347,0.01783733788113077,0.02493775549912353,0.3620176741083475,0.168741483362576,0.19327619074577151,0.4433251117366148,0.9765625,0.06103515625,0.021875000000004974
0.05,1.0,0.05,256,49,0.1775484088917723,0.17754840889177187,0.17320508075688776,0.17320508075688776,1.0250762166785448,0.01846798721856161,0.028121761393319327,0.41415059133187115,0.06260795355604931,0.35154263777582184,0.3752467340438242,0.95703125,0.059814453125,0.006249999999994316
0.05,1.0,0.05,256,50,0.1745372648918773,0.1745372648918773,0.17320508075688776,0.17320508075688776,1.0076913686894635,0.01796193591977026,0.02659513778849918,0.4103737490542817,0.11349540705005845,0.29687834200422325,0.41781703503939094,0.98046875,0.061279296875,0.00234375000000675
0.05,1.0,0.05,512,1,0.17430762517273654,0.17430762517273668,0.17320508075688776,0.17320508075688776,1.0063655431528382,0.02058943009359738,0.02402894493041702,0.32234046443885167,0.19903516898613582,0.12330529545271585,0.46238372153488255,0.9453125,0.1181640625,-0.002734375000002842
0.05,1.0,0.05,512,2,0.173394825127105,0.17339482512710527,0.17320508075688776,0.17320508075688776,1.0010954896322213,0.019870479551222165,0.02396390963418727,0.33909949407533835,0.20120301219378145,0.1378964818815569,0.4660219841399552,0.9375,0.1171875,0.003515625000003908
0.05,1.0,0.05,512,3,0.1815662650212033,0.1815662650212033,0.17320508075688776,0.17320508075688776,1.0482733198574663,0.020402395379928502,0.023676854441233935,0.38111374156715117,0.21077151862557042,0.17034222294158075,0.4837076508455079,0.93359375,0.11669921875,-0.001562500000003908
0.05,1.0,0.05,512,4,0.16978802199245216,0.16978802199245155,0.17320508075688776,0.17320508075688776,0.9802716020251634,0.021475394455704868,0.02344935481815709,0.25505012462534093,0.21835483939479627,0.03669528523054466,0.4684306657417632,0.939453125,0.117431640625,0.0003906250000014211
0.05,1.0,0.05,512,5,0.17834373562620384,0.17834373562620368,0.17320508075688776,0.17320508075688776,1.0296680377207221,0.021246430269108354,0.025233164836195546,0.3320095496139107,0.1588945054601948,0.17311504415371592,0.43102236360940743,0.943359375,0.117919921875,0.012109374999990763
0.05,1.0,0.05,512,6,0.1726403414616644,0.17264034146166438,0.17320508075688776,0.17320508075688776,0.9967394761588084,0.019023146396803133,0.023724299785413645,0.3617397801334743,0.20919000715290892,0.15254977298056538,0.47593187815692317,0.953125,0.119140625,0.006249999999999645
0.05,1.0,0.05,512,7,0.17610560352740082,0.1761056035274002,0.17320508075688776,0.17320508075688776,1.0167461760234635,0.020033494609813345,0.02415758486117687,0.3540329534614203,0.19474717129414754,0.15928578216727274,0.46832232631958687,0.9296875,0.1162109375,0.02656249999999183
0.05,1.0,0.05,512,8,0.17251611606668565,0.17251611606668618,0.17320508075688776,0.17320508075688776,0.9960222605064967,0.019566503448684967,0.024126870172864787,0.3425633975334049,0.19577099423787114,0.14679240329553378,0.4663469868563222,0.931640625,0.116455078125,0.0019531250000071054
0.05,1.0,0.05,512,9,0.1742761081308454,0.17427610813084607,0.17320508075688776,0.17320508075688776,1.006183579426639,0.020312908442634035,0.02354875481274009,0.3311997831183262,0.21504150624201623,0.11615827687630997,0.4767587300183839,0.9453125,0.1181640625,0.004296874999994316
0.05,1.0,0.05,512,10,0.1703322092953572,0.17033220929535722,0.17320508075688776,0.17320508075688776,0.9834134688833813,0.020374467080204434,0.023056664488545327,0.2977484618868814,0.23144451704851499,0.06630394483836644,0.4869175519291478,0.943359375,0.117919921875,-0.0070312500000007105
0.05,1.0,0.05,512,11,0.17580555387540298,0.17580555387540356,0.17320508075688776,0.17320508075688776,1.0150138385499514,0.020837422429950007,0.023841471001973074,0.32581542073836023,0.2052842999342548,0.12053112080410544,0.46840850088265523,0.9375,0.1171875,0.005468750000005684
0.05,1.0,0.05,512,12,0.1789659425526262,0.17896594255262607,0.17320508075688776,0.17320508075688776,1.0332603510853382,0.02180701850761872,0.024054199733450164,0.3191436252213836,0.19819334221835772,0.1209502830030259,0.4581457509785373,0.943359375,0.117919921875,-0.0015625000000003553
0.05,1.0,0.05,512,13,0.1576015762482637,0.15760157624826387,0.17320508075688776,0.17320508075688776,0.9099131247164437,0.018622543280202068,0.023225869289290223,0.25024757561658006,0.2258043570236815,0.024443218592898552,0.475799002576094,0.9453125,0.1181640625,-0.002343750000001421
0.05,1.0,0.05,512,14,0.1729577930980828,0.1729577930980829,0.17320508075688776,0.17320508075688776,0.9985722840362168,0.020691496486226577,0.02309123777739093,0.3083097860608167,0.2302920740870078,0.07801771197380891,0.48442948813928466,0.9609375,0.1201171875,-0.002734375000001066
0.05,1.0,0.05,512,15,0.17047548107700833,0.1704754810770083,0.17320508075688776,0.17320508075688776,0.984240648900417,0.020482879839450848,0.023905607641834616,0.29519793491638424,0.2031464119388816,0.09205152297750263,0.45991704375084513,0.953125,0.119140625,0.0007812500000010658
0.05,1.0,0.05,512,16,0.1736274297886135,0.173627429788614,0.17320508075688776,0.17320508075688776,1.0024384332715883,0.02037914576195,0.024373006175802486,0.32399594233117146,0.18756646080658523,0.13642948152458623,0.4517101735799879,0.919921875,0.114990234375,0.0031249999999918288
0.05,1.0,0.05,512,17,0.17361161024233776,0.17361161024233776,0.17320508075688776,0.17320508075688776,1.0023470990785808,0.01911337037757594,0.02357542228389545,0.36586788922057145,0.21415259053686386,0.1517152986837076,0.48234401708339436,0.94140625,0.11767578125,-0.00390625
0.05,1.0,0.05,512,18,0.17434132459327417,0.17434132459327403,0.17320508075688776,0.17320508075688776,1.0065601068480274,0.020847404096813713,0.02304300061458863,0.31411500487520283,0.23189997951373287,0.08221502536146996,0.48595902665460033,0.93359375,0.11669921875,-0.008593749999997513
0.05,1.0,0.05,512,19,0.16487892101099494,0.16487892101099497,0.17320508075688776,0.17320508075688776,0.9519288942939296,0.017262769145839976,0.022946581930303314,0.36499054852841717,0.23511393565658978,0.1298766128718274,0.4901041085949957,0.9375,0.1171875,-0.0015624999999950262
0.05,1.0,0.05,512,20,0.1743286333684441,0.17432863336844356,0.17320508075688776,0.17320508075688776,1.0064868340273077,0.021359694905211633,0.023390369752698564,0.297158181170597,0.22032100824341339,0.07683717292718362,0.47270597853083124,0.931640625,0.116455078125,0.0003906250000014211
0.05,1.0,0.05,512,21,0.17047548107700836,0.17047548107700836,0.17320508075688776,0.17320508075688776,0.9842406489004171,0.019065468011385124,0.024159565514537656,0.34397011887318163,0.19468114951544324,0.1492889693577384,0.455007086478573,0.955078125,0.119384765625,-0.0007812500000028422
0.05,1.0,0.05,512,22,0.17643065804901725,0.1764306580490178,0.17320508075688776,0.17320508075688776,1.018622879179029,0.02134382053192441,0.02404376693705021,0.31431594155844167,0.1985411020983613,0.11577483946008038,0.46193576630243943,0.94140625,0.11767578125,0.0066406249999992895
0.05,1.0,0.05,512,23,0.1635291740683729,0.1635291740683729,0.17320508075688776,0.17320508075688776,0.9441361266873224,0.017742766666003475,0.02447272076672085,0.3365153883066325,0.18424264110933297,0.15227274719729955,0.44633002763703,0.935546875,0.116943359375,0.007421875000003908
0.05,1.0,0.05,512,24,0.16927318708299352,0.1692731870829941,0.17320508075688776,0.17320508075688776,0.9772992012895217,0.019028261545798876,0.02358230211313131,0.33591637759249904,0.21392326289564934,0.1219931146968497,0.4705272435881345,0.935546875,0.116943359375,-0.004296874999994316
0.05,1.0,0.05,512,25,0.17070580661509208,0.17070580661509205,0.17320508075688776,0.17320508075688776,0.9855704340145559,0.02158295679919327,0.023782955270052687,0.25934773829457336,0.20723482433159912,0.05211291396297424,0.457877024421463,0.931640625,0.116455078125,0.000390624999996092
0.05,1.0,0.05,512,26,0.1782821229985202,0.17828212299852014,0.17320508075688776,0.17320508075688776,1.029312317048936,0.020777526830741123,0.023097275018311384,0.3463003421076767,0.23009083272298236,0.11620950938469432,0.48909129076556346,0.935546875,0.116943359375,0.0035156250000056843
0.05,1.0,0.05,512,27,0.1686179315373586,0.16861793153735855,0.17320508075688776,0.17320508075688776,0.9735160816329186,0.019806708034233525,0.024089334125017195,0.30336581063288337,0.19702219583279645,0.10634361480008692,0.45159981412484296,0.927734375,0.115966796875,-0.002343749999996092
0.05,1.0,0.05,512,28,0.1702439476427404,0.17024394764274045,0.17320508075688776,0.17320508075688776,0.982903889994407,0.02066379193442144,0.02393323105389008,0.28703754904668566,0.202225631537036,0.08481191750964967,0.45882737174991123,0.955078125,0.119384765625,0.0011718749999971578
0.05,1.0,0.05,512,29,0.17112719065320772,0.17112719065320817,0.17320508075688776,0.17320508075688776,0.9880032958929387,0.02054378886391115,0.02344627930372488,0.29847605136266997,0.21845735654253828,0.08001869482013169,0.4736212902810412,0.939453125,0.117431640625,0.003515624999995026
0.05,1.0,0.05,512,30,0.1769867517718044,0.1769867517718044,0.17320508075688776,0.17320508075688776,1.0218334877844872,0.02113521944426025,0.023187827978046964,0.3252774206359669,0.22707240073180568,0.0982050199041612,0.48455139035443323,0.93359375,0.11669921875,-0.001953125
0.05,1.0,0.05,512,31,0.1736116102423379,0.17361161024233782,0.17320508075688776,0.17320508075688776,1.0023470990785817,0.019484512293188275,0.024539329575818287,0.3535543620039333,0.18202234747275525,0.17153201453117806,0.4527495660416633,0.94921875,0.11865234375,0.0039062499999982236
0.05,1.0,0.05,512,32,0.17896551624784982,0.17896551624784965,0.17320508075688776,0.17320508075688776,1.0332578898135643,0.021875995296725147,0.02340528821413182,0.31698678543604386,0.21982372619563473,0.09716305924040913,0.4809022144709231,0.935546875,0.116943359375,-0.008984374999997158
0.05,1.0,0.05,512,33,0.1641178292119236,0.16411782921192425,0.17320508075688776,0.17320508075688776,0.9475347287432111,0.019168956795365802,0.023130592786280456,0.2883164120909958,0.22898024045733978,0.05933617163365601,0.48039812401225085,0.923828125,0.115478515625,0.004296874999997868
0.05,1.0,0.05,512,34,0.16676897088018933,0.16676897088018935,0.17320508075688776,0.17320508075688776,0.9628411023015415,0.01940954021182003,0.02359886880632925,0.30211357598599853,0.21337103978906502,0.08874253619693351,0.4667544487868053,0.93359375,0.11669921875,0.0007812500000028422
0.05,1.0,0.05,512,35,0.16954205034721376,0.16954205034721426,0.17320508075688776,0.17320508075688776,0.9788514840692493,0.019448258463209918,0.02384071493802939,0.3234095622439046,0.20530950206571796,0.11810006017818664,0.4640310518164757,0.939453125,0.117431640625,-0.0023437499999978684
0.05,1.0,0.05,512,36,0.17731406345693357,0.17731406345693354,0.17320508075688776,0.17320508075688776,1.0237232226796695,0.021666720946683014,0.023478514251955247,0.3108610055172779,0.2173828582682028,0.0934781472490751,0.4750891489289751,0.9453125,0.1181640625,-0.006640624999992184
0.05,1.0,0.05,512,37,0.17454600709769882,0.1745460070976987,0.17320508075688776,0.17320508075688776,1.0077418418383073,0.02036813987975106,0.02435903779797176,0.33145363452631904,0.18803207340098416,0.14342156112533488,0.4551897463765265,0.939453125,0.117431640625,-0.001562499999998579
0.05,1.0,0.05,512,38,0.1759213851134484,0.17592138511344857,0.17320508075688776,0.17320508075688776,1.0156825905146125,0.021405224960275297,0.022992871550548872,0.30835614156352786,0.2335709483150591,0.07478519324846877,0.48716169293974043,0.951171875,0.118896484375,-0.008203125000003197
0.05,1.0,0.05,512,39,0.1712470774157545,0.1712470774157544,0.17320508075688776,0.17320508075688776,0.9886954624392253,0.018573961840540568,0.023391446269231845,0.3666289450008994,0.2202851243589551,0.1463438206419443,0.4811308190992425,0.935546875,0.116943359375,-0.0070312499999953815
0.05,1.0,0.05,512,40,0.1711271906532077,0.17112719065320828,0.17320508075688776,0.17320508075688776,0.9880032958929386,0.01976763582218253,0.023568064047554956,0.3249799231745949,0.21439786508153502,0.11058205809305988,0.46956867387335566,0.94921875,0.11865234375,-0.0035156250000074607
0.05,1.0,0.05,512,41,0.17320508075688756,0.173205080756887,0.17320508075688776,0.17320508075688776,0.9999999999999989,0.020701106925552222,0.02329056311164003,0.30996310248158676,0.2236478962787094,0.08631520620287736,0.4815618367974627,0.9375,0.1171875,-7.105427357601002e-15
0.05,1.0,0.05,512,42,0.17425509360269498,0.1742550936026957,0.17320508075688776,0.17320508075688776,1.0060622519917937,0.019689266307760318,0.02340919524652732,0.35157676332776244,0.21969349178244668,0.13188327154531576,0.48606967479293917,0.9453125,0.1181640625,0.005078125000002487
0.05,1.0,0.05,512,43,0.17113476962616272,0.17113476962616286,0.17320508075688776,0.17320508075688776,0.9880470531136962,0.02055834366152639,0.022904718978180697,0.298041216758815,0.23650936739402229,0.06153184936479272,0.4882812341695091,0.943359375,0.117919921875,0.009375000000003908
0.05,1.0,0.05,512,44,0.171327252192258,0.17132725219225867,0.17320508075688776,0.17320508075688776,0.9891583517271905,0.020582657950589375,0.023067862047714324,0.2987892625333557,0.23107126507623477,0.06771799745712093,0.4829539472149161,0.951171875,0.118896484375,-0.004687500000002842
0.05,1.0,0.05,512,45,0.17467839799073417,0.17467839799073415,0.17320508075688776,0.17320508075688776,1.0085062010156294,0.02106155812698829,0.02495833918300943,0.30974097055498795,0.1680553605663867,0.14168560998860125,0.4260821800036987,0.931640625,0.116455078125,0.005859374999998224
0.05,1.0,0.05,512,46,0.18096522617878066,0.1809652261787809,0.17320508075688776,0.17320508075688776,1.044803220482805,0.022784157091305324,0.023657529647532108,0.30426683480766326,0.2114156784156126,0.09285115639205066,0.47462629802666567,0.921875,0.115234375,-0.014843749999991829
0.05,1.0,0.05,512,47,0.1821230153621703,0.18212301536217032,0.17320508075688776,0.17320508075688776,1.0514877194497534,0.021741162480295163,0.023039879913586973,0.34452958053657234,0.23200400288046508,0.11252557765610727,0.4927014114547719,0.923828125,0.115478515625,0.005859374999996447
0.05,1.0,0.05,512,48,0.1761121018332051,0.1761121018332052,0.17320508075688776,0.17320508075688776,1.0167836940095174,0.02035712114987121,0.02315793795995382,0.3436462653419631,0.22806873466824207,0.11557753067372101,0.4931354312842136,0.931640625,0.116455078125,0.00039062500000319744
0.05,1.0,0.05,512,49,0.16909506098179658,0.1690950609817965,0.17320508075688776,0.17320508075688776,0.9762707897647642,0.0201221817126408,0.024401103740910896,0.2962584046365676,0.18662987530298492,0.10962852933358269,0.44428371414425016,0.94921875,0.11865234375,0.0007812499999992895
0.05,1.0,0.05,512,50,0.17868222532329325,0.1786822253232933,0.17320508075688776,0.17320508075688776,1.0316223088980472,0.02241971974311798,0.023644126829954957,0.29778924909553683,0.2118624390015328,0.08592681009400405,0.47149205201030114,0.935546875,0.116943359375,-0.005078124999998934
0.05,1.0,0.05,1024,1,0.1689622462611724,0.16896224626117237,0.17320508075688776,0.17320508075688776,0.9755039836177171,0.02048535125579964,0.022670206044720042,0.28243034313006876,0.24432646517600942,0.03810387795405934,0.4956257131058891,0.892578125,0.22314453125,0.002539062499989697
0.05,1.0,0.05,1024,2,0.17863215476590064,0.17863215476589964,0.17320508075688776,0.17320508075688776,1.031333226400156,0.022337356600042855,0.023335510088353544,0.2999766871975674,0.2221496637216006,0.07782702347596682,0.47980923921377755,0.8720703125,0.218017578125,-0.002148437500007816
0.05,1.0,0.05,1024,3,0.17457299589568878,0.1745729958956887,0.17320508075688776,0.17320508075688776,1.0078976617361532,0.021917448972678083,0.023507891947868637,0.2808228604106239,0.2164036017377483,0.06441925867287557,0.47006478635251947,0.884765625,0.22119140625,-0.00566406249999396
0.05,1.0,0.05,1024,4,0.1792211168926091,0.1792211168926086,0.17320508075688776,0.17320508075688776,1.0347336008241323,0.02277323842922092,0.022763528185155344,0.29099967520774717,0.24121572716149675,0.049783948046250415,0.49559950915326795,0.876953125,0.21923828125,0.008203125000010303
0.05,1.0,0.05,1024,5,0.17397410917036207,0.17397410917036193,0.17320508075688776,0.17320508075688776,1.0044399876153387,0.020391761344059026,0.023114564675100424,0.326270603773104,0.2295145108300305,0.09675609294307352,0.4878723463904717,0.8896484375,0.222412109375,0.0025390624999879208
0.05,1.0,0.05,1024,6,0.16985395104341452,0.1698539510434143,0.17320508075688776,0.17320508075688776,0.9806522435783688,0.021020778164277037,0.02260186264829423,0.2713860502718858,0.24660457839021144,0.024781471881674344,0.4972513090604626,0.88671875,0.2216796875,-0.004101562499991829
0.05,1.0,0.05,1024,7,0.17206266388363922,0.1720626638836391,0.17320508075688776,0.17320508075688776,0.9934042531070318,0.02021757537636508,0.02275275739010575,0.31710208590452116,0.24157475366316616,0.075527332241355,0.49553151063639894,0.873046875,0.21826171875,0.0019531249999964473
0.05,1.0,0.05,1024,8,0.1724005415197661,0.1724005415197654,0.17320508075688776,0.17320508075688776,0.995354990548742,0.021240887065938064,0.022639656834788056,0.28534670798385997,0.24534477217376927,0.040001935810090705,0.49722757538072654,0.87890625,0.2197265625,-0.0021484375000060396
0.05,1.0,0.05,1024,9,0.17148025959611835,0.17148025959611837,0.17320508075688776,0.17320508075688776,0.9900417403852582,0.019626246787204295,0.022816904589330216,0.3325649788109811,0.23943651368901397,0.09312846512196715,0.49528954393016006,0.8701171875,0.217529296875,0.0029296875000035527
0.05,1.0,0.05,1024,10,0.16824638664367225,0.1682463866436723,0.17320508075688776,0.17320508075688776,0.9713709661890602,0.02058199689920085,0.02282402465771432,0.27289686567775906,0.23919917807620594,0.03369768760155312,0.48918771733247535,0.8837890625,0.220947265625,0.009570312500017053
0.05,1.0,0.05,1024,11,0.1687308971754176,0.16873089717541678,0.17320508075688776,0.17320508075688776,0.974168289048344,0.0198173610824037,0.022878365850758163,0.30392411053256296,0.23738780497475365,0.06653630555780932,0.49047148030531684,0.8994140625,0.224853515625,0.0025390625000110134
0.05,1.0,0.05,1024,12,0.17150250384668833,0.17150250384668944,0.17320508075688776,0.17320508075688776,0.9901701676258032,0.02188657307222104,0.022679902635304793,0.2558905214021602,0.2440032454898612,0.011887275912298989,0.49418591220400376,0.869140625,0.21728515625,-0.0009765625000106581
0.05,1.0,0.05,1024,13,0.17420813010653177,0.17420813010653216,0.17320508075688776,0.17320508075688776,1.0057911081202746,0.022104697536360855,0.02264684725271334,0.27163723093443337,0.24510509157625138,0.026532139358181994,0.4957439185735584,0.8828125,0.220703125,0.0017578125000081712
0.05,1.0,0.05,1024,14,0.1779208971483956,0.1779208971483945,0.17320508075688776,0.17320508075688776,1.027226778630859,0.02069711966398031,0.023165115261845746,0.3461833274653878,0.22782949127183771,0.11835383619355011,0.49364799383654867,0.875,0.21875,-0.004882812500003553
0.05,1.0,0.05,1024,15,0.16816848589565622,0.16816848589565628,0.17320508075688776,0.17320508075688776,0.9709212060106889,0.019738083817458243,0.022917279058702424,0.30206374173899775,0.23609069804327998,0.06597304369571777,0.48844022161211154,0.87890625,0.2197265625,0.0007812500000046185
0.05,1.0,0.05,1024,16,0.17093091209311637,0.17093091209311606,0.17320508075688776,0.17320508075688776,0.9868700810978898,0.021279609501108483,0.022748682250181625,0.2716796681282876,0.24171059166064102,0.02996907646764657,0.4926762976892506,0.875,0.21875,0.0011718749999989342
0.05,1.0,0.05,1024,17,0.1690950609817967,0.16909506098179664,0.17320508075688776,0.17320508075688776,0.9762707897647649,0.020690880317453947,0.022680246660571352,0.276369067130947,0.2439917779809857,0.0323772891499613,0.4952627993461459,0.8779296875,0.219482421875,-0.0007812499999904077
0.05,1.0,0.05,1024,18,0.16794501558330774,0.16794501558330782,0.17320508075688776,0.17320508075688776,0.969630999560786,0.020235194969668267,0.022770905714957754,0.28258053585603715,0.24096980950143743,0.041610726354599725,0.4916131309554084,0.892578125,0.22314453125,-0.0060546875000007105
0.05,1.0,0.05,1024,19,0.17294367690337634,0.17294367690337709,0.17320508075688776,0.17320508075688776,0.9984907841480798,0.0203817928649345,0.02295237146260501,0.3185515510566368,0.23492095124651913,0.08363059981011767,0.4922940368667648,0.8935546875,0.223388671875,0.0035156250000127898
0.05,1.0,0.05,1024,20,0.17986308930960823,0.17986308930960834,0.17320508075688776,0.17320508075688776,1.0384400303018,0.022388113257821373,0.02288043604235657,0.307956493168684,0.23731879858814242,0.07063769458054159,0.4924393993053111,0.8818359375,0.220458984375,-0.0056640625000046185
0.05,1.0,0.05,1024,21,0.17273124343469604,0.17273124343469506,0.17320508075688776,0.17320508075688776,0.9972642989448052,0.020642838530792698,0.022782080029713634,0.30812503419279813,0.24059733234289538,0.06752770184990275,0.4937967905347749,0.8740234375,0.218505859375,0.006835937499992895
0.05,1.0,0.05,1024,22,0.17536060781554386,0.1753606078155451,0.17320508075688776,0.17320508075688776,1.0124449412756062,0.021815142518802885,0.02284479427827886,0.2905954488060112,0.23850685739072852,0.05208859141528266,0.49214630987293917,0.8779296875,0.219482421875,0.005468750000003908
0.05,1.0,0.05,1024,23,0.17752423617960472,0.17752423617960494,0.17320508075688776,0.17320508075688776,1.0249366554597747,0.021865596107723675,0.022797160069681216,0.30618127538898854,0.24009466434398896,0.06608661104499958,0.4938827858238876,0.8818359375,0.220458984375,-0.0029296874999928946
0.05,1.0,0.05,1024,24,0.1765447827117374,0.17654478271173624,0.17320508075688776,0.17320508075688776,1.0192817782264556,0.021537592769462936,0.022861075338881154,0.3089851418320829,0.23796415537065385,0.07102098646142907,0.4924368866355309,0.888671875,0.22216796875,-0.0019531249999928946
0.05,1.0,0.05,1024,25,0.1718465885608444,0.17184658856084314,0.17320508075688776,0.17320508075688776,0.9921567416492236,0.019928467753229446,0.02299995554018499,0.32517357872661534,0.23333481532720535,0.09183876339941,0.4904595493993019,0.8896484375,0.222412109375,1.2434497875801753e-14
0.05,1.0,0.05,1024,26,0.16822643297491813,0.1682264329749182,0.17320508075688776,0.17320508075688776,0.971255763628795,0.020333961271271767,0.022804318332919703,0.2814888378847127,0.23985605556937806,0.04163278231533463,0.49182960693265887,0.890625,0.22265625,-0.0044921875000163425
0.05,1.0,0.05,1024,27,0.17724638967778186,0.17724638967778295,0.17320508075688776,0.17320508075688776,1.0233325079335664,0.02268849268006048,0.022808804446959034,0.2778110341673399,0.23970651843471336,0.03810451573262652,0.49194740114052216,0.90625,0.2265625,-0.010351562499996803
0.05,1.0,0.05,1024,28,0.17263139226460086,0.1726313922646009,0.17320508075688776,0.17320508075688776,0.9966878079454717,0.020823023409432852,0.02280585177754526,0.3012782840616377,0.2398049407485151,0.0614733433131226,0.49386416971095626,0.8876953125,0.221923828125,-0.0017578124999957367
0.05,1.0,0.05,1024,29,0.17081515828034718,0.17081515828034716,0.17320508075688776,0.17320508075688776,0.9862017761482696,0.021020129050572597,0.022781429897624845,0.2795853056714509,0.2406190034125395,0.0389663022589114,0.4916904494972496,0.873046875,0.21826171875,0.0013671875000067502
0.05,1.0,0.05,1024,30,0.16828628688347416,0.16828628688347447,0.17320508075688776,0.17320508075688776,0.9716013303309637,0.02009102780662861,0.02268331484382076,0.2905779246280099,0.24388950520600405,0.046688419422005856,0.4942622425087199,0.8935546875,0.223388671875,-0.00019531249999715783
0.05,1.0,0.05,1024,31,0.17159734320017722,0.1715973432001764,0.17320508075688776,0.17320508075688776,0.990717722888469,0.021274167935354516,0.02286465814378872,0.27751062582645136,0.23784472854039296,0.039665897286058405,0.48896882661194074,0.8876953125,0.221923828125,0.002734375000001066
0.05,1.0,0.05,1024,32,0.1729683794880858,0.17296837948808497,0.17320508075688776,0.17320508075688776,0.9986334045873966,0.021781537063495605,0.022713174201837272,0.27196025266701473,0.24289419327211603,0.029066059394898702,0.4933207697222374,0.87890625,0.2197265625,-0.001953125000010658
0.05,1.0,0.05,1024,33,0.16649929543652597,0.16649929543652614,0.17320508075688776,0.17320508075688776,0.9612841304016129,0.019628445576187807,0.022789176695146126,0.29195459613877595,0.24036077682848878,0.05159381931028717,0.4915202595436274,0.890625,0.22265625,0.003515625000009237
0.05,1.0,0.05,1024,34,0.16896314934743048,0.16896314934743092,0.17320508075688776,0.17320508075688776,0.9755091975886592,0.021045041600086824,0.022790489794972002,0.2628331502435012,0.24031700683429402,0.022516143409207157,0.4905877116852347,0.8876953125,0.221923828125,-0.00917968750000675
0.05,1.0,0.05,1024,35,0.17149983468895855,0.17149983468895844,0.17320508075688776,0.17320508075688776,0.9901547572364652,0.020605399267269557,0.022829421040751093,0.29942663376850376,0.2390192986416535,0.06040733512685026,0.49160637308325394,0.8955078125,0.223876953125,0.0013671874999978684
0.05,1.0,0.05,1024,36,0.17056138637873894,0.17056138637873827,0.17320508075688776,0.17320508075688776,0.9847366233912068,0.020169533141415574,0.022895218986495304,0.3066789102889965,0.23682603378352485,0.06985287650547167,0.49000583170674683,0.888671875,0.22216796875,0.00703125000000604
0.05,1.0,0.05,1024,37,0.17236745856304891,0.17236745856304897,0.17320508075688776,0.17320508075688776,0.9951639860090794,0.020330088707267616,0.022743114344172886,0.3157280823787617,0.24189618852759287,0.07383189385116884,0.496919823300699,0.8876953125,0.221923828125,-0.007421874999998579
0.05,1.0,0.05,1024,38,0.17574815226596838,0.1757481522659683,0.17320508075688776,0.17320508075688776,1.0146824302033617,0.022166596400824277,0.02270972366608691,0.2823420859832717,0.2430092111304738,0.039332874852797906,0.49547133524523135,0.8955078125,0.223876953125,-0.0033203124999996447
0.05,1.0,0.05,1024,39,0.17035359578011378,0.17035359578011414,0.17320508075688776,0.17320508075688776,0.9835369438106937,0.02078786655293866,0.022749926225505406,0.2836796153204383,0.2416691258165189,0.04201048950391939,0.4928696277760636,0.9013671875,0.225341796875,-0.0017578125000081712
0.05,1.0,0.05,1024,40,0.16978667394244315,0.1697866739424433,0.17320508075688776,0.17320508075688776,0.9802638190548075,0.02047555884720863,0.022728483875268227,0.28972167400083515,0.24238387082442203,0.04733780317641312,0.4933162534673081,0.884765625,0.22119140625,0.0007812500000063949
0.05,1.0,0.05,1024,41,0.1751655885110931,0.17516558851109365,0.17320508075688776,0.17320508075688776,1.011318996796388,0.021325507255276478,0.022881780692619945,0.30497282554465477,0.23727397691269203,0.06769884863196274,0.4933198383983151,0.888671875,0.22216796875,0.01328125000000746
0.05,1.0,0.05,1024,42,0.16420706056754694,0.16420706056754691,0.17320508075688776,0.17320508075688776,0.9480499062151039,0.01999031172478936,0.022763469545321418,0.2586284559558756,0.24121768182264036,0.01741077413323522,0.4914057688695024,0.88671875,0.2216796875,-0.008203125000004974
0.05,1.0,0.05,1024,43,0.1745315822232739,0.17453158222327306,0.17320508075688776,0.17320508075688776,1.0076585597869847,0.021609356268707313,0.02287707149196483,0.29059576296967193,0.23743095026787153,0.0531648127018004,0.4907628767187303,0.8828125,0.220703125,-0.002734375000002842
0.05,1.0,0.05,1024,44,0.163212081641494,0.16321208164149398,0.17320508075688776,0.17320508075688776,0.9423053927071573,0.01924065090272828,0.02266739535896045,0.27770409588877343,0.2444201547013528,0.03328394118742062,0.4946598709462004,0.89453125,0.2236328125,0.001562499999984368
0.05,1.0,0.05,1024,45,0.17362742978861337,0.17362742978861267,0.17320508075688776,0.17320508075688776,1.0024384332715877,0.02039592520891671,0.023409262939533142,0.32343934519174045,0.2196912353489202,0.10374810984282024,0.47734424099671696,0.8955078125,0.223876953125,-0.003124999999988276
0.05,1.0,0.05,1024,46,0.16978667394244326,0.16978667394244323,0.17320508075688776,0.17320508075688776,0.9802638190548082,0.020444802492852358,0.022722678097981515,0.29078858367832017,0.2425773967339937,0.04821118694432647,0.4932856589162371,0.875,0.21875,-0.0007812499999957367
0.05,1.0,0.05,1024,47,0.17235019536905138,0.17235019536905025,0.17320508075688776,0.17320508075688776,0.9950643169120639,0.020695436583223967,0.022823389915771215,0.303291622874283,0.23922033614096572,0.0640712867333173,0.4909992913107868,0.8779296875,0.219482421875,0.0078124999999875655
0.05,1.0,0.05,1024,48,0.16932365962553567,0.16932365962553664,0.17320508075688776,0.17320508075688776,0.9775906046497557,0.02054695213077113,0.0227729872038249,0.28334173083785785,0.24090042653919486,0.042441304298662996,0.4916324016069569,0.888671875,0.22216796875,-0.0011718749999953815
0.05,1.0,0.05,1024,49,0.1795149264704283,0.17951492647042955,0.17320508075688776,0.17320508075688776,1.0364299112125763,0.021076481275009756,0.02314600387215439,0.3459710446738913,0.2284665375948911,0.11750450707900018,0.4910050319593381,0.8701171875,0.217529296875,0.0009765625000035527
0.05,1.0,0.05,1024,50,0.17506581839835075,0.17506581839835086,0.17320508075688776,0.17320508075688776,1.0107429737818994,0.022044502146698355,0.02287588581066964,0.2807206727808498,0.23747047297770474,0.04325019980314504,0.4922154890162149,0.8779296875,0.219482421875,-0.007421875000005684
0.1,1.0,0.1,32,1,0.3570714214271429,0.35707142142714277,0.3464101615137755,0.3464101615137755,1.030776406404416,0.02750000000000005,0.3050000000000004,0.7843137254901961,-1.5416666666666377,2.3259803921568336,-0.025714705549640456,1.0,0.0078125,-0.05000000000000249
0.1,1.0,0.1,32,2,0.30388114452858056,0.3038811445285808,0.3464101615137755,0.3464101615137755,0.8772293029761377,0.01125000000000002,0.19218750000000015,0.8781725888324874,-0.6015624999999385,1.4797350888324259,0.1213649822553264,1.0,0.0078125,0.11249999999999716
0.1,1.0,0.1,32,3,0.3568525605905053,0.3568525605905053,0.3464101615137755,0.3464101615137755,1.0301446095896771,0.014166666666666692,0.2172743055555557,0.8887525562372188,-0.8106192129629133,1.6993717692001322,0.16444769469941756,1.0,0.0078125,-0.08750000000000036
0.1,1.0,0.1,32,4,0.3072051431861129,0.3072051431861131,0.3464101615137755,0.3464101615137755,0.886824860574699,0.009583333333333352,0.1678819444444446,0.8984547461368654,-0.3990162037036695,1.2974709498405348,0.22260700310448475,0.96875,0.007568359375,0.07499999999999929
0.1,1.0,0.1,32,5,0.4181432170919436,0.4181432170919437,0.3464101615137755,0.3464101615137755,1.2070754947392486,0.026250000000000044,0.21062500000000023,0.8498659517426274,-0.75520833333327,1.6050742850758972,0.15976850338363704,1.0,0.0078125,-0.012500000000002842
0.1,1.0,0.1,32,6,0.28173569173961643,0.2817356917396163,0.3464101615137755,0.3464101615137755,0.8133008873309647,0.009583333333333352,0.15038194444444458,0.879265091863517,-0.2531828703703505,1.1324479622338675,0.19252346275085364,1.0,0.0078125,-0.02500000000000213
0.1,1.0,0.1,32,7,0.3316624790355403,0.33166247903554025,0.3464101615137755,0.3464101615137755,0.9574271077563389,0.005833333333333344,0.257777777777778,0.946969696969697,-1.1481481481480356,2.0951178451177324,0.0719692401993831,1.0,0.0078125,1.7763568394002505e-15
0.1,1.0,0.1,32,8,0.33819373146171733,0.3381937314617174,0.3464101615137755,0.3464101615137755,0.9762812094883324,0.018750000000000037,0.2694791666666669,0.8360655737704917,-1.2456597222221082,2.0817252959926,0.0722844281644424,1.0,0.0078125,-0.12500000000000178
0.1,1.0,0.1,32,9,0.32307119958300246,0.3230711995830025,0.3464101615137755,0.3464101615137755,0.9326262202333088,0.0191666666666667,0.1826388888888891,0.816367265469062,-0.5219907407406952,1.338358006209757,0.22720744837723925,1.0,0.0078125,-0.07500000000000107
0.1,1.0,0.1,32,10,0.3992179855667832,0.39921798556678323,0.3464101615137755,0.3464101615137755,1.1524430571616118,0.01500000000000003,0.26354166666666695,0.9058823529411765,-1.196180555555471,2.1020629084966473,0.10998287934413843,1.0,0.0078125,0.02500000000000213
0.1,1.0,0.1,32,11,0.4465142774872942,0.4465142774872941,0.3464101615137755,0.3464101615137755,1.2889756915215027,0.029833333333333385,0.27542777777777805,0.8503657262277952,-1.2952314814813377,2.145597207709133,0.20553645554089048,1.0,0.0078125,-0.025000000000000355
0.1,1.0,0.1,32,12,0.3708099243547832,0.3708099243547833,0.3464101615137755,0.3464101615137755,1.070436048222094,0.017500000000000033,0.23500000000000004,0.8727272727272726,-0.9583333333332724,1.831060606060545,0.20711214923139978,1.0,0.0078125,-0.049999999999998934
0.1,1.0,0.1,32,13,0.35968736424845427,0.3596873642484543,0.3464101615137755,0.3464101615137755,1.03832798286476,0.007500000000000014,0.22680555555555576,0.9420289855072463,-0.8900462962962727,1.832075281803519,0.1379282453094653,0.96875,0.007568359375,-0.025000000000000355
0.1,1.0,0.1,32,14,0.4075460096725279,0.407546009672528,0.3464101615137755,0.3464101615137755,1.1764839919579588,0.011666666666666688,0.20154513888888909,0.9297585449984321,-0.679542824074,1.609301369072432,0.23031540686734733,1.0,0.0078125,0.1374999999999993
0.1,1.0,0.1,32,15,0.29895651857753525,0.2989565185775353,0.3464101615137755,0.3464101615137755,0.8630131323836665,0.027500000000000052,0.17625000000000013,0.6923076923076924,-0.46874999999995337,1.1610576923076459,0.11677484162422858,1.0,0.0078125,-0.02500000000000213
0.1,1.0,0.1,32,16,0.30796712486887323,0.3079671248688732,0.3464101615137755,0.3464101615137755,0.8890245122229951,0.00933333333333335,0.1854090277777779,0.901592531576057,-0.5450752314814142,1.4466677630574711,0.1508829799305594,1.0,0.0078125,0.01249999999999929
0.1,1.0,0.1,32,17,0.34255474015111836,0.34255474015111836,0.3464101615137755,0.3464101615137755,0.9888703571921523,0.007083333333333345,0.2957986111111115,0.939636040834443,-1.4649884259259256,2.4046244667603687,0.0838048088214124,1.0,0.0078125,0.08750000000000036
0.1,1.0,0.1,32,18,0.4000000000000003,0.4000000000000003,0.3464101615137755,0.3464101615137755,1.1547005383792521,0.03250000000000006,0.22583333333333355,0.796875,-0.881944444444356,1.678819444444356,0.15385563735079238,0.96875,0.007568359375,0.0
0.1,1.0,0.1,32,19,0.37080992435478344,0.37080992435478344,0.3464101615137755,0.3464101615137755,1.0704360482220947,0.01625000000000003,0.18500000000000016,0.8818181818181818,-0.5416666666666032,1.423484848484785,0.2576984878463562,1.0,0.0078125,0.04999999999999716
0.1,1.0,0.1,32,20,0.31991209730174347,0.3199120973017435,0.3464101615137755,0.3464101615137755,0.9235066774708965,0.012500000000000022,0.2229687500000002,0.8778625954198473,-0.8580729166665872,1.7359355120864346,0.1771143192952208,1.0,0.0078125,-0.11250000000000071
0.1,1.0,0.1,32,21,0.35707142142714277,0.3570714214271428,0.3464101615137755,0.3464101615137755,1.0307764064044158,0.020416666666666704,0.2243055555555558,0.8398692810457516,-0.8692129629628951,1.7090822440086466,0.16160211766890104,1.0,0.0078125,0.049999999999998934
0.1,1.0,0.1,32,22,0.32185982973959354,0.32185982973959365,0.3464101615137755,0.3464101615137755,0.9291292967074071,0.02250000000000004,0.22171875000000013,0.7828054298642535,-0.8476562499999172,1.6304616798641707,0.0328502159908803,1.0,0.0078125,-0.037500000000004974
0.1,1.0,0.1,32,23,0.35685256059050524,0.35685256059050524,0.3464101615137755,0.3464101615137755,1.0301446095896771,0.010416666666666683,0.17961805555555574,0.918200408997955,-0.49681712962956115,1.4150175386275161,0.27863346461404026,0.9375,0.00732421875,-0.08750000000000036
0.1,1.0,0.1,32,24,0.3000000000000002,0.3000000000000002,0.3464101615137755,0.3464101615137755,0.8660254037844392,0.005833333333333343,0.1752777777777779,0.9351851851851851,-0.46064814814808996,1.395833333333275,0.15502587022188713,1.0,0.0078125,0.0
0.1,1.0,0.1,32,25,0.470206071845101,0.470206071845101,0.3464101615137755,0.3464101615137755,1.3573680107718276,0.04166666666666674,0.28824652777777804,0.8115429917550058,-1.4020543981480702,2.213597389903076,0.27682804066285677,1.0,0.0078125,0.0625
0.1,1.0,0.1,32,26,0.3381937314617174,0.3381937314617174,0.3464101615137755,0.3464101615137755,0.9762812094883325,0.019750000000000035,0.2096625000000002,0.8273224043715848,-0.747187499999945,1.5745099043715298,0.13784789093619482,1.0,0.0078125,-0.07499999999999929
0.1,1.0,0.1,32,27,0.3307189138830741,0.3307189138830741,0.3464101615137755,0.3464101615137755,0.9547032697824673,0.015000000000000027,0.24395833333333358,0.8628571428571429,-1.0329861111110414,1.8958432539681844,0.11651399672146555,1.0,0.0078125,-0.02499999999999858
0.1,1.0,0.1,32,28,0.3278719262151003,0.32787192621510025,0.3464101615137755,0.3464101615137755,0.9464847243000463,0.01541666666666669,0.15361111111111123,0.8565891472868217,-0.2800925925925406,1.1366817398793623,0.26672918864791006,1.0,0.0078125,0.049999999999998934
0.1,1.0,0.1,32,29,0.3570714214271427,0.3570714214271427,0.3464101615137755,0.3464101615137755,1.0307764064044156,0.015833333333333366,0.20152777777777797,0.8758169934640522,-0.6793981481480809,1.5552151416121331,0.19343495356415077,1.0,0.0078125,-0.05000000000000071
0.1,1.0,0.1,32,30,0.30796712486887323,0.30796712486887323,0.3464101615137755,0.3464101615137755,0.8890245122229951,0.013333333333333358,0.1505381944444445,0.85941790225151,-0.2544849537036389,1.113902855955149,0.2191164142659106,1.0,0.0078125,0.01249999999999929
0.1,1.0,0.1,32,31,0.37332961307670226,0.3733296130767023,0.3464101615137755,0.3464101615137755,1.0777097630314643,0.02316666666666671,0.3097611111111115,0.833781763826607,-1.5813425925924545,2.4151243564190614,0.05964157089351634,1.0,0.0078125,0.02499999999999858
0.1,1.0,0.1,32,32,0.33071891388307423,0.3307189138830741,0.3464101615137755,0.3464101615137755,0.9547032697824677,0.021083333333333367,0.21124027777777798,0.8072380952380953,-0.7603356481480859,1.5675737433861812,0.14093797556210125,1.0,0.0078125,-0.02500000000000213
0.1,1.0,0.1,32,33,0.3722818152958861,0.37228181529588605,0.3464101615137755,0.3464101615137755,1.0746850313774117,0.022750000000000038,0.22969166666666693,0.8358511837655017,-0.9140972222222028,1.7499484059877046,0.14079715984671204,1.0,0.0078125,0.16249999999999787
0.1,1.0,0.1,32,34,0.3570714214271429,0.3570714214271428,0.3464101615137755,0.3464101615137755,1.030776406404416,0.012083333333333352,0.20527777777777798,0.9052287581699346,-0.7106481481480871,1.6158769063180216,0.2250571183625883,0.96875,0.007568359375,-0.05000000000000249
0.1,1.0,0.1,32,35,0.35707142142714277,0.3570714214271427,0.3464101615137755,0.3464101615137755,1.0307764064044158,0.020000000000000035,0.19250000000000023,0.8431372549019607,-0.6041666666665835,1.4473039215685441,0.29193710406057194,1.0,0.0078125,-0.04999999999999716
0.1,1.0,0.1,32,36,0.35333235062756446,0.3533323506275645,0.3464101615137755,0.3464101615137755,1.0199826387411377,0.003333333333333339,0.21897569444444465,0.9732999582811848,-0.8247974537036451,1.7980974119848299,0.044324220717793746,0.96875,0.007568359375,-0.012500000000001066
0.1,1.0,0.1,32,37,0.3152380053229625,0.3152380053229626,0.3464101615137755,0.3464101615137755,0.9100137361600652,0.012500000000000022,0.17375000000000015,0.8742138364779874,-0.4479166666666443,1.3221305031446318,0.1643712242405124,1.0,0.0078125,0.025000000000000355
0.1,1.0,0.1,32,38,0.35968736424845416,0.35968736424845427,0.3464101615137755,0.3464101615137755,1.0383279828647598,0.019500000000000038,0.30257500000000037,0.8492753623188405,-1.5214583333332579,2.370733695652098,0.07438575997444327,0.96875,0.007568359375,0.025000000000000355
0.1,1.0,0.1,32,39,0.2847696437473632,0.2847696437473632,0.3464101615137755,0.3464101615137755,0.8220591523728696,0.013333333333333357,0.18078125000000025,0.8355812459858702,-0.5065104166666239,1.3420916626524941,0.275397368399858,1.0,0.0078125,0.0625
0.1,1.0,0.1,32,40,0.330718913883074,0.3307189138830741,0.3464101615137755,0.3464101615137755,0.954703269782467,0.01125000000000002,0.16906250000000012,0.8971428571428571,-0.4088541666666332,1.3059970238094905,0.28554111452723,1.0,0.0078125,0.025000000000000355
0.1,1.0,0.1,32,41,0.38729833462074204,0.387298334620742,0.3464101615137755,0.3464101615137755,1.1180339887498956,0.015833333333333366,0.259027777777778,0.8944444444444444,-1.1585648148146812,2.0530092592591256,0.0667107875627389,1.0,0.0078125,1.7763568394002505e-15
0.1,1.0,0.1,32,42,0.27838821814150133,0.2783882181415013,0.3464101615137755,0.3464101615137755,0.8036375634160802,0.010833333333333355,0.16069444444444456,0.8602150537634408,-0.3391203703703316,1.1993354241337724,0.22272053333285707,1.0,0.0078125,-0.049999999999998934
0.1,1.0,0.1,32,43,0.36657195746537985,0.36657195746537985,0.3464101615137755,0.3464101615137755,1.0582020916000254,0.019000000000000034,0.25840000000000024,0.8586046511627907,-1.1533333333333076,2.0119379844960985,0.1667361545440523,1.0,0.0078125,0.07499999999999929
0.1,1.0,0.1,32,44,0.3079671248688731,0.3079671248688732,0.3464101615137755,0.3464101615137755,0.8890245122229948,0.015000000000000024,0.18932291666666679,0.8418451400329489,-0.5776909722221584,1.4195361122551073,0.08305693677313729,1.0,0.0078125,-0.012500000000001066
0.1,1.0,0.1,32,45,0.3370367190678195,0.33703671906781946,0.3464101615137755,0.3464101615137755,0.9729412024029692,0.008333333333333347,0.2139756944444446,0.926639156350298,-0.7831307870369622,1.7097699433872602,0.17062483337426826,1.0,0.0078125,-0.03749999999999787
0.1,1.0,0.1,32,46,0.4935521755599911,0.49355217555999104,0.3464101615137755,0.3464101615137755,1.4247624070934313,0.02183333333333333,0.29767986111111144,0.9103698952319864,-1.4806655092591634,2.39103540449115,0.18107876969663486,1.0,0.0078125,0.0375000000000032
0.1,1.0,0.1,32,47,0.2904737509655566,0.29047375096555655,0.3464101615137755,0.3464101615137755,0.838525491562422,0.008000000000000016,0.17467500000000016,0.9051851851851852,-0.4556249999999764,1.3608101851851617,0.14799286631172387,1.0,0.0078125,-0.07500000000000107
0.1,1.0,0.1,32,48,0.38058343369095854,0.38058343369095854,0.3464101615137755,0.3464101615137755,1.0986497394529349,0.014000000000000028,0.24449375000000031,0.9033441208198489,-1.037447916666637,1.940792037486486,0.26587324193273487,1.0,0.0078125,-0.01249999999999929
0.1,1.0,0.1,32,49,0.3179524335494228,0.31795243354942293,0.3464101615137755,0.3464101615137755,0.9178496154962792,0.020833333333333367,0.18626736111111128,0.7939206594538898,-0.5522280092592291,1.346148668713119,0.15278308283803607,1.0,0.0078125,-0.06250000000000178
0.1,1.0,0.1,32,50,0.3388860427931493,0.3388860427931492,0.3464101615137755,0.3464101615137755,0.9782797401561588,0.015000000000000024,0.17842013888888897,0.8693877551020408,-0.4868344907406661,1.356222245842707,0.22449206559359258,1.0,0.0078125,0.012499999999995737
0.1,1.0,0.1,64,1,0.37996710383926696,0.3799671038392668,0.3464101615137755,0.3464101615137755,1.0968705484240162,0.025541666666666695,0.16844166666666682,0.8230880230880231,-0.40368055555548943,1.2267685786435125,0.2978468387145199,1.0,0.015625,-0.025000000000000355
0.1,1.0,0.1,64,2,0.30612242240646176,0.3061224224064616,0.3464101615137755,0.3464101615137755,0.8836993149067549,0.03782954545454551,0.1731800548094584,0.5963166470878015,-0.44316712341210973,1.0394837704999111,0.23909438120036042,1.0,0.015625,-0.09374999999999467
0.1,1.0,0.1,64,3,0.3427257467713801,0.3427257467713801,0.3464101615137755,0.3464101615137755,0.989364010783359,0.04297619047619057,0.15193858064058974,0.6341235529795554,-0.26615483867152356,0.9002783916510789,0.2707664659055312,1.0,0.015625,0.006249999999997868
0.1,1.0,0.1,64,4,0.3035596111145226,0.3035596111145225,0.3464101615137755,0.3464101615137755,0.8763011159603386,0.040202380952381,0.15756359481292523,0.56372151234381,-0.31302995677432577,0.8767514691181357,0.11889581352157381,0.984375,0.015380859375,0.01875000000000071
0.1,1.0,0.1,64,5,0.33142683958907143,0.33142683958907154,0.3464101615137755,0.3464101615137755,0.9567468752670863,0.023851190476190526,0.1490786848072563,0.7828625618099301,-0.2423223733937485,1.0251849352036786,0.32535044730695173,0.984375,0.015380859375,-0.012499999999997513
0.1,1.0,0.1,64,6,0.3461845606031559,0.346184560603156,0.3464101615137755,0.3464101615137755,0.9993487462676217,0.05044642857142866,0.15889668367346949,0.5790650027938163,-0.32413903061220406,0.9032040334060204,0.20332780897146507,0.984375,0.015380859375,-0.012499999999997513
0.1,1.0,0.1,64,7,0.33166247903554036,0.3316624790355402,0.3464101615137755,0.3464101615137755,0.957427107756339,0.03875000000000009,0.1482500000000001,0.6477272727272724,-0.2354166666666162,0.8831439393938886,0.28962382691765304,1.0,0.015625,0.09999999999999787
0.1,1.0,0.1,64,8,0.3370367190678193,0.33703671906781923,0.3464101615137755,0.3464101615137755,0.9729412024029686,0.02687500000000005,0.17897222222222237,0.763411279229711,-0.49143518518512685,1.2548464644148378,0.2835451196601073,1.0,0.015625,0.03749999999999609
0.1,1.0,0.1,64,9,0.351559027760631,0.35155902776063097,0.3464101615137755,0.3464101615137755,1.014863496568217,0.027333333333333387,0.15537986111111124,0.7788453434471131,-0.2948321759258794,1.0736775193729926,0.29519542684741645,1.0,0.015625,0.037499999999999645
0.1,1.0,0.1,64,10,0.3477045261425283,0.3477045261425285,0.3464101615137755,0.3464101615137755,1.0037365088341996,0.02999702380952385,0.13949515306122462,0.7518824524963461,-0.16245960884348487,0.914342061339831,0.31100097087660633,0.96875,0.01513671875,0.08124999999999716
0.1,1.0,0.1,64,11,0.30998991919093155,0.3099899191909314,0.3464101615137755,0.3464101615137755,0.8948638164547732,0.04267559523809532,0.13612401502267582,0.5558962446767324,-0.13436679185558353,0.6902630365323159,0.3309296492275197,1.0,0.015625,0.062499999999998224
0.1,1.0,0.1,64,12,0.3278123510485842,0.32781235104858414,0.3464101615137755,0.3464101615137755,0.9463127456079208,0.030267857142857204,0.19007077310090723,0.7183361894376069,-0.5839231091741774,1.3022592986117845,0.17275844355165498,0.984375,0.015380859375,-0.006250000000001421
0.1,1.0,0.1,64,13,0.3339512501848139,0.33395125018481403,0.3464101615137755,0.3464101615137755,0.9640342209520717,0.03601785714285721,0.1594598604024944,0.6770377783337505,-0.32883217002074505,1.0058699483544955,0.21272424112002414,1.0,0.015625,0.031250000000001776
0.1,1.0,0.1,64,14,0.34641016151377585,0.34641016151377574,0.3464101615137755,0.3464101615137755,1.0000000000000009,0.04953273809523819,0.15463635204081644,0.5872271825396823,-0.2886362670067524,0.8758634495464347,0.19641124056574308,0.984375,0.015380859375,1.7763568394002505e-15
0.1,1.0,0.1,64,15,0.36352226548039707,0.36352226548039696,0.3464101615137755,0.3464101615137755,1.049398389157649,0.034821428571428635,0.19774899022108863,0.7364976141210253,-0.6479082518423358,1.3844058659633611,0.20238408617203518,1.0,0.015625,0.018749999999998934
0.1,1.0,0.1,64,16,0.37562448003291843,0.37562448003291826,0.3464101615137755,0.3464101615137755,1.0843344733060931,0.03942857142857152,0.2363997448979594,0.720550545799715,-0.9699978741495481,1.690548419949263,0.15220410257479447,0.96875,0.01513671875,-0.06249999999999645
0.1,1.0,0.1,64,17,0.3121873435935546,0.31218734359355466,0.3464101615137755,0.3464101615137755,0.9012072343066645,0.02939285714285719,0.17056933460884366,0.6984139707987403,-0.42141112174032846,1.119825092539069,0.1659467926319087,1.0,0.015625,0.006249999999999645
0.1,1.0,0.1,64,18,0.3526683994916475,0.3526683994916474,0.3464101615137755,0.3464101615137755,1.0180659769058857,0.04762391774891784,0.19095535901688515,0.6170941286519176,-0.5912946584740073,1.208388787125925,0.1657883441428008,1.0,0.015625,0.025000000000000355
0.1,1.0,0.1,64,19,0.3171528614091321,0.3171528614091321,0.3464101615137755,0.3464101615137755,0.9155414495441124,0.03115476190476197,0.14991025014172343,0.6902672214516873,-0.24925208451434377,0.9395193059660311,0.25490290787425207,1.0,0.015625,-0.04374999999999751
0.1,1.0,0.1,64,20,0.36055512754639935,0.3605551275463992,0.3464101615137755,0.3464101615137755,1.0408329997330674,0.054047619047619164,0.16600453514739244,0.584249084249084,-0.3833711262281989,0.9676202104772829,0.23261857750296494,1.0,0.015625,1.7763568394002505e-15
0.1,1.0,0.1,64,21,0.3205829650808044,0.32058296508080436,0.3464101615137755,0.3464101615137755,0.925443305935054,0.039791666666666746,0.1589991319444446,0.6128214873938935,-0.3249927662036505,0.937814253597544,0.34227550360984815,0.984375,0.015380859375,0.06874999999999964
0.1,1.0,0.1,64,22,0.34318134783230897,0.3431813478323091,0.3464101615137755,0.3464101615137755,0.9906792177592108,0.03795238095238102,0.1728286245748301,0.6777509279001819,-0.4402385381235334,1.1179894660237153,0.2422885884584685,0.953125,0.014892578125,-0.06874999999999787
0.1,1.0,0.1,64,23,0.32307119958300246,0.3230711995830024,0.3464101615137755,0.3464101615137755,0.9326262202333088,0.04000000000000007,0.1599652777777779,0.6167664670658682,-0.33304398148144787,0.9498104485473161,0.21457190505159407,1.0,0.015625,0.025000000000000355
0.1,1.0,0.1,64,24,0.34641016151377574,0.34641016151377574,0.3464101615137755,0.3464101615137755,1.0000000000000007,0.03597916666666673,0.1923868055555557,0.700173611111111,-0.603223379629559,1.30339699074067,0.2757986853367325,1.0,0.015625,0.0
0.1,1.0,0.1,64,25,0.3500000000000002,0.3500000000000005,0.3464101615137755,0.3464101615137755,1.0103629710818456,0.03792559523809529,0.21625214002267595,0.6904033041788147,-0.8021011668555624,1.4925044710343771,0.162325928332488,1.0,0.015625,0.04999999999999716
0.1,1.0,0.1,64,26,0.3479852726768768,0.3479852726768767,0.3464101615137755,0.3464101615137755,1.0045469542701004,0.04300000000000008,0.15451319444444456,0.6449032258064515,-0.28760995370365205,0.9325131795101036,0.22687426811846875,1.0,0.015625,0.062499999999998224
0.1,1.0,0.1,64,27,0.3372105240054057,0.33721052400540547,0.3464101615137755,0.3464101615137755,0.9734429340404785,0.04025252525252532,0.20155585606698315,0.6460100836603755,-0.6796321338914662,1.3256422175518416,0.13662135504593179,0.984375,0.015380859375,-0.09374999999999822
0.1,1.0,0.1,64,28,0.29626582236228366,0.29626582236228366,0.3464101615137755,0.3464101615137755,0.8552457614627514,0.03227083333333339,0.13248541666666672,0.6323394155169859,-0.10404513888885769,0.7363845544058436,0.2924421244503823,1.0,0.015625,0.06874999999999964
0.1,1.0,0.1,64,29,0.4026765916961159,0.4026765916961157,0.3464101615137755,0.3464101615137755,1.1624271930605676,0.02938888888888893,0.22865488040123483,0.8187531786182713,-0.905457336676881,1.7242105152951523,0.08681289587431672,1.0,0.015625,-0.01875000000000071
0.1,1.0,0.1,64,30,0.35333235062756446,0.3533323506275645,0.3464101615137755,0.3464101615137755,1.0199826387411377,0.04407341269841278,0.18572621567145398,0.6469714126785464,-0.5477184639287289,1.1946898766072753,0.2261899948681042,1.0,0.015625,0.012499999999997513
0.1,1.0,0.1,64,31,0.35701671879619346,0.3570167187961934,0.3464101615137755,0.3464101615137755,1.030618493510896,0.038814393939394,0.18424569702708926,0.6954800843247059,-0.5353808085590344,1.2308608928837401,0.26232402211525496,0.984375,0.015380859375,-0.006250000000001421
0.1,1.0,0.1,64,32,0.2619040854969622,0.26190408549696226,0.3464101615137755,0.3464101615137755,0.7560519713176693,0.02357142857142861,0.1435817035147393,0.6563618613732509,-0.19651419595612274,0.8528760573293737,0.1938743985066995,1.0,0.015625,0.037499999999999645
0.1,1.0,0.1,64,33,0.3464101615137757,0.3464101615137757,0.3464101615137755,0.3464101615137755,1.0000000000000004,0.044267857142857234,0.17602987528344682,0.6311011904761903,-0.46691562736198255,1.0980168178381728,0.16138404943005866,1.0,0.015625,0.0
0.1,1.0,0.1,64,34,0.35657879563989814,0.3565787956398981,0.3464101615137755,0.3464101615137755,1.0293543182500386,0.04104166666666673,0.19100260416666684,0.6772145417306707,-0.591688368055515,1.2689029097861857,0.2278476661607338,0.96875,0.01513671875,-0.01875000000000071
0.1,1.0,0.1,64,35,0.38058343369095854,0.38058343369095854,0.3464101615137755,0.3464101615137755,1.0986497394529349,0.06755952380952393,0.16388632369614525,0.5335696306570092,-0.3657193641344758,0.899288994791485,0.2879137341757329,1.0,0.015625,-0.01249999999999929
0.1,1.0,0.1,64,36,0.3273353593793377,0.32733535937933766,0.3464101615137755,0.3464101615137755,0.9449357892647174,0.04278869047619055,0.16402769274376428,0.6006596878634791,-0.3668974395313076,0.9675571273947867,0.15841221911416065,0.984375,0.015380859375,0.018749999999998934
0.1,1.0,0.1,64,37,0.35039040726024473,0.3503904072602449,0.3464101615137755,0.3464101615137755,1.0114899797658243,0.041619047619047694,0.15967232497165545,0.6610093480599368,-0.33060270809709147,0.9916120561570283,0.22864290107030344,0.984375,0.015380859375,0.06874999999999609
0.1,1.0,0.1,64,38,0.31523800532296264,0.31523800532296264,0.3464101615137755,0.3464101615137755,0.9100137361600656,0.04521482683982692,0.16494553348887775,0.5450080318004848,-0.37454611240728597,0.9195541442077708,0.26032102044109406,0.984375,0.015380859375,-0.025000000000000355
0.1,1.0,0.1,64,39,0.3603383826349896,0.3603383826349896,0.3464101615137755,0.3464101615137755,1.0402073110683279,0.04833333333333342,0.15140625000000005,0.6277577216205372,-0.2617187499999356,0.8894764716204728,0.260678647876626,0.984375,0.015380859375,-0.01249999999999929
0.1,1.0,0.1,64,40,0.38278379994456435,0.38278379994456435,0.3464101615137755,0.3464101615137755,1.1050016496971102,0.05054166666666677,0.14563177083333345,0.6550608726561805,-0.21359809027772192,0.8686589629339024,0.35086818123047614,0.984375,0.015380859375,-0.03125
0.1,1.0,0.1,64,41,0.36033838263498963,0.3603383826349897,0.3464101615137755,0.3464101615137755,1.040207311068328,0.04389285714285721,0.16732362528344683,0.6619563348805226,-0.39436354402865326,1.056319878909176,0.2623629916071675,1.0,0.015625,-0.012500000000001066
0.1,1.0,0.1,64,42,0.36055512754639935,0.3605551275463992,0.3464101615137755,0.3464101615137755,1.0408329997330674,0.04879166666666675,0.13549444444444453,0.6246794871794872,-0.12912037037034096,0.7537998575498281,0.3264656104339294,1.0,0.015625,-1.7763568394002505e-15
0.1,1.0,0.1,64,43,0.3689088640843431,0.3689088640843429,0.3464101615137755,0.3464101615137755,1.0649481599276727,0.04484126984126992,0.17526954994960953,0.6705119093178794,-0.460579582913349,1.1310914922312283,0.22005888204922364,0.984375,0.015380859375,-0.13750000000000107
0.1,1.0,0.1,64,44,0.3040739013792537,0.3040739013792537,0.3464101615137755,0.3464101615137755,0.8777857440742591,0.024458333333333367,0.12892552083333342,0.7354738769187439,-0.07437934027771864,0.8098532171964625,0.3457776995291904,0.984375,0.015380859375,-0.006249999999999645
0.1,1.0,0.1,64,45,0.38058343369095843,0.38058343369095843,0.3464101615137755,0.3464101615137755,1.0986497394529344,0.04613888888888893,0.20814128086419761,0.6814575092892246,-0.7345106738682343,1.4159681831574589,0.11891969161331857,0.984375,0.015380859375,0.012500000000001066
0.1,1.0,0.1,64,46,0.3445445363084433,0.34454453630844323,0.3464101615137755,0.3464101615137755,0.9946144039274725,0.04002976190476198,0.1556185338718822,0.6627963459157928,-0.2968211155989726,0.9596174615147655,0.3287233043960175,0.984375,0.015380859375,-0.09375
0.1,1.0,0.1,64,47,0.36136676313684446,0.3613667631368444,0.3464101615137755,0.3464101615137755,1.0431759898662043,0.03547619047619053,0.16367221159297063,0.728330698118314,-0.363935096608055,1.092265794726369,0.29660078498029036,0.984375,0.015380859375,0.04374999999999929
0.1,1.0,0.1,64,48,0.3486021191846089,0.3486021191846089,0.3464101615137755,0.3464101615137755,1.0063276367565397,0.03950000000000006,0.1616855902777779,0.6749598199935716,-0.3473799189814317,1.0223397389750033,0.27153791997300847,0.984375,0.015380859375,0.03125
0.1,1.0,0.1,64,49,0.3840572873934307,0.38405728739343076,0.3464101615137755,0.3464101615137755,1.1086778913041733,0.04150793650793657,0.1663199798437895,0.7185902609631425,-0.385999832031519,1.1045900929946615,0.2370708440804398,0.96875,0.01513671875,0.1499999999999968
0.1,1.0,0.1,64,50,0.3263792847286731,0.3263792847286731,0.3464101615137755,0.3464101615137755,0.9421758394800845,0.04226388888888897,0.15404064429012357,0.6032432872916924,-0.283672035750975,0.8869153230426674,0.2757060034236888,1.0,0.015625,0.03125
0.1,1.0,0.1,128,1,0.3355120852890403,0.33551208528904,0.3464101615137755,0.3464101615137755,0.9685399637900003,0.06530563533688544,0.11003990881263861,0.4198579805242416,0.08300075989471767,0.33685722062952395,0.3740255678130886,0.9765625,0.030517578125,0.03437500000000249
0.1,1.0,0.1,128,2,0.3536500521348759,0.3536500521348752,0.3464101615137755,0.3464101615137755,1.0208997639949786,0.06606727994228005,0.11677246978016227,0.4717506468267759,0.026896085165348027,0.4448545616614279,0.3713694736020431,0.96875,0.0302734375,0.03437500000000426
0.1,1.0,0.1,128,3,0.3526683994916474,0.3526683994916473,0.3464101615137755,0.3464101615137755,1.0180659769058853,0.0743759920634922,0.12707981544469646,0.4020020738613699,-0.05899846203911552,0.4610005359004854,0.2894749993222453,0.96875,0.0302734375,0.02499999999999858
0.1,1.0,0.1,128,4,0.33282350333923266,0.3328235033392324,0.3464101615137755,0.3464101615137755,0.9607786962277013,0.057702651515151665,0.12239568447256657,0.47908388299819016,-0.019964037271329893,0.49904792026952005,0.3050558979783269,1.0,0.03125,0.021874999999996092
0.1,1.0,0.1,128,5,0.36527761274816745,0.36527761274816734,0.3464101615137755,0.3464101615137755,1.0544656402454915,0.06146189574314587,0.1083049721822365,0.5393619172877018,0.0974585651480645,0.4419033521396373,0.4355228073367649,0.984375,0.03076171875,0.053124999999999645
0.1,1.0,0.1,128,6,0.34082562898790375,0.3408256289879038,0.3464101615137755,0.3464101615137755,0.9838788432144486,0.06456425865800876,0.12852231815634316,0.44418830713912716,-0.07101931796948624,0.5152076251086134,0.29308141049618053,0.9765625,0.030517578125,0.009375000000000355
0.1,1.0,0.1,128,7,0.36119106353147795,0.3611910635314782,0.3464101615137755,0.3464101615137755,1.0426687887939299,0.06332712426462438,0.11941530429480311,0.5145821150761642,0.004872464210022409,0.5097096508661418,0.38352278791862365,0.9921875,0.031005859375,0.02812500000000462
0.1,1.0,0.1,128,8,0.3455068740271313,0.3455068740271314,0.3464101615137755,0.3464101615137755,0.9973924336321518,0.06584257756132761,0.11630431101886733,0.4484391408475177,0.030797408176139074,0.4176417326713786,0.35051232984145586,0.9921875,0.031005859375,0.02500000000000213
0.1,1.0,0.1,128,9,0.3445870490529212,0.34458704905292115,0.3464101615137755,0.3464101615137755,0.994737127649814,0.058420905483405665,0.11083275572362597,0.5079940191215786,0.07639370230314635,0.43160031681843225,0.42574577710177985,0.984375,0.03076171875,-0.003124999999998934
0.1,1.0,0.1,128,10,0.3578909575555106,0.3578909575555105,0.3464101615137755,0.3464101615137755,1.0331422034260347,0.0688518252580754,0.10925484315086906,0.4624560150635171,0.08954297374279063,0.37291304132072645,0.41675274291106784,0.9921875,0.031005859375,0.04375000000000284
0.1,1.0,0.1,128,11,0.37728470681966436,0.3772847068196646,0.3464101615137755,0.3464101615137755,1.089127135217311,0.07637396284271299,0.1274897076763825,0.4634540480863203,-0.06241423063646634,0.5258682787227866,0.323203571800048,0.9765625,0.030517578125,-0.012499999999997513
0.1,1.0,0.1,128,12,0.35110039073604016,0.3511003907360401,0.3464101615137755,0.3464101615137755,1.0135395255201778,0.0606007846320347,0.13029516131133934,0.5083957580353045,-0.08579301092776381,0.5941887689630683,0.32043474552768797,0.984375,0.03076171875,0.02187499999999787
0.1,1.0,0.1,128,13,0.3620687089490063,0.3620687089490061,0.3464101615137755,0.3464101615137755,1.045202332884245,0.06649183802308814,0.12273718004228022,0.49279170041982856,-0.022809833685620617,0.5156015341054492,0.35635543725943897,0.984375,0.03076171875,-0.03749999999999787
0.1,1.0,0.1,128,14,0.3790278477565998,0.37902784775659987,0.3464101615137755,0.3464101615137755,1.0941591496631868,0.05944888618326132,0.16863285448668297,0.5861895217751376,-0.40527378738898245,0.9914633091641201,0.2967931736765069,0.9921875,0.031005859375,-0.009375000000003908
0.1,1.0,0.1,128,15,0.3285711252910093,0.32857112529100946,0.3464101615137755,0.3464101615137755,0.9485031381735122,0.05260905067155079,0.11992911724577107,0.5126940941866314,0.0005906896186125277,0.5121034045680188,0.34456450454844606,0.96875,0.0302734375,-0.028125000000002842
0.1,1.0,0.1,128,16,0.33655829268493764,0.3365582926849375,0.3464101615137755,0.3464101615137755,0.9715601043982478,0.054700022200022305,0.11437003956570657,0.5170892082694817,0.04691633695249331,0.47017287131698837,0.3837173029780848,0.9921875,0.031005859375,0.021875000000003197
0.1,1.0,0.1,128,17,0.3534981435594822,0.3534981435594823,0.3464101615137755,0.3464101615137755,1.0204612417105,0.06377953296703308,0.10652499125759778,0.489604237587983,0.11229173952007021,0.3773124980679128,0.43011710749495735,0.96875,0.0302734375,-0.00625000000000675
0.1,1.0,0.1,128,18,0.35165623750333275,0.3516562375033327,0.3464101615137755,0.3464101615137755,1.0151441169238005,0.05165539321789334,0.13570216978669541,0.582286009199063,-0.13085141488909002,0.7131374240881531,0.33562549719127355,0.9921875,0.031005859375,0.009374999999995026
0.1,1.0,0.1,128,19,0.3584771392641381,0.358477139264138,0.3464101615137755,0.3464101615137755,1.0348343642623854,0.06932224025974036,0.13263621322366764,0.46055191104206983,-0.10530177686384068,0.5658536879059105,0.28809548475379937,0.9921875,0.031005859375,0.015624999999998224
0.1,1.0,0.1,128,20,0.36136676313684446,0.36136676313684435,0.3464101615137755,0.3464101615137755,1.0431759898662043,0.05768610209235216,0.13544257631848283,0.5582518056942227,-0.12868813598732687,0.6869399416815496,0.3227236148417792,0.984375,0.03076171875,0.04375000000000284
0.1,1.0,0.1,128,21,0.3508360550171551,0.35083605501715504,0.3464101615137755,0.3464101615137755,1.012776454027904,0.05688568722943733,0.12916308979170188,0.5378376410429728,-0.07635908159746174,0.6141967226404346,0.3451029504144278,0.9921875,0.031005859375,0.043750000000001066
0.1,1.0,0.1,128,22,0.34797124072974817,0.3479712407297481,0.3464101615137755,0.3464101615137755,1.0045064475278407,0.06420522186147204,0.12515448802584056,0.4697463732063295,-0.04295406688197945,0.512700440088309,0.3372752623389248,0.9765625,0.030517578125,0.07187500000000391
0.1,1.0,0.1,128,23,0.3549730403495455,0.3549730403495457,0.3464101615137755,0.3464101615137755,1.02471890200435,0.07207075216450226,0.11826357866163573,0.42803650146128647,0.014470177819737917,0.41356632364154855,0.32316959716025906,1.0,0.03125,0.01562500000000533
0.1,1.0,0.1,128,24,0.34318134783230925,0.3431813478323091,0.3464101615137755,0.3464101615137755,0.9906792177592115,0.05945625901875913,0.14014645855262076,0.49516410252728693,-0.16788715460512904,0.663051257132416,0.28541073916868764,0.9609375,0.030029296875,-0.06874999999999787
0.1,1.0,0.1,128,25,0.3611910635314779,0.361191063531478,0.3464101615137755,0.3464101615137755,1.0426687887939297,0.06203206168831181,0.1327003799225442,0.5245090862427487,-0.10583649935448403,0.6303455855972327,0.3239458583335802,0.9921875,0.031005859375,-0.028125000000002842
0.1,1.0,0.1,128,26,0.34094022111654754,0.3409402211165474,0.3464101615137755,0.3464101615137755,0.9842096421960461,0.06305911449661458,0.12881894678305528,0.4575104322899002,-0.07349122319206969,0.5310016554819699,0.3165190096511661,0.984375,0.03076171875,0.003124999999997158
0.1,1.0,0.1,128,27,0.371848738568521,0.37184873856852074,0.3464101615137755,0.3464101615137755,1.0734348465517918,0.06275022893772902,0.11825042989243284,0.5461809843051453,0.014579750896456356,0.5316012334086889,0.3874273417425349,0.9765625,0.030517578125,0.02187500000000142
0.1,1.0,0.1,128,28,0.35298669858083925,0.352986698580839,0.3464101615137755,0.3464101615137755,1.018984827230024,0.07147767857142864,0.12359028161611874,0.42634107016895606,-0.029919013467620603,0.45626008363657666,0.3024806144976228,0.984375,0.03076171875,-0.0406249999999968
0.1,1.0,0.1,128,29,0.3637908052713816,0.36379080527138136,0.3464101615137755,0.3464101615137755,1.0501735967607142,0.06942392676767692,0.12525715328792986,0.47542723575781365,-0.043809610732655546,0.5192368464904692,0.338471888049924,0.984375,0.03076171875,-0.012500000000001066
0.1,1.0,0.1,128,30,0.35464275598833267,0.35464275598833256,0.3464101615137755,0.3464101615137755,1.023765453180073,0.06637923881673895,0.1249033548913234,0.4722234602970674,-0.04086129076097378,0.5130847510580412,0.317866788698357,0.984375,0.03076171875,0.02187499999999787
0.1,1.0,0.1,128,31,0.3402520894498668,0.34025208944986657,0.3464101615137755,0.3464101615137755,0.9822231771810659,0.057967848124098255,0.11529624148667546,0.4992907930908762,0.039197987611088725,0.4600928054797875,0.3597596624759211,0.984375,0.03076171875,-0.021874999999996092
0.1,1.0,0.1,128,32,0.3297578420219909,0.3297578420219908,0.3464101615137755,0.3464101615137755,0.9519288942939325,0.04772408494283504,0.1285940808211818,0.5611184285454607,-0.07161734017648635,0.632735768721947,0.3247120932209619,0.9765625,0.030517578125,-0.0031250000000042633
0.1,1.0,0.1,128,33,0.3297578420219909,0.32975784202199077,0.3464101615137755,0.3464101615137755,0.9519288942939325,0.05313381410256418,0.13323061693581534,0.511369325181629,-0.11025514113176871,0.6216244663133977,0.29679194958543037,0.9765625,0.030517578125,-0.0031250000000007105
0.1,1.0,0.1,128,34,0.37205877811845844,0.3720587781184581,0.3464101615137755,0.3464101615137755,1.074041178505276,0.07111926961926976,0.11711838668348272,0.48623539971688023,0.024013444304352594,0.46222195541252764,0.42026524874461757,0.9765625,0.030517578125,0.0531250000000032
0.1,1.0,0.1,128,35,0.3511003907360403,0.3511003907360401,0.3464101615137755,0.3464101615137755,1.0135395255201782,0.06517004870129885,0.1148385287461231,0.4713290828635823,0.04301226044902662,0.4283168224145557,0.35714166679037884,0.984375,0.03076171875,-0.021874999999996092
0.1,1.0,0.1,128,36,0.3258252743035755,0.3258252743035755,0.3464101615137755,0.3464101615137755,0.9405765491397646,0.06365128968253983,0.11157305553587181,0.40043307299309494,0.07022453720109856,0.3302085357919964,0.3573496700533723,0.984375,0.03076171875,-0.009375000000000355
0.1,1.0,0.1,128,37,0.3385977517645387,0.33859775176453866,0.3464101615137755,0.3464101615137755,0.9774475156412924,0.062482295482295634,0.10883298682159148,0.45500962032478154,0.09305844315343959,0.36195117717134195,0.3952708864185848,0.984375,0.03076171875,0.018749999999997158
0.1,1.0,0.1,128,38,0.31991209730174336,0.3199120973017433,0.3464101615137755,0.3464101615137755,0.9235066774708962,0.05264366883116889,0.12163121240231636,0.48561911371071653,-0.01359343668592472,0.49921255039664125,0.3395890914850094,1.0,0.03125,-0.01249999999999929
0.1,1.0,0.1,128,39,0.321723265206295,0.3217232652062952,0.3464101615137755,0.3464101615137755,0.9287350688570988,0.050703282828282924,0.11324789438737125,0.5101409414457814,0.056267546771938015,0.45387339467384336,0.38364898751521276,0.9921875,0.031005859375,-0.015625000000003553
0.1,1.0,0.1,128,40,0.29657879960475925,0.2965787996047596,0.3464101615137755,0.3464101615137755,0.856149248938719,0.05332792207792217,0.11101232089125251,0.3937183056756721,0.07489732590626763,0.3188209797694045,0.3356274399455068,0.96875,0.0302734375,0.028125000000006395
0.1,1.0,0.1,128,41,0.3390588997504716,0.3390588997504716,0.3464101615137755,0.3464101615137755,0.9787787352103654,0.060421942640692776,0.11745485121390159,0.47441327502489616,0.02120957321754824,0.4532037018073479,0.3417773840519699,0.984375,0.03076171875,-0.006250000000001421
0.1,1.0,0.1,128,42,0.344374432848898,0.34437443284889796,0.3464101615137755,0.3464101615137755,0.9941233575366797,0.06375527597402612,0.1562991655305374,0.4624061050938515,-0.3024930460877684,0.7648991511816199,0.15843503837276507,0.984375,0.03076171875,-0.0625
0.1,1.0,0.1,128,43,0.31805991475663864,0.3180599147566387,0.3464101615137755,0.3464101615137755,0.9181598870158736,0.05616193181818192,0.11520376838938634,0.4448323372736931,0.039968596755160624,0.40486374051853247,0.3482702437591542,1.0,0.03125,0.009374999999996803
0.1,1.0,0.1,128,44,0.33071891388307395,0.330718913883074,0.3464101615137755,0.3464101615137755,0.9547032697824669,0.05408848790098794,0.13350238801679454,0.5054766820481108,-0.1125199001399182,0.617996582188029,0.31012352619241335,0.984375,0.03076171875,0.02500000000000213
0.1,1.0,0.1,128,45,0.3705991770093403,0.37059917700934014,0.3464101615137755,0.3464101615137755,1.0698276730389817,0.0713646735209237,0.11706965106252182,0.48039373090567594,0.024419574479020878,0.45597415642665506,0.42266886398816583,1.0,0.03125,0.012500000000001066
0.1,1.0,0.1,128,46,0.34949740700039583,0.3494974070003958,0.3464101615137755,0.3464101615137755,1.0089121100637735,0.06054513888888898,0.12793846450617294,0.5043314500941622,-0.06615387088473379,0.570485320978896,0.34689602735682484,0.96875,0.0302734375,0.018750000000002487
0.1,1.0,0.1,128,47,0.3443744328488983,0.3443744328488979,0.3464101615137755,0.3464101615137755,0.9941233575366805,0.05221802849927858,0.12910205097381783,0.559689878266953,-0.07585042478178172,0.6355403030487348,0.30517720356802175,0.9765625,0.030517578125,0.037499999999999645
0.1,1.0,0.1,128,48,0.32594514013097403,0.3259451401309739,0.3464101615137755,0.3464101615137755,0.9409225719783406,0.06068596681096693,0.11458408801427102,0.4287854580896222,0.04513259988110441,0.3836528582085178,0.3418859143134114,0.984375,0.03076171875,0.003124999999998934
0.1,1.0,0.1,128,49,0.35216961467452046,0.35216961467452046,0.3464101615137755,0.3464101615137755,1.0166261091637057,0.05893646284271295,0.13589638005492993,0.524795764165843,-0.13246983379105037,0.6572655979568933,0.29870445878228924,0.9921875,0.031005859375,0.03125
0.1,1.0,0.1,128,50,0.33541019662496846,0.33541019662496874,0.3464101615137755,0.3464101615137755,0.968245836551854,0.05659077380952396,0.11447830215419509,0.496970899470899,0.04601414871508591,0.4509567507558131,0.4063036932758659,0.9921875,0.031005859375,0.049999999999998934
0.1,1.0,0.1,256,1,0.3645918897805462,0.3645918897805461,0.3464101615137755,0.3464101615137755,1.0524861285457634,0.07302126674226626,0.11361524057937553,0.45066742230733936,0.05320632850522833,0.39746109380211103,0.3865231951296092,0.95703125,0.059814453125,-0.014062499999999645
0.1,1.0,0.1,256,2,0.3587630659641551,0.358763065964155,0.3464101615137755,0.3464101615137755,1.0356597635485019,0.08212304496973628,0.10198727350853412,0.36195752618353927,0.15010605409557487,0.2118514720879644,0.44086809568846774,0.95703125,0.059814453125,0.006249999999999645
0.1,1.0,0.1,256,3,0.36707445068235145,0.3670744506823516,0.3464101615137755,0.3464101615137755,1.0596526645704478,0.07648780794369041,0.1037539431159542,0.4323457423540876,0.13538380736708266,0.29696193498700496,0.427971978363834,0.96875,0.060546875,-0.02968750000000142
0.1,1.0,0.1,256,4,0.3344443561248263,0.33444435612482626,0.3464101615137755,0.3464101615137755,0.9654576951880975,0.06710565925087994,0.10986708635190481,0.40005504683705073,0.08444094706749239,0.31561409976955834,0.3742676125849166,0.9765625,0.06103515625,-0.0046874999999992895
0.1,1.0,0.1,256,5,0.3490500501360795,0.3490500501360796,0.3464101615137755,0.3464101615137755,1.0076207020335892,0.0776433848021736,0.10760688567782059,0.3627218175903657,0.10327595268487033,0.25944586490549537,0.39955282157998323,0.953125,0.0595703125,0.04375000000000462
0.1,1.0,0.1,256,6,0.3479852726768766,0.3479852726768769,0.3464101615137755,0.3464101615137755,1.0045469542701,0.07651574210369785,0.10583464941176002,0.36812806520817454,0.11804458823537034,0.2500834769728042,0.4237144081456227,0.97265625,0.060791015625,0.012499999999995737
0.1,1.0,0.1,256,7,0.34550334092993973,0.34550334092993956,0.3464101615137755,0.3464101615137755,0.9973822344590786,0.07906082906494108,0.10762371919219493,0.33769678729931796,0.10313567339842233,0.23456111390089562,0.3942789916916817,0.96484375,0.060302734375,-0.0015625000000003553
0.1,1.0,0.1,256,8,0.344711014610427,0.34471101461042725,0.3464101615137755,0.3464101615137755,0.9950949853897951,0.07624285492897642,0.11022426037140248,0.35836384337883553,0.08146449690503466,0.2768993464738009,0.3788665166070629,0.97265625,0.060791015625,0.023437500000010658
0.1,1.0,0.1,256,9,0.3439452570449986,0.3439452570449991,0.3464101615137755,0.3464101615137755,0.9928844337071248,0.07272955604766765,0.10312691288339995,0.3852022256294596,0.14060905930502998,0.24459316632442962,0.4183060449139204,0.98046875,0.061279296875,-0.03281250000000391
0.1,1.0,0.1,256,10,0.34143753432180024,0.3414375343218001,0.3464101615137755,0.3464101615137755,0.9856452617606671,0.07545368752871666,0.10756983792746481,0.35277103282104594,0.10358468393781095,0.249186348883235,0.3959772583275738,0.953125,0.0595703125,0.01718749999999858
0.1,1.0,0.1,256,11,0.3549558456255514,0.3549558456255514,0.3464101615137755,0.3464101615137755,1.0246692651117164,0.07501431962750271,0.11179773357573437,0.4046182626499303,0.06835222020225151,0.33626604244767877,0.3887900109446785,0.98046875,0.061279296875,0.029687499999999645
0.1,1.0,0.1,256,12,0.32760002647092445,0.32760002647092473,0.3464101615137755,0.3464101615137755,0.9456998173475837,0.07203586451743184,0.10480864783950888,0.32878613921290467,0.1265946013374506,0.20219153787545407,0.40170449069100367,0.96484375,0.060302734375,0.045312500000004974
0.1,1.0,0.1,256,13,0.3534394341237977,0.35343943412379797,0.3464101615137755,0.3464101615137755,1.0202917621680179,0.07308388374289128,0.10166421185541522,0.4149518482403083,0.1527982345382558,0.2621536137020525,0.4499360474239587,0.96875,0.060546875,-0.026562500000004263
0.1,1.0,0.1,256,14,0.36139040848333226,0.36139040848333215,0.3464101615137755,0.3464101615137755,1.0432442481020032,0.07782387336815733,0.10572577446662976,0.4041189170651964,0.11895187944476959,0.28516703762042683,0.4310048099541567,0.96875,0.060546875,0.004687500000001066
0.1,1.0,0.1,256,15,0.331275794986217,0.3312757949862173,0.3464101615137755,0.3464101615137755,0.9563108470564982,0.07077028792286154,0.10049785575135922,0.3551309218214497,0.16251786873871243,0.19261305308273724,0.42373450894548015,0.9765625,0.06103515625,0.029687500000003197
0.1,1.0,0.1,256,16,0.3300945354648429,0.33009453546484274,0.3464101615137755,0.3464101615137755,0.9529008445432574,0.06810613763547692,0.10947373196824123,0.3749574516481533,0.08771890026467888,0.2872385513834744,0.3640660676525115,0.97265625,0.060791015625,-0.02031249999999929
0.1,1.0,0.1,256,17,0.3434053670136068,0.34340536701360674,0.3464101615137755,0.3464101615137755,0.9913259054323404,0.07886292696703899,0.10090980559104037,0.3312577917375902,0.15908495340802942,0.17217283832956076,0.4331323882968375,0.97265625,0.060791015625,-0.014062499999999645
0.1,1.0,0.1,256,18,0.3616605312219604,0.3616605312219603,0.3464101615137755,0.3464101615137755,1.0440240252813093,0.0797498294189472,0.10597470596203738,0.3902840853009679,0.11687745031638197,0.27340663498458595,0.4189642261386445,0.9609375,0.06005859375,0.032812500000000355
0.1,1.0,0.1,256,19,0.3363369717913123,0.33633697179131233,0.3464101615137755,0.3464101615137755,0.9709212060106884,0.07233040496708756,0.10348913202662915,0.3606014055353607,0.1375905664448045,0.2230108390905562,0.4127478106130977,0.96875,0.060546875,0.0015625000000021316
0.1,1.0,0.1,256,20,0.37497070198050153,0.37497070198050103,0.3464101615137755,0.3464101615137755,1.0824471786333274,0.09027119934588994,0.10068094093191676,0.3579711543109758,0.16099215890072605,0.19697899541024977,0.44492554955492447,0.97265625,0.060791015625,0.004687499999997513
0.1,1.0,0.1,256,21,0.350108102725073,0.3501081027250729,0.3464101615137755,0.3464101615137755,1.01067503676895,0.08066063669786108,0.10410980614522262,0.3419523813124894,0.13241828212317874,0.20953409918931065,0.40422820002640586,0.97265625,0.060791015625,-0.023437500000001776
0.1,1.0,0.1,256,22,0.33441515529914306,0.334415155299143,0.3464101615137755,0.3464101615137755,0.9653733996652536,0.06948559504274979,0.09787586124667144,0.37866920493570133,0.18436782294444376,0.19430138199125757,0.4517938149350686,0.96875,0.060546875,-0.03593749999999929
0.1,1.0,0.1,256,23,0.3361627152046314,0.3361627152046316,0.3464101615137755,0.3464101615137755,0.9704181705745472,0.07587351232358976,0.09922862327339738,0.32858490185705924,0.17309480605505856,0.15549009580200068,0.4320095952968011,0.984375,0.0615234375,-0.01093750000000604
0.1,1.0,0.1,256,24,0.36654198578573516,0.36654198578573455,0.3464101615137755,0.3464101615137755,1.0581155708134706,0.08141131330320997,0.10233619818585594,0.39404928260444305,0.14719834845125057,0.24685093415319248,0.45915749781185766,0.9765625,0.06103515625,0.004687499999997513
0.1,1.0,0.1,256,25,0.35561552601616025,0.3556155260161605,0.3464101615137755,0.3464101615137755,1.0265735983672022,0.07822427616458207,0.10215483079196558,0.3814424309926314,0.14870974340032994,0.23273268759230148,0.42983693784150007,0.96875,0.060546875,-0.020312500000002842
0.1,1.0,0.1,256,26,0.3444736700750875,0.34447367007508756,0.3464101615137755,0.3464101615137755,0.9944098307329503,0.07839234291894911,0.10534119965651093,0.33936499753926663,0.12215666952911042,0.21720832801015622,0.4081162837336059,0.96484375,0.060302734375,0.009375000000002132
0.1,1.0,0.1,256,27,0.3797067896334617,0.3797067896334616,0.3464101615137755,0.3464101615137755,1.0961190860400385,0.09125569658256297,0.10407137240559744,0.36705895656222465,0.13273856328671296,0.23432039327551168,0.43750646101297064,0.984375,0.0615234375,0.014062500000004974
0.1,1.0,0.1,256,28,0.34360437256203574,0.34360437256203563,0.3464101615137755,0.3464101615137755,0.9919003849671189,0.07308117874342732,0.10213835331217139,0.38100351923514175,0.14884705573194168,0.23215646350320007,0.42414722843595354,0.97265625,0.060791015625,-0.007812499999996447
0.1,1.0,0.1,256,29,0.36314597615834876,0.36314597615834865,0.3464101615137755,0.3464101615137755,1.0483121354507603,0.07001084943930355,0.1233596346387003,0.4691120421664182,-0.02799695532247415,0.49710899748889237,0.349434218454412,0.96484375,0.060302734375,-0.02499999999999858
0.1,1.0,0.1,256,30,0.34684684570426777,0.34684684570426777,0.3464101615137755,0.3464101615137755,1.0012605986746579,0.07045495412847402,0.11096305172817006,0.4143528449747762,0.07530790226529971,0.3390449427094765,0.3868825311236044,0.95703125,0.059814453125,-0.046875
0.1,1.0,0.1,256,31,0.3596839704431518,0.35968397044315165,0.3464101615137755,0.3464101615137755,1.0383181857927353,0.08218303870479594,0.10343492897043763,0.36475679542781947,0.13804225857970953,0.22671453684810994,0.41834757853754917,0.97265625,0.060791015625,-0.0015625000000021316
0.1,1.0,0.1,256,32,0.36600874626673885,0.3660087462667394,0.3464101615137755,0.3464101615137755,1.0565762409142954,0.07937049857821937,0.10749043585633196,0.40751660772286724,0.10424636786393882,0.3032702398589284,0.39672879607699785,0.96875,0.060546875,0.020312500000001066
0.1,1.0,0.1,256,33,0.35791483252828477,0.3579148325282842,0.3464101615137755,0.3464101615137755,1.033211124535825,0.08351575929069652,0.10514122870920145,0.3480578794863951,0.12382309409001968,0.22423478539637542,0.4049886412610844,0.98046875,0.061279296875,0.004687500000002842
0.1,1.0,0.1,256,34,0.32876054522060644,0.32876054522060566,0.3464101615137755,0.3464101615137755,0.9490499464102261,0.06860262277277743,0.10127318688476854,0.3652812385595612,0.15605677596029333,0.20922446259926786,0.41764842129645985,0.9609375,0.06005859375,-0.03593750000000462
0.1,1.0,0.1,256,35,0.37020040497513035,0.37020040497513035,0.3464101615137755,0.3464101615137755,1.0686765173324997,0.08039044586017502,0.10709663566263349,0.4134153981593024,0.10752803614474882,0.3058873620145536,0.41957753214468574,0.96484375,0.060302734375,-0.03281250000000213
0.1,1.0,0.1,256,36,0.34931573737093535,0.3493157373709354,0.3464101615137755,0.3464101615137755,1.0083876750164105,0.06669291671359706,0.10473843020348433,0.4534329994820071,0.12717974830431344,0.32625325117769366,0.43200158311761244,0.96875,0.060546875,0.021875000000004974
0.1,1.0,0.1,256,37,0.3465193841529648,0.346519384152965,0.3464101615137755,0.3464101615137755,1.0003152986006876,0.07503444390576763,0.10163278602058506,0.37510708529771697,0.15306011649515705,0.22204696880255992,0.43191889717837684,0.98046875,0.061279296875,0.023437500000003553
0.1,1.0,0.1,256,38,0.35794552658190876,0.35794552658190876,0.3464101615137755,0.3464101615137755,1.0332997306364367,0.08476952810476435,0.10417362333113037,0.3383841708896439,0.131886472240606,0.2064976986490379,0.4099031083671977,0.97265625,0.060791015625,0.02499999999999858
0.1,1.0,0.1,256,39,0.3621732093815748,0.36217320938157543,0.3464101615137755,0.3464101615137755,1.0455039996486144,0.08286421801882345,0.10103626079323971,0.36826579372550194,0.15803116005636886,0.2102346336691331,0.4457756361105263,0.98046875,0.061279296875,0.026562500000002487
0.1,1.0,0.1,256,40,0.3286417062604053,0.328641706260405,0.3464101615137755,0.3464101615137755,0.9487068878819144,0.06362690306815957,0.10623234838727269,0.41089130638762006,0.11473043010608197,0.2961608762815381,0.3897109780301873,0.95703125,0.059814453125,0.010937500000007816
0.1,1.0,0.1,256,41,0.33885362229692967,0.3388536222969301,0.3464101615137755,0.3464101615137755,0.9781861502450604,0.07302613841589281,0.10643372763187084,0.3640044588643757,0.11305226973445215,0.25095218912992356,0.3859900078004761,0.9765625,0.06103515625,-0.045312500000008527
0.1,1.0,0.1,256,42,0.38698302207590496,0.3869830220759048,0.3464101615137755,0.3464101615137755,1.117123759836693,0.08918658679310157,0.11364375138250071,0.404453440651217,0.0529687384791937,0.3514847021720233,0.39373245153563424,0.96875,0.060546875,-0.015625000000003553
0.1,1.0,0.1,256,43,0.3351626237738932,0.3351626237738935,0.3464101615137755,0.3464101615137755,0.9675311552907924,0.07559833793937493,0.10247362481779182,0.32702166347979134,0.1460531265184376,0.18096853696135373,0.4131705458893716,0.96484375,0.060302734375,-0.07187500000000391
0.1,1.0,0.1,256,44,0.34374644884529415,0.34374644884529404,0.3464101615137755,0.3464101615137755,0.9923105238690423,0.07850524999911386,0.10285877651188025,0.335611264703053,0.14284352906769882,0.1927677356353542,0.4352844966790859,0.9609375,0.06005859375,0.060937499999999645
0.1,1.0,0.1,256,45,0.35960250950702527,0.3596025095070253,0.3464101615137755,0.3464101615137755,1.0380830283257299,0.0740147088060935,0.11036274284356967,0.42763560845477677,0.08031047630360899,0.3473251321511678,0.39372465385618155,0.98046875,0.061279296875,-0.007812499999994671
0.1,1.0,0.1,256,46,0.3543500597484783,0.35435005974847833,0.3464101615137755,0.3464101615137755,1.0229205119157194,0.07633876183943925,0.10254296896817686,0.3920328819304646,0.14547525859854904,0.24655762333191555,0.4282028814293541,0.97265625,0.060791015625,-0.007812500000001776
0.1,1.0,0.1,256,47,0.33888604279314904,0.3388860427931497,0.3464101615137755,0.3464101615137755,0.978279740156158,0.07822507825207145,0.09951569662125778,0.3188564614785644,0.17070252815621278,0.1481539333223516,0.4333190108990351,0.9921875,0.06201171875,-0.01249999999999929
0.1,1.0,0.1,256,48,0.32582527430357555,0.32582527430357555,0.3464101615137755,0.3464101615137755,0.9405765491397649,0.06975942147153796,0.10451364609433733,0.34289717977320655,0.12905294921388077,0.21384423055932578,0.4027789790652391,0.98046875,0.061279296875,0.009375000000002132
0.1,1.0,0.1,256,49,0.3543500597484784,0.3543500597484784,0.3464101615137755,0.3464101615137755,1.0229205119157196,0.07198555441796886,0.09976926034390116,0.42670212343528224,0.16858949713419313,0.2581126263010891,0.46615660448148244,0.97265625,0.060791015625,0.0078125
0.1,1.0,0.1,256,50,0.3230674211271542,0.3230674211271541,0.3464101615137755,0.3464101615137755,0.9326153127708032,0.07361205797610124,0.09775414814631589,0.29471827683537033,0.1853820987807353,0.10933617805463502,0.44146080004228,0.97265625,0.060791015625,0.0015625000000003553
0.1,1.0,0.1,512,1,0.3534558392125355,0.35345583921253654,0.3464101615137755,0.3464101615137755,1.020339119580012,0.08126515897196358,0.09261075783121964,0.3495198207034931,0.2282436847398659,0.12127613596362719,0.48875973111142884,0.953125,0.119140625,0.019531249999998224
0.1,1.0,0.1,512,2,0.3467122013802471,0.3467122013802469,0.3464101615137755,0.3464101615137755,1.000871913991067,0.07937255888212792,0.09560577197879888,0.3397139366010884,0.20328523351003747,0.13642870309105093,0.4610186714605798,0.95703125,0.11962890625,-0.010156249999988987
0.1,1.0,0.1,512,3,0.3381792932380696,0.33817929323807044,0.3464101615137755,0.3464101615137755,0.9762395299267842,0.07290888269957585,0.09556545146052381,0.3624908557393466,0.20362123782900865,0.15886961791033793,0.46622330769362064,0.9453125,0.1181640625,-0.0031250000000149214
0.1,1.0,0.1,512,4,0.34408985330642655,0.3440898533064267,0.3464101615137755,0.3464101615137755,0.9933018471594209,0.07554200107408852,0.0939730615304635,0.36196463319061023,0.21689115391283342,0.1450734792777768,0.4792384710082501,0.947265625,0.118408203125,-0.02578124999999787
0.1,1.0,0.1,512,5,0.34691634747938543,0.34691634747938443,0.3464101615137755,0.3464101615137755,1.0014612330175245,0.08214269218268826,0.0950233701183005,0.3174736824568194,0.2081385823475188,0.10933510010930059,0.4664703600180964,0.939453125,0.117431640625,-0.02421875000000462
0.1,1.0,0.1,512,6,0.34820970692960324,0.3482097069296044,0.3464101615137755,0.3464101615137755,1.0051948401512354,0.08505724739747564,0.09605612685630728,0.29849692868061894,0.19953227619747305,0.0989646524831459,0.45595638431474217,0.9375,0.1171875,2.3092638912203256e-14
0.1,1.0,0.1,512,7,0.33523181694724236,0.3352318169472433,0.3464101615137755,0.3464101615137755,0.9677308987770884,0.0774770445879565,0.09410201052372452,0.3105820541976717,0.21581657896898876,0.09476547522868295,0.4714002955467967,0.951171875,0.118896484375,0.010937499999995381
0.1,1.0,0.1,512,8,0.33116799545085507,0.3311679954508552,0.3464101615137755,0.3464101615137755,0.9559996566026995,0.08010160343567596,0.09401271665025546,0.26962736831817924,0.2165606945812436,0.05306667373693563,0.46614072771627824,0.9375,0.1171875,0.003906250000003553
0.1,1.0,0.1,512,9,0.34603995772706575,0.3460399577270656,0.3464101615137755,0.3464101615137755,0.9989313137204405,0.07541969644184332,0.09273100266187884,0.3701570399294719,0.22724164448437112,0.1429153954451008,0.49044116255549053,0.943359375,0.117919921875,-0.029687499999999645
0.1,1.0,0.1,512,10,0.3499860488290927,0.34998604882909373,0.3464101615137755,0.3464101615137755,1.0103226975204507,0.0857651860516389,0.09413538357600042,0.29982021432769135,0.21553847020001138,0.08428174412767997,0.47118248570727683,0.916015625,0.114501953125,-0.003124999999998934
0.1,1.0,0.1,512,11,0.33116799545085623,0.3311679954508552,0.3464101615137755,0.3464101615137755,0.9559996566027029,0.07725275705585527,0.09494499023613477,0.29560337052589725,0.2087917480322422,0.08681162249365504,0.4608484298477031,0.9296875,0.1162109375,-0.0039062499999964473
0.1,1.0,0.1,512,12,0.3311679954508552,0.3311679954508551,0.3464101615137755,0.3464101615137755,0.9559996566026998,0.07962317995255697,0.09248027740989606,0.27398967073706393,0.22933102158423135,0.044658649152832575,0.47983034496637883,0.947265625,0.118408203125,0.0039062499999982236
0.1,1.0,0.1,512,13,0.35401919417420064,0.3540191941742005,0.3464101615137755,0.3464101615137755,1.0219653852738455,0.08052917391627083,0.09235896888342426,0.3574608038160232,0.2303419259714914,0.1271188778445318,0.49259990932613384,0.9375,0.1171875,0.01718750000000213
0.1,1.0,0.1,512,14,0.336041953237893,0.3360419532378929,0.3464101615137755,0.3464101615137755,0.9700695608045256,0.077561486997774,0.09823880512432595,0.31315439128096556,0.18134329063064947,0.1318111006503161,0.4448269934232884,0.935546875,0.116943359375,-0.02265625000000071
0.1,1.0,0.1,512,15,0.33628252630786626,0.3362825263078662,0.3464101615137755,0.3464101615137755,0.9707640354380698,0.07619941867032141,0.09674100929436474,0.3261813064040705,0.1938249225469817,0.1323563838570888,0.4501003967914844,0.9296875,0.1162109375,-0.006249999999999645
0.1,1.0,0.1,512,16,0.35701329960346156,0.3570132996034614,0.3464101615137755,0.3464101615137755,1.0306086231516751,0.0784503402854838,0.09584469709822754,0.3845028563040601,0.20129419084815603,0.18320866545590409,0.4801898266213416,0.94921875,0.11865234375,0.03593749999999751
0.1,1.0,0.1,512,17,0.33360655713120757,0.3336065571312083,0.3464101615137755,0.3464101615137755,0.9630391778156346,0.07876702108332202,0.09092899519776451,0.29225751828743596,0.24225837335199263,0.04999914493544333,0.49347798706844137,0.94140625,0.11767578125,-0.016406250000002842
0.1,1.0,0.1,512,18,0.34601438141851476,0.34601438141851415,0.3464101615137755,0.3464101615137755,0.9988574812773066,0.07853492541136196,0.09420321970037715,0.34404426106385133,0.21497316916356468,0.12907109190028665,0.4767902325048073,0.927734375,0.115966796875,-0.024218749999997513
0.1,1.0,0.1,512,19,0.35254376944572374,0.35254376944572374,0.3464101615137755,0.3464101615137755,1.0177062009530697,0.0879098520299769,0.09195470999224571,0.29268729096647583,0.2337107500646438,0.05897654090183202,0.48983910057982194,0.9453125,0.1181640625,0.009374999999996803
0.1,1.0,0.1,512,20,0.3441253277672796,0.3441253277672796,0.3464101615137755,0.3464101615137755,0.9934042531070353,0.08452704322291253,0.09842570607749625,0.2862232435514359,0.1797857826875433,0.10643746086389261,0.43758326909025036,0.9296875,0.1162109375,-0.00390625
0.1,1.0,0.1,512,21,0.32897861436716275,0.32897861436716064,0.3464101615137755,0.3464101615137755,0.9496794578125574,0.0779556732813018,0.09594285037821156,0.2797016952267638,0.20047624684826892,0.07922544837849488,0.4504829779173766,0.94140625,0.11767578125,0.02890625000000746
0.1,1.0,0.1,512,22,0.34414661068858027,0.34414661068858154,0.3464101615137755,0.3464101615137755,0.9934656916087456,0.08360457042579801,0.09423538954995272,0.294100253105553,0.2147050870837629,0.07939516602179009,0.4725433650892076,0.927734375,0.115966796875,0.0007812500000081712
0.1,1.0,0.1,512,23,0.3267147895503626,0.3267147895503626,0.3464101615137755,0.3464101615137755,0.9431443584756687,0.0726028929045482,0.09274742444400325,0.31983177860669165,0.22710479630000746,0.09272698230668419,0.47863455822572976,0.9296875,0.1162109375,0.02109374999999858
0.1,1.0,0.1,512,24,0.334935824951494,0.3349358249514938,0.3464101615137755,0.3464101615137755,0.9668764434849719,0.07581375610491949,0.09301539559331723,0.3241896963405686,0.2248717033890676,0.09931799295150101,0.4779428329502679,0.9453125,0.1181640625,-0.0023437499999978684
0.1,1.0,0.1,512,25,0.3504243730263886,0.35042437302638874,0.3464101615137755,0.3464101615137755,1.0115880304869564,0.08583850892556565,0.0976142035146855,0.3009736368741813,0.18654830404431744,0.11442533282986389,0.4495816481564587,0.93359375,0.11669921875,-0.003906250000003553
0.1,1.0,0.1,512,26,0.35443272788182273,0.35443272788182273,0.3464101615137755,0.3464101615137755,1.0231591542609184,0.08746881169394784,0.09325732478662083,0.30371732057446366,0.22285562677818826,0.08086169379627539,0.4774945718749914,0.939453125,0.117431640625,0.001562499999998579
0.1,1.0,0.1,512,27,0.3337455743503396,0.33374557435033986,0.3464101615137755,0.3464101615137755,0.9634404859600739,0.07896069242075994,0.09395129656623091,0.2911082579677676,0.21707252861476534,0.07403572935300229,0.4684976846996052,0.94140625,0.11767578125,-0.013281250000009237
0.1,1.0,0.1,512,28,0.35824210018331143,0.3582421001833125,0.3464101615137755,0.3464101615137755,1.0341558648794584,0.08262489944344785,0.09811450974687877,0.35619002773534514,0.18237908544270987,0.17381094229263527,0.4570338334049757,0.931640625,0.116455078125,0.02031249999999929
0.1,1.0,0.1,512,29,0.3432915977616557,0.34329159776165646,0.3464101615137755,0.3464101615137755,0.990997481891143,0.08520197433664256,0.09420938107293228,0.2770249489695985,0.2149218243922547,0.06210312457734379,0.46765509113034154,0.947265625,0.118408203125,-0.03906249999999645
0.1,1.0,0.1,512,30,0.3445976764195472,0.34459767641954586,0.3464101615137755,0.3464101615137755,0.9947678062147255,0.07317757873006744,0.09311572684991222,0.38375508855372,0.2240356095840904,0.15971947896962957,0.4862711763800268,0.94140625,0.11767578125,0.0015625000000021316
0.1,1.0,0.1,512,31,0.34121132879556876,0.3412113287955685,0.3464101615137755,0.3464101615137755,0.9849922626533575,0.08224582934958824,0.09309145245503198,0.29357347114109333,0.22423789620810541,0.06933557493298792,0.4767304014280144,0.951171875,0.118896484375,0.011718749999994671
0.1,1.0,0.1,512,32,0.3446145024131132,0.3446145024131131,0.3464101615137755,0.3464101615137755,0.9948163786742991,0.08684432125901721,0.09099530672595019,0.2687357782306373,0.24170577728377785,0.027030000946859478,0.49335327993243827,0.93359375,0.11669921875,-0.030468749999997158
0.1,1.0,0.1,512,33,0.33418145683707484,0.3341814568370748,0.3464101615137755,0.3464101615137755,0.9646987703153321,0.08226790712339664,0.09249515610944453,0.26334226531396365,0.22920703242131946,0.034135232892644196,0.478850460954495,0.947265625,0.118408203125,0.014062500000001421
0.1,1.0,0.1,512,34,0.3627078808572234,0.3627078808572235,0.3464101615137755,0.3464101615137755,1.047047463250583,0.0834635162433681,0.09340156285231963,0.365571486834952,0.22165364289737588,0.14391784393757612,0.49119837682307704,0.9453125,0.1181640625,-0.002343749999990763
0.1,1.0,0.1,512,35,0.33167628084238543,0.3316762808423864,0.3464101615137755,0.3464101615137755,0.9574669501408255,0.0759265363488614,0.09207614291384364,0.30981620429554957,0.23269880905132223,0.07711739524422734,0.4859613863819983,0.9609375,0.1201171875,-0.030468749999984723
0.1,1.0,0.1,512,36,0.3301342870120243,0.33013428701202424,0.3464101615137755,0.3464101615137755,0.9530155973755868,0.0780672935840119,0.09153861366835278,0.28371169472497726,0.23717821943041084,0.04653347529456642,0.4870935842488776,0.93359375,0.11669921875,0.00859374999999396
0.1,1.0,0.1,512,37,0.3536975101848147,0.35369751018481455,0.3464101615137755,0.3464101615137755,1.0210367635845157,0.08871036331201787,0.09232127332202592,0.29089531851268424,0.23065605564982117,0.060239262862863074,0.4854641742946584,0.96484375,0.12060546875,0.028906250000000355
0.1,1.0,0.1,512,38,0.3383949000774658,0.33839490007746603,0.3464101615137755,0.3464101615137755,0.9768619332606068,0.08171909525677917,0.09771437924562355,0.2863653456882118,0.1857135062865073,0.10065183940170452,0.44389515267610213,0.935546875,0.116943359375,-0.013281249999995026
0.1,1.0,0.1,512,39,0.34891625601415815,0.34891625601415827,0.3464101615137755,0.3464101615137755,1.0072344716720527,0.0800646055874211,0.09474281205204063,0.34234494721110886,0.21047656623303246,0.1318683809780764,0.4756283962793064,0.951171875,0.118896484375,-0.021093750000005684
0.1,1.0,0.1,512,40,0.3454750748516458,0.3454750748516447,0.3464101615137755,0.3464101615137755,0.9973006373195189,0.07822015069352853,0.09230949592601081,0.34463203460900804,0.23075420061661034,0.1138778339923977,0.4877743293393388,0.953125,0.119140625,-0.0046875000000135
0.1,1.0,0.1,512,41,0.34460121880225525,0.3446012188022552,0.3464101615137755,0.3464101615137755,0.9947780321927758,0.08414934009603578,0.09941540268103864,0.29137397813864463,0.1715383109913604,0.11983566714728422,0.42641079050802005,0.92578125,0.11572265625,0.02499999999999858
0.1,1.0,0.1,512,42,0.3471388354732874,0.3471388354732874,0.3464101615137755,0.3464101615137755,1.0021035005333783,0.08055005029459097,0.09400157455735542,0.3315646467581508,0.21665354535539882,0.11491110140275196,0.4745065188147626,0.94921875,0.11865234375,-0.010937500000007816
0.1,1.0,0.1,512,43,0.323976754567361,0.32397675456736197,0.3464101615137755,0.3464101615137755,0.9352403323032359,0.07697783517829959,0.09106321886298026,0.2666049197750441,0.24113984280852485,0.02546507696651923,0.49133990126673094,0.94921875,0.11865234375,-0.006249999999985434
0.1,1.0,0.1,512,44,0.34126141092414514,0.34126141092414336,0.3464101615137755,0.3464101615137755,0.9851368373054333,0.0769015386220539,0.09374118086496386,0.33967055255638623,0.2188234927920074,0.12084705976437882,0.47658077965903584,0.947265625,0.118408203125,0.010156250000010303
0.1,1.0,0.1,512,45,0.3678717029668765,0.3678717029668775,0.3464101615137755,0.3464101615137755,1.061954133675861,0.08894893481906249,0.09436118740941785,0.3427236798562564,0.21365677158821483,0.12906690826804157,0.4752819675353354,0.953125,0.119140625,0.01718749999999858
0.1,1.0,0.1,512,46,0.3496510537307164,0.34965105373071614,0.3464101615137755,0.3464101615137755,1.009355649969327,0.0847967553921781,0.09628079256183436,0.3063992529627746,0.1976600619847394,0.1087391909780352,0.4603218413514808,0.9453125,0.1181640625,-0.015624999999992895
0.1,1.0,0.1,512,47,0.3358311968436487,0.3358311968436483,0.3464101615137755,0.3464101615137755,0.9694611594997737,0.0747870392798536,0.09337815327522636,0.33689200220738713,0.22184872270647293,0.1150432795009142,0.481961590896774,0.9375,0.1171875,-0.005468750000002132
0.1,1.0,0.1,512,48,0.34865026435661534,0.3486502643566152,0.3464101615137755,0.3464101615137755,1.00646661989663,0.08623095332188636,0.09489072504001905,0.29061305829724793,0.20924395799988105,0.08136910029736688,0.4638597188659738,0.9296875,0.1162109375,-0.0023437499999978684
0.1,1.0,0.1,512,49,0.3421759059108882,0.3421759059108882,0.3464101615137755,0.3464101615137755,0.9877767569392767,0.08115289480997641,0.09498131538145999,0.3068852122093618,0.20848903848785694,0.09839617372150489,0.46398963836220963,0.931640625,0.116455078125,0.010156250000001421
0.1,1.0,0.1,512,50,0.3343457931169461,0.33434579311694584,0.3464101615137755,0.3464101615137755,0.9651731682924387,0.07891110038089333,0.09436979579929453,0.29409481270171145,0.2135850350059061,0.08050977769580536,0.4661744903213542,0.9296875,0.1162109375,-0.009374999999991473
0.1,1.0,0.1,1024,1,0.35403449490690364,0.35403449490690125,0.3464101615137755,0.3464101615137755,1.0220095546845698,0.08683158345553246,0.09135315368920655,0.3072340034230798,0.23872371925663383,0.068510284166446,0.49584117759999696,0.876953125,0.21923828125,-0.011328124999989697
0.1,1.0,0.1,1024,2,0.3592391047408391,0.35923910474083903,0.3464101615137755,0.3464101615137755,1.0370339691278179,0.0852280207191471,0.09233252395652178,0.3395876411925316,0.23056230036235092,0.10902534083018067,0.4918071815234497,0.876953125,0.21923828125,-0.0031250000000007105
0.1,1.0,0.1,1024,3,0.3447479742819179,0.34474797428191745,0.3464101615137755,0.3464101615137755,0.9952016787712172,0.08109522784126531,0.09107412185406116,0.3176741068136716,0.24104898454950874,0.07662512226416285,0.49573983371549596,0.8818359375,0.220458984375,0.007421875000002132
0.1,1.0,0.1,1024,4,0.34699375078802086,0.34699375078802086,0.3464101615137755,0.3464101615137755,1.0016846771229087,0.08817194779442757,0.09159867690515047,0.2677032140234086,0.23667769245710524,0.031025521566303338,0.487974855796213,0.8798828125,0.219970703125,0.014843749999998934
0.1,1.0,0.1,1024,5,0.3481536119301385,0.3481536119301362,0.3464101615137755,0.3464101615137755,1.0050329078360296,0.0837825911703042,0.09166127992492701,0.3087868727167935,0.23615600062564157,0.07263087209115193,0.49061383881579446,0.8818359375,0.220458984375,0.01874999999999538
0.1,1.0,0.1,1024,6,0.3440401829160906,0.3440401829160912,0.3464101615137755,0.3464101615137755,0.9931584610932649,0.08330841875541847,0.09086790763666525,0.2961654989306405,0.24276743636114506,0.05339806256949542,0.4951574604990035,0.8916015625,0.222900390625,0.0085937500000135
0.1,1.0,0.1,1024,7,0.3442813719705719,0.34428137197057096,0.3464101615137755,0.3464101615137755,0.9938547139209166,0.08571676483936778,0.09037915307889172,0.2768327977341858,0.24684039100925526,0.02999240672493053,0.4983868828805636,0.876953125,0.21923828125,-0.014843749999984723
0.1,1.0,0.1,1024,8,0.3445790783128561,0.3445790783128555,0.3464101615137755,0.3464101615137755,0.9947141181052029,0.0856362998832802,0.09099292410214802,0.27875953566830214,0.24172563248212287,0.03703390318617927,0.49251031656501815,0.8935546875,0.223388671875,-0.0039062499999964473
0.1,1.0,0.1,1024,9,0.3460214371407303,0.34602143714073097,0.3464101615137755,0.3464101615137755,0.9988778493929089,0.08557438623043918,0.09121597222598646,0.28527696095697874,0.2398668981168014,0.045410062840177345,0.4929500986135546,0.8857421875,0.221435546875,0.01640624999999396
0.1,1.0,0.1,1024,10,0.33493582495149415,0.33493582495149576,0.3464101615137755,0.3464101615137755,0.9668764434849725,0.07953694907861253,0.09080974330270494,0.291000835856577,0.24325213914417831,0.047748696712398675,0.4945118875872973,0.8876953125,0.221923828125,-0.00234375000000675
0.1,1.0,0.1,1024,11,0.35042437302638985,0.3504243730263878,0.3464101615137755,0.3464101615137755,1.0115880304869598,0.08483975688863657,0.09365279366067965,0.30910697950533206,0.2195600528277024,0.08954692667762965,0.47687760468963103,0.8701171875,0.217529296875,0.003906249999991118
0.1,1.0,0.1,1024,12,0.35153038047718865,0.3515303804771874,0.3464101615137755,0.3464101615137755,1.014780798984182,0.08741987698611602,0.09131163825944115,0.29256838803112617,0.23906968117136274,0.053498706859763434,0.49196522739696047,0.87890625,0.2197265625,0.013281250000005684
0.1,1.0,0.1,1024,13,0.3530411612311498,0.3530411612311498,0.3464101615137755,0.3464101615137755,1.019142047359112,0.08953013518126032,0.09067170089593021,0.28167901452459776,0.2444024925339171,0.037276521990680656,0.4969134185407682,0.8798828125,0.219970703125,-0.007031249999991829
0.1,1.0,0.1,1024,14,0.3534290726227816,0.35342907262278117,0.3464101615137755,0.3464101615137755,1.0202618510910135,0.08702288630097228,0.09147083796078283,0.3033270614322865,0.23774301699349576,0.06558404443879073,0.4933214763016272,0.89453125,0.2236328125,0.009374999999984368
0.1,1.0,0.1,1024,15,0.35795554421025366,0.3579555442102557,0.3464101615137755,0.3464101615137755,1.0333286490385445,0.08848505197198007,0.09130473134799125,0.309423614337083,0.23912723876677133,0.07029637557031165,0.49205582805958403,0.89453125,0.2236328125,-0.021484374999989342
0.1,1.0,0.1,1024,16,0.338161244591618,0.338161244591617,0.3464101615137755,0.3464101615137755,0.9761874279723475,0.08342967163666573,0.09090593484404541,0.2704200879101206,0.24245054296632884,0.02796954494379178,0.4932274113882665,0.8857421875,0.221435546875,0.004687499999995737
0.1,1.0,0.1,1024,17,0.3436496657548738,0.3436496657548761,0.3464101615137755,0.3464101615137755,0.9920311351525064,0.08438283640960619,0.09031246325268381,0.2854670382325524,0.24739613956098572,0.038070898671566655,0.4978041889842118,0.8828125,0.220703125,-0.0054687499999914735
0.1,1.0,0.1,1024,18,0.35556317427208184,0.35556317427208123,0.3464101615137755,0.3464101615137755,1.0264224718995212,0.08569391486628376,0.09176760559769948,0.32217679234838004,0.23526995335252876,0.08690683899585128,0.49368492874167863,0.8857421875,0.221435546875,-0.011718749999998224
0.1,1.0,0.1,1024,19,0.3635457706310877,0.3635457706310878,0.3464101615137755,0.3464101615137755,1.049466242683042,0.09227759466953678,0.09142499389953444,0.3018028488659493,0.23812505083725355,0.06367779802869578,0.49564746845971946,0.9013671875,0.225341796875,-0.004687499999992184
0.1,1.0,0.1,1024,20,0.33878674522512664,0.3387867452251264,0.3464101615137755,0.3464101615137755,0.9779930927680199,0.07575594741481509,0.09123838688276109,0.3399696397127213,0.239680109310356,0.10028953040236532,0.49479978805157965,0.8701171875,0.217529296875,-0.00820312500000675
0.1,1.0,0.1,1024,21,0.3434477986257293,0.34344779862572733,0.3464101615137755,0.3464101615137755,0.9914483949457458,0.08530529477532293,0.09122832141319319,0.2768065002676938,0.23976398822342282,0.037042512044271,0.49133216977416255,0.892578125,0.22314453125,-0.003515625000003908
0.1,1.0,0.1,1024,22,0.3372530563589273,0.33725305635892733,0.3464101615137755,0.3464101615137755,0.9735657143692533,0.07985368483516193,0.09130567490140426,0.2979255424766759,0.23911937582164966,0.05880616665502625,0.49142092071239574,0.8828125,0.220703125,0.017968750000003197
0.1,1.0,0.1,1024,23,0.35376890098302,0.35376890098302194,0.3464101615137755,0.3464101615137755,1.021242851067323,0.08809116870201755,0.09146317335022613,0.29612900868504044,0.2378068887481486,0.05832211993689185,0.4910952900499816,0.8779296875,0.219482421875,-0.001953125000005329
0.1,1.0,0.1,1024,24,0.34208023968194684,0.342080239681947,0.3464101615137755,0.3464101615137755,0.9875005923241184,0.08227067600621976,0.09321270219551828,0.2969453415730098,0.22322748170404005,0.07371785986896973,0.47936372701869717,0.8515625,0.212890625,-0.003515624999998579
0.1,1.0,0.1,1024,25,0.34827433644719547,0.34827433644719535,0.3464101615137755,0.3464101615137755,1.0053814094981328,0.08583317929606775,0.09082221500550719,0.2923601979136109,0.24314820828747075,0.04921198962614015,0.4952956051345999,0.8798828125,0.219970703125,-0.010546874999997513
0.1,1.0,0.1,1024,26,0.35680381158409424,0.3568038115840946,0.3464101615137755,0.3464101615137755,1.0300038833298064,0.087907865036346,0.09346670282422802,0.30949192371598533,0.22111080979811037,0.08838111391787495,0.4780389716022272,0.875,0.21875,-0.03359375000000142
0.1,1.0,0.1,1024,27,0.3444185171999857,0.34441851719998373,0.3464101615137755,0.3464101615137755,0.9942506180965173,0.08495274214103458,0.09183214018670613,0.28384930713263967,0.23473216511080996,0.04911714202182971,0.4864676837461464,0.8818359375,0.220458984375,0.016796875000002487
0.1,1.0,0.1,1024,28,0.347746652571954,0.34774665257195386,0.3464101615137755,0.3464101615137755,1.0038581173610444,0.08633185411000338,0.09088901293076698,0.2860872275810058,0.24259155891029993,0.04349566867070587,0.49428377372157717,0.87109375,0.2177734375,0.0031250000000007105
0.1,1.0,0.1,1024,29,0.3440907402125222,0.34409074021251995,0.3464101615137755,0.3464101615137755,0.9933044074367862,0.07846914942124654,0.09198575980472212,0.33724505932566373,0.2334520016273478,0.10379305769831593,0.4902691879649786,0.875,0.21875,0.018749999999990052
0.1,1.0,0.1,1024,30,0.34126565862368546,0.34126565862368574,0.3464101615137755,0.3464101615137755,0.9851490993577985,0.08313702347159435,0.0910297978477443,0.2861461662824131,0.24141835126883415,0.04472781501357892,0.4925105230940389,0.8896484375,0.222412109375,0.01601562500000142
0.1,1.0,0.1,1024,31,0.3547528849424616,0.35475288494246127,0.3464101615137755,0.3464101615137755,1.0240833680866326,0.09263808974650126,0.0913040669394008,0.2638984721004273,0.23913277550501943,0.024765696595407838,0.48978649156204074,0.875,0.21875,0.009374999999996803
0.1,1.0,0.1,1024,32,0.3569327253965147,0.35693272539651677,0.3464101615137755,0.3464101615137755,1.0303760254513226,0.08890763080227757,0.09249611808183407,0.30214322165701246,0.22919901598473325,0.07294420567227922,0.4852808650754963,0.8837890625,0.220947265625,-0.023828124999983658
0.1,1.0,0.1,1024,33,0.3528636944561388,0.3528636944561383,0.3464101615137755,0.3464101615137755,1.0186297449074877,0.08503400901960882,0.09165001571718898,0.3170660527288296,0.23624986902345024,0.08081618370537935,0.4938972392411739,0.87890625,0.2197265625,-0.004296874999996092
0.1,1.0,0.1,1024,34,0.34795874305042945,0.34795874305042956,0.3464101615137755,0.3464101615137755,1.0044703698352462,0.08189328288706192,0.09191286678175004,0.3236168585070973,0.23405944348544172,0.0895574150216556,0.4913034817401534,0.8828125,0.220703125,0.004296875000010303
0.1,1.0,0.1,1024,35,0.34476766973391054,0.34476766973391026,0.3464101615137755,0.3464101615137755,0.995258534643766,0.08510531957197345,0.09107529941695838,0.2840154682629831,0.24103917152536503,0.04297629673761805,0.4930478242988322,0.888671875,0.22216796875,0.014062499999996092
0.1,1.0,0.1,1024,36,0.35131501705867524,0.35131501705867474,0.3464101615137755,0.3464101615137755,1.0141590983459203,0.08811343499535874,0.0910542683298423,0.2860813891333658,0.2412144305846804,0.04486695854868539,0.49396038087609107,0.8955078125,0.223876953125,0.0039062499999964473
0.1,1.0,0.1,1024,37,0.3411458084844162,0.3411458084844164,0.3464101615137755,0.3464101615137755,0.984803121806951,0.0832929773928102,0.09148226264844436,0.2843044657261887,0.23764781126300227,0.04665665446318645,0.4888454829585224,0.8916015625,0.222900390625,0.005078125000007816
0.1,1.0,0.1,1024,38,0.3404063231547697,0.34040632315477176,0.3464101615137755,0.3464101615137755,0.9826684115362849,0.08255644175012211,0.09068846095890584,0.28754780479847974,0.2442628253424829,0.04328497945599685,0.4951613004596369,0.876953125,0.21923828125,-0.007812499999991118
0.1,1.0,0.1,1024,39,0.3384190232577583,0.33841902325775824,0.3464101615137755,0.3464101615137755,0.9769315708837847,0.07711764448113567,0.0915060910357306,0.3266447967049343,0.23744924136892553,0.08919555533600876,0.49195959330737105,0.87890625,0.2197265625,0.0019531249999964473
0.1,1.0,0.1,1024,40,0.3490500501360797,0.3490500501360797,0.3464101615137755,0.3464101615137755,1.0076207020335897,0.08623695361528666,0.09133508970126392,0.29218787670684754,0.23887425248949656,0.053313624217350974,0.49194506651475145,0.8974609375,0.224365234375,0.018749999999998934
0.1,1.0,0.1,1024,41,0.3430924107929968,0.3430924107929959,0.3464101615137755,0.3464101615137755,0.9904224786412716,0.0808052864408846,0.09199557029509303,0.31353634084441817,0.2333702475409175,0.08016609330350066,0.4871321719054411,0.888671875,0.22216796875,0.020312499999986855
0.1,1.0,0.1,1024,42,0.35858247361082757,0.3585824736108255,0.3464101615137755,0.3464101615137755,1.0351384383294657,0.08708174532723385,0.09285221156653503,0.32275001017411986,0.22623157027888097,0.0965184398952389,0.48506334883527247,0.8818359375,0.220458984375,-0.0035156250000021316
0.1,1.0,0.1,1024,43,0.35000000000000137,0.34999999999999964,0.3464101615137755,0.3464101615137755,1.010362971081849,0.08540430014559779,0.09116920294898276,0.30282203962777177,0.2402566420918375,0.06256539753593426,0.49435837918531833,0.876953125,0.21923828125,-5.329070518200751e-15
0.1,1.0,0.1,1024,44,0.34780083896388897,0.3478008389638885,0.3464101615137755,0.3464101615137755,1.0040145400008946,0.08355174147309956,0.09132227446074535,0.3092923663836,0.23898104616046334,0.07031132022313669,0.49283341472492304,0.8720703125,0.218017578125,-0.011328124999995026
0.1,1.0,0.1,1024,45,0.3436709781330662,0.343670978133064,0.3464101615137755,0.3464101615137755,0.9920926586889386,0.08312353474558001,0.09136989653467403,0.2962177895460262,0.23858419554442423,0.05763359400160195,0.49029143712465423,0.890625,0.22265625,-0.003906249999989342
0.1,1.0,0.1,1024,46,0.3452786942586874,0.34527869425868757,0.3464101615137755,0.3464101615137755,0.9967337353784782,0.08556070928507309,0.09166287227865279,0.28231343746196336,0.23614273101125016,0.046170706450713195,0.4884413889307354,0.8857421875,0.221435546875,0.0011718749999953815
0.1,1.0,0.1,1024,47,0.352410219270788,0.35241021927078914,0.3464101615137755,0.3464101615137755,1.0173206748058223,0.08586483095470432,0.0929423847837801,0.3086175808598922,0.2254801268018536,0.08313745405803863,0.4818731867058285,0.8994140625,0.224853515625,-0.0050781249999953815
0.1,1.0,0.1,1024,48,0.3435828339983826,0.3435828339983822,0.3464101615137755,0.3464101615137755,0.9918382084895032,0.08009673432256809,0.09118252545735855,0.321496809195434,0.2401456211887053,0.08135118800672869,0.49535999769534894,0.875,0.21875,0.015234374999984368
0.1,1.0,0.1,1024,49,0.34663539549807754,0.34663539549807737,0.3464101615137755,0.3464101615137755,1.0006501945073372,0.08193706852637209,0.09113684595585037,0.31807814758375275,0.24052628370125118,0.07755186388250157,0.49455854650386516,0.8857421875,0.221435546875,0.0003906250000049738
0.1,1.0,0.1,1024,50,0.3316541976757399,0.3316541976757399,0.3464101615137755,0.3464101615137755,0.9574032015297887,0.07768658656733105,0.09092454206518384,0.29372303397656285,0.2422954827901319,0.05142755118643094,0.4927401175271933,0.8779296875,0.219482421875,0.0023437499999996447
0.2,1.0,0.2,32,1,0.6855654600401049,0.6855654600401048,0.692820323027551,0.692820323027551,0.9895285072531603,0.0383333333333334,0.8144444444444452,0.9184397163120567,-0.6967592592591902,1.6151989755712468,0.17414855408243712,1.0,0.0078125,0.10000000000000142
0.2,1.0,0.2,32,2,0.556214886532175,0.556214886532175,0.692820323027551,0.692820323027551,0.8028270361665708,0.051666666666666757,0.8501388888888892,0.8329966329966328,-0.7711226851850799,1.6041193181817128,0.08453331801575889,1.0,0.0078125,0.1750000000000025
0.2,1.0,0.2,32,3,0.8108637370113432,0.8108637370113433,0.692820323027551,0.692820323027551,1.170380992099012,0.0833333333333334,0.9552777777777783,0.873257287705957,-0.990162037036987,1.863419324742944,0.2421680017840705,1.0,0.0078125,0.15000000000000036
0.2,1.0,0.2,32,4,0.7838207703295443,0.7838207703295443,0.692820323027551,0.692820323027551,1.1313478318654555,0.09666666666666668,0.8428472222222225,0.842658528314683,-0.7559317129628844,1.5985902412775674,0.1396400745069799,1.0,0.0078125,-0.07499999999999929
0.2,1.0,0.2,32,5,0.5782516753110195,0.5782516753110195,0.692820323027551,0.692820323027551,0.8346344010004229,0.023333333333333373,0.7846527777777782,0.9302180685358256,-0.6346932870369573,1.5649113555727827,0.0334485108923765,1.0,0.0078125,-0.07500000000000107
0.2,1.0,0.2,32,6,0.5567764362830024,0.5567764362830023,0.692820323027551,0.692820323027551,0.8036375634160798,0.06500000000000007,0.6850000000000004,0.7903225806451611,-0.4270833333332915,1.2174059139784528,0.130979392668564,0.96875,0.007568359375,-0.09999999999999964
0.2,1.0,0.2,32,7,0.5471517157059825,0.5471517157059825,0.692820323027551,0.692820323027551,0.7897454758760364,0.05266666666666676,0.6883638888888892,0.8240779401530967,-0.43409143518511795,1.2581693753382146,0.12309757271067233,1.0,0.0078125,-0.025000000000000355
0.2,1.0,0.2,32,8,0.7031180555212619,0.703118055521262,0.692820323027551,0.692820323027551,1.0148634965682168,0.10333333333333347,0.7588194444444447,0.7909818794774547,-0.5808738425925148,1.3718557220699696,0.28193900585867004,1.0,0.0078125,0.07499999999999929
0.2,1.0,0.2,32,9,0.556214886532175,0.556214886532175,0.692820323027551,0.692820323027551,0.8028270361665708,0.05000000000000003,0.588541666666667,0.8383838383838385,-0.22612847222217436,1.0645123106060128,0.14587137774125936,1.0,0.0078125,0.1750000000000025
0.2,1.0,0.2,32,10,0.6557438524302005,0.6557438524302004,0.692820323027551,0.692820323027551,0.946484724300046,0.03500000000000002,0.7350000000000003,0.9186046511627908,-0.5312499999999714,1.4498546511627621,0.09704317699822446,1.0,0.0078125,-0.3000000000000025
0.2,1.0,0.2,32,11,0.6475916923494313,0.6475916923494311,0.692820323027551,0.692820323027551,0.9347180947572735,0.04599999999999997,0.6984750000000006,0.8903129657228019,-0.4551562499999442,1.3454692157227461,0.13643151404182874,1.0,0.0078125,0.025000000000000355
0.2,1.0,0.2,32,12,0.6461423991660047,0.6461423991660049,0.692820323027551,0.692820323027551,0.9326262202333084,0.04166666666666667,0.785972222222223,0.9001996007984034,-0.6374421296296149,1.5376417304280183,0.16854974885066562,0.9375,0.00732421875,0.15000000000000213
0.2,1.0,0.2,32,13,0.6475916923494314,0.6475916923494314,0.692820323027551,0.692820323027551,0.9347180947572736,0.06666666666666676,0.8074305555555559,0.8410332836562344,-0.6821469907406863,1.5231802743969207,0.10716073652670853,1.0,0.0078125,-0.025000000000000355
0.2,1.0,0.2,32,14,0.6557438524302001,0.6557438524302001,0.692820323027551,0.692820323027551,0.9464847243000455,0.10000000000000006,0.6650000000000003,0.7674418604651162,-0.385416666666617,1.152858527131733,0.24967779339620616,1.0,0.0078125,0.1000000000000032
0.2,1.0,0.2,32,15,0.6000000000000005,0.6000000000000005,0.692820323027551,0.692820323027551,0.8660254037844393,0.036666666666666736,0.6788888888888893,0.8981481481481481,-0.4143518518517897,1.3124999999999378,0.18647490878363066,1.0,0.0078125,0.0
0.2,1.0,0.2,32,16,0.7681145747868612,0.7681145747868612,0.692820323027551,0.692820323027551,1.1086778913041728,0.06000000000000004,0.7833333333333339,0.8983050847457628,-0.6319444444443671,1.53024952919013,0.17747130188322327,1.0,0.0078125,-0.1000000000000032
0.2,1.0,0.2,32,17,0.6851094803022365,0.6851094803022364,0.692820323027551,0.692820323027551,0.988870357192152,0.04833333333333333,0.7894444444444447,0.8970261873058146,-0.6446759259258441,1.5417021132316586,0.12270032159188045,1.0,0.0078125,-0.1750000000000007
0.2,1.0,0.2,32,18,0.6557438524302005,0.6557438524302004,0.692820323027551,0.692820323027551,0.946484724300046,0.02333333333333331,0.6827777777777784,0.9457364341085273,-0.42245370370365065,1.368190137812178,0.23931721056524038,1.0,0.0078125,0.09999999999999964
0.2,1.0,0.2,32,19,0.5092887196865846,0.5092887196865845,0.692820323027551,0.692820323027551,0.7350949485157237,0.020000000000000035,0.719375,0.9228915662650603,-0.498697916666635,1.4215894829316953,0.15324283327164015,1.0,0.0078125,-0.02499999999999858
0.2,1.0,0.2,32,20,0.7053367989832945,0.7053367989832948,0.692820323027551,0.692820323027551,1.0180659769058849,0.03000000000000005,0.8325000000000004,0.9396984924623115,-0.7343749999999862,1.6740734924622978,0.2611023721987877,1.0,0.0078125,-0.15000000000000213
0.2,1.0,0.2,32,21,0.7466592261534042,0.7466592261534042,0.692820323027551,0.692820323027551,1.0777097630314638,0.04733333333333331,0.9865111111111111,0.9150971599402093,-1.0552314814814054,1.9703286414216148,0.11489189091916646,1.0,0.0078125,0.05000000000000071
0.2,1.0,0.2,32,22,0.7053367989832946,0.7053367989832946,0.692820323027551,0.692820323027551,1.018065976905885,0.11100000000000011,1.0083500000000005,0.7768844221105528,-1.1007291666666252,1.8776135887771779,0.11085110429245652,0.96875,0.007568359375,0.15000000000000036
0.2,1.0,0.2,32,23,0.6851094803022365,0.6851094803022364,0.692820323027551,0.692820323027551,0.988870357192152,0.07333333333333338,0.9492361111111118,0.8437638703950289,-0.9775752314813884,1.8213391018764171,0.07356913244130335,1.0,0.0078125,-0.1750000000000007
0.2,1.0,0.2,32,24,0.7031180555212622,0.7031180555212623,0.692820323027551,0.692820323027551,1.0148634965682173,0.08000000000000002,0.6018750000000002,0.838179519595449,-0.25390624999994227,1.0920857695953914,0.24652466565114936,1.0,0.0078125,0.07500000000000107
0.2,1.0,0.2,32,25,0.6437196594791872,0.6437196594791872,0.692820323027551,0.692820323027551,0.9291292967074072,0.04666666666666674,0.8042361111111114,0.8873805932629463,-0.6754918981480798,1.5628724914110261,0.18076213325297136,1.0,0.0078125,-0.07500000000000107
0.2,1.0,0.2,32,26,0.5656854249492386,0.5656854249492388,0.692820323027551,0.692820323027551,0.8164965809277267,0.049333333333333416,0.6533777777777778,0.8458333333333334,-0.3612037037036273,1.2070370370369607,0.12657238885417804,1.0,0.0078125,-0.20000000000000284
0.2,1.0,0.2,32,27,0.7466592261534042,0.7466592261534043,0.692820323027551,0.692820323027551,1.0777097630314638,0.07666666666666672,0.9738888888888892,0.8624813153961136,-1.0289351851851287,1.8914165005812422,0.1428647357850957,1.0,0.0078125,-0.049999999999998934
0.2,1.0,0.2,32,28,0.6763874629234344,0.6763874629234344,0.692820323027551,0.692820323027551,0.9762812094883321,0.04500000000000008,0.8693055555555558,0.901639344262295,-0.8110532407406388,1.7126925850029338,0.1843262671123687,1.0,0.0078125,0.2500000000000018
0.2,1.0,0.2,32,29,0.7031180555212619,0.703118055521262,0.692820323027551,0.692820323027551,1.0148634965682168,0.06499999999999996,0.9375000000000002,0.8685208596713023,-0.9531249999999161,1.8216458596712184,0.10349474830280328,1.0,0.0078125,-0.07500000000000107
0.2,1.0,0.2,32,30,0.5825590098865525,0.5825590098865525,0.692820323027551,0.692820323027551,0.8408515029421072,0.03933333333333336,0.6849194444444447,0.8841006752608963,-0.4269155092592014,1.3110161845200978,0.13862403247041075,1.0,0.0078125,-0.02500000000000213
0.2,1.0,0.2,32,31,0.6666145812986694,0.6666145812986696,0.692820323027551,0.692820323027551,0.9621752698962909,0.06000000000000002,0.6820138888888889,0.8649789029535866,-0.4208622685184773,1.285841171472064,0.1856529868735043,1.0,0.0078125,0.12500000000000178
0.2,1.0,0.2,32,32,0.6324555320336761,0.6324555320336761,0.692820323027551,0.692820323027551,0.912870929175277,0.05433333333333343,0.8962111111111112,0.8641666666666665,-0.8671064814813907,1.7312731481480572,0.25262970421375497,1.0,0.0078125,0.0
0.2,1.0,0.2,32,33,0.8332916656249483,0.8332916656249482,0.692820323027551,0.692820323027551,1.2027529186550885,0.07999999999999997,0.7481250000000004,0.8847884788478849,-0.5585937499999618,1.4433822288478466,0.30939917275465795,1.0,0.0078125,0.07500000000000107
0.2,1.0,0.2,32,34,0.5074445782546115,0.5074445782546113,0.692820323027551,0.692820323027551,0.7324331596352901,0.056666666666666775,0.6722222222222227,0.7799352750809061,-0.40046296296293193,1.180398238043838,0.17374049186626567,1.0,0.0078125,0.15000000000000213
0.2,1.0,0.2,32,35,0.7964766161036996,0.7964766161036997,0.692820323027551,0.692820323027551,1.1496149717767827,0.07433333333333336,0.8767944444444449,0.8828243021346469,-0.82665509259257,1.7094793947272169,0.2617791126321258,1.0,0.0078125,0.32500000000000107
0.2,1.0,0.2,32,36,0.6557438524302003,0.6557438524302003,0.692820323027551,0.692820323027551,0.9464847243000457,0.0933333333333334,0.822777777777778,0.7829457364341085,-0.7141203703703123,1.4970661068044206,0.313740724973365,1.0,0.0078125,-0.10000000000000142
0.2,1.0,0.2,32,37,0.8717797887081349,0.8717797887081349,0.692820323027551,0.692820323027551,1.2583057392117916,0.06666666666666672,0.8844444444444449,0.9122807017543859,-0.8425925925925026,1.7548732943468885,0.34555447434064956,1.0,0.0078125,0.0
0.2,1.0,0.2,32,38,0.695970545353753,0.6959705453537531,0.692820323027551,0.692820323027551,1.0045469542700998,0.0723333333333334,0.8481777777777784,0.8506666666666667,-0.7670370370369883,1.617703703703655,0.13360488117461547,1.0,0.0078125,-0.12500000000000355
0.2,1.0,0.2,32,39,0.6475916923494314,0.6475916923494313,0.692820323027551,0.692820323027551,0.9347180947572736,0.04166666666666674,0.8568055555555562,0.9006458022851465,-0.7850115740740222,1.6856573763591687,0.10453215489866359,1.0,0.0078125,0.02499999999999858
0.2,1.0,0.2,32,40,0.7053367989832946,0.7053367989832946,0.692820323027551,0.692820323027551,1.018065976905885,0.02933333333333339,0.8988777777777783,0.9410385259631491,-0.8726620370370328,1.813700563000182,0.17545843575358785,1.0,0.0078125,-0.15000000000000036
0.2,1.0,0.2,32,41,0.6461423991660047,0.646142399166005,0.692820323027551,0.692820323027551,0.9326262202333084,0.08000000000000008,0.7475000000000006,0.8083832335329344,-0.557291666666641,1.3656749001995754,0.12070113739631753,1.0,0.0078125,-0.15000000000000213
0.2,1.0,0.2,32,42,0.7745966692414836,0.7745966692414836,0.692820323027551,0.692820323027551,1.1180339887498951,0.040000000000000015,0.9933333333333338,0.9333333333333333,-1.0694444444443216,2.0027777777776548,0.21586862835039844,0.96875,0.007568359375,0.0
0.2,1.0,0.2,32,43,0.7466592261534042,0.7466592261534042,0.692820323027551,0.692820323027551,1.0777097630314638,0.05666666666666661,0.6313888888888894,0.8983557548579972,-0.3153935185185113,1.2137492733765085,0.28487677756067165,1.0,0.0078125,0.05000000000000071
0.2,1.0,0.2,32,44,0.6398241946034868,0.6398241946034869,0.692820323027551,0.692820323027551,0.9235066774708964,0.053333333333333365,0.7442361111111115,0.8697201017811707,-0.5504918981481302,1.4202119999293008,0.10801873680380884,1.0,0.0078125,0.2250000000000032
0.2,1.0,0.2,32,45,0.6614378277661483,0.6614378277661483,0.692820323027551,0.692820323027551,0.9547032697824676,0.07333333333333346,0.731944444444445,0.8323809523809524,-0.5248842592592005,1.357265211640153,0.17854261021112106,1.0,0.0078125,0.049999999999998934
0.2,1.0,0.2,32,46,0.5656854249492386,0.5656854249492386,0.692820323027551,0.692820323027551,0.8164965809277267,0.03333333333333339,0.6711111111111117,0.8958333333333334,-0.39814814814808197,1.2939814814814152,0.1633083639909762,1.0,0.0078125,0.0
0.2,1.0,0.2,32,47,0.6995534289816614,0.6995534289816614,0.692820323027551,0.692820323027551,1.0097184013377196,0.08357142857142869,0.8616581632653056,0.8292282430213463,-0.7951211734693298,1.6243494164906762,0.21515392560344504,1.0,0.0078125,0.22500000000000142
0.2,1.0,0.2,32,48,0.7838207703295446,0.7838207703295444,0.692820323027551,0.692820323027551,1.1313478318654557,0.0383333333333334,0.9831944444444445,0.937605968124788,-1.0483217592591685,1.9859277273839564,0.2116419440027245,1.0,0.0078125,-0.07500000000000284
0.2,1.0,0.2,32,49,0.6740734381356386,0.6740734381356388,0.692820323027551,0.692820323027551,0.9729412024029686,0.053333333333333344,0.8017361111111114,0.882622650160477,-0.670283564814727,1.552906214975204,0.14451832825402075,1.0,0.0078125,0.07499999999999929
0.2,1.0,0.2,32,50,0.643719659479187,0.6437196594791873,0.692820323027551,0.692820323027551,0.929129296707407,0.04733333333333342,0.7672194444444447,0.885771744595274,-0.5983738425925302,1.4841455871878042,0.22138198362716263,1.0,0.0078125,0.07499999999999929
0.2,1.0,0.2,64,1,0.7331439149307594,0.7331439149307594,0.692820323027551,0.692820323027551,1.0582020916000248,0.1765476190476192,0.7227862811791383,0.6715393133997786,-0.5058047524564904,1.177344065856269,0.2821232044762355,1.0,0.015625,-0.05000000000000071
0.2,1.0,0.2,64,2,0.7465545860819558,0.7465545860819557,0.692820323027551,0.692820323027551,1.0775587280979169,0.13214285714285726,0.9911688633786853,0.7629060034442707,-1.064935132038829,1.8278411354830997,0.07373005919964655,1.0,0.015625,-0.11249999999999716
0.2,1.0,0.2,64,3,0.5372092236736078,0.5372092236736077,0.692820323027551,0.692820323027551,0.7753947247477682,0.09866666666666679,0.5595423611111114,0.6581122541057569,-0.16571325231476797,0.8238255064205249,0.24147162815170678,1.0,0.015625,0.03749999999999787
0.2,1.0,0.2,64,4,0.8781194394841743,0.8781194394841743,0.692820323027551,0.692820323027551,1.267456236917078,0.21157142857142866,0.7135944019274378,0.7256216529164858,-0.4866550040154418,1.2122766569319277,0.30987721370156013,1.0,0.015625,-0.13750000000000284
0.2,1.0,0.2,64,5,0.7034513131695759,0.7034513131695754,0.692820323027551,0.692820323027551,1.0153445125506257,0.15033333333333349,0.5968895833333336,0.696200399957899,-0.24351996527776665,0.9397203652356656,0.3185482372195417,1.0,0.015625,0.18749999999999822
0.2,1.0,0.2,64,6,0.7465545860819558,0.7465545860819557,0.692820323027551,0.692820323027551,1.0775587280979169,0.15316666666666673,0.5931604166666667,0.7251845621904496,-0.23575086805547962,0.9609354302459292,0.3311525332611571,1.0,0.015625,0.11249999999999538
0.2,1.0,0.2,64,7,0.6304760106459253,0.630476010645925,0.692820323027551,0.692820323027551,0.9100137361600656,0.14408333333333354,0.5748722222222225,0.6375262054507338,-0.19765046296291433,0.8351766684136481,0.24384078323323446,1.0,0.015625,-0.049999999999998934
0.2,1.0,0.2,64,8,0.7389815626928729,0.7389815626928727,0.692820323027551,0.692820323027551,1.066628010367251,0.15085714285714294,0.6743220096371885,0.7237522992029429,-0.4048375200774206,1.1285898192803634,0.23754843367279269,0.984375,0.015380859375,-0.062499999999998224
0.2,1.0,0.2,64,9,0.7206767652699787,0.7206767652699789,0.692820323027551,0.692820323027551,1.0402073110683272,0.15073809523809534,0.9036941043083901,0.7097702137413329,-0.8826960506423993,1.5924662643837322,0.17594645467698997,0.984375,0.015380859375,-0.024999999999996803
0.2,1.0,0.2,64,10,0.526782687642637,0.5267826876426371,0.692820323027551,0.692820323027551,0.7603453162872774,0.1481904761904763,0.5986443310657599,0.465980265980266,-0.2471756897203108,0.7131559557005768,0.10100171711420061,0.984375,0.015380859375,0.05000000000000249
0.2,1.0,0.2,64,11,0.6628536791781429,0.6628536791781429,0.692820323027551,0.692820323027551,0.9567468752670863,0.10789285714285728,0.6258788832199547,0.7544401544401543,-0.3039143400415141,1.0583544944816685,0.36248924116340464,0.984375,0.015380859375,-0.02499999999999858
0.2,1.0,0.2,64,12,0.6372548548265448,0.6372548548265448,0.692820323027551,0.692820323027551,0.9197981549412536,0.09925000000000014,0.7162250000000001,0.7555983070411698,-0.49213541666660543,1.2477337237077752,0.1938586462702061,0.96875,0.01513671875,0.062499999999998224
0.2,1.0,0.2,64,13,0.7406711483512776,0.7406711483512776,0.692820323027551,0.692820323027551,1.0690667172039983,0.18364285714285733,0.7758073554421772,0.6652479960939087,-0.616265323837812,1.2815133199317206,0.2645130968071134,0.984375,0.015380859375,0.0375000000000032
0.2,1.0,0.2,64,14,0.7599342076785338,0.7599342076785335,0.692820323027551,0.692820323027551,1.096870548424016,0.212904761904762,0.604151247165533,0.63133374561946,-0.25864843159481965,0.8899821772142796,0.2909059359106592,1.0,0.015625,-0.04999999999999716
0.2,1.0,0.2,64,15,0.6613197033205651,0.6613197033205649,0.692820323027551,0.692820323027551,0.9545327718313291,0.1395079365079366,0.6416820499496096,0.6810107918360864,-0.336837604061621,1.0178483958977074,0.2221845211124739,1.0,0.015625,-0.11250000000000071
0.2,1.0,0.2,64,16,0.6827105902210694,0.6827105902210691,0.692820323027551,0.692820323027551,0.9854078576068566,0.108654761904762,0.7106058106575965,0.7668821735868333,-0.48042877220325564,1.247310945790089,0.2690585590436221,1.0,0.015625,-0.0625
0.2,1.0,0.2,64,17,0.7053367989832949,0.7053367989832946,0.692820323027551,0.692820323027551,1.0180659769058855,0.14226190476190495,0.765370181405896,0.7140464225891361,-0.5945212112622476,1.3085676338513836,0.20308715441293226,0.984375,0.015380859375,0.049999999999998934
0.2,1.0,0.2,64,18,0.7193747284969085,0.7193747284969083,0.692820323027551,0.692820323027551,1.03832798286476,0.1450000000000001,0.6537777777777782,0.7198067632850242,-0.36203703703697454,1.0818438003219988,0.25537048992010825,0.984375,0.015380859375,-0.05000000000000071
0.2,1.0,0.2,64,19,0.6556247020971684,0.6556247020971682,0.692820323027551,0.692820323027551,0.9463127456079208,0.16364285714285742,0.5771573554421773,0.6192968790569662,-0.20241115717115088,0.8217080362281171,0.27977242018959325,1.0,0.015625,-0.012500000000001066
0.2,1.0,0.2,64,20,0.614410286372226,0.6144102863722258,0.692820323027551,0.692820323027551,0.8868248605746992,0.13565476190476206,0.5104512471655331,0.6406496373383792,-0.06344009826149,0.7040897355998692,0.3284628620636201,0.984375,0.015380859375,0.04999999999999716
0.2,1.0,0.2,64,21,0.7053367989832947,0.7053367989832947,0.692820323027551,0.692820323027551,1.0180659769058853,0.16875000000000023,0.6252777777777782,0.6608040201005025,-0.30266203703701233,0.9634660571375149,0.29263798532575713,1.0,0.015625,0.04999999999999538
0.2,1.0,0.2,64,22,0.7483314773547884,0.7483314773547884,0.692820323027551,0.692820323027551,1.0801234497346435,0.2554761904761907,0.5047278911564629,0.5437925170068025,-0.051516439909259804,0.5953089569160623,0.37563768974249656,1.0,0.015625,-1.7763568394002505e-15
0.2,1.0,0.2,64,23,0.6845390785046539,0.6845390785046535,0.692820323027551,0.692820323027551,0.9880470531137006,0.1765476190476193,0.5326478883219954,0.6232394925292554,-0.1096831006707808,0.7329225932000362,0.32818710494687214,1.0,0.015625,-0.03750000000000142
0.2,1.0,0.2,64,24,0.662853679178143,0.6628536791781431,0.692820323027551,0.692820323027551,0.9567468752670866,0.0896269841269842,0.5967434870244397,0.7960125539072909,-0.24321559796750392,1.0392281518747948,0.2862522498286521,0.984375,0.015380859375,-0.02500000000000213
0.2,1.0,0.2,64,25,0.7193747284969084,0.7193747284969084,0.692820323027551,0.692820323027551,1.0383279828647598,0.19141666666666704,0.7829222222222223,0.630112721417069,-0.631087962962922,1.261200684379991,0.1846480633948219,1.0,0.015625,-0.05000000000000426
0.2,1.0,0.2,64,26,0.6614378277661482,0.661437827766148,0.692820323027551,0.692820323027551,0.9547032697824673,0.1585079365079366,0.5710506676744775,0.6376961451247167,-0.1896888909884311,0.8273850361131478,0.24916164656068882,1.0,0.015625,0.14999999999999858
0.2,1.0,0.2,64,27,0.6887488656977956,0.6887488656977956,0.692820323027551,0.692820323027551,0.994123357536679,0.1895555555555557,0.7560854938271608,0.6004098960620697,-0.5751781121398865,1.1755880082019563,0.2045870770114402,1.0,0.015625,0.07499999999999929
0.2,1.0,0.2,64,28,0.6923691212063119,0.692369121206312,0.692820323027551,0.692820323027551,0.9993487462676218,0.12378571428571436,0.5581057823129254,0.7417768672005962,-0.16272037981852838,0.9044972470191246,0.3040369244544697,1.0,0.015625,0.02500000000000213
0.2,1.0,0.2,64,29,0.7465545860819559,0.7465545860819558,0.692820323027551,0.692820323027551,1.077558728097917,0.17638888888888898,0.5871709104938272,0.6835186742672025,-0.22327273019540694,0.9067914044626094,0.33023662146266264,1.0,0.015625,-0.11250000000000249
0.2,1.0,0.2,64,30,0.6243746871871095,0.6243746871871093,0.692820323027551,0.692820323027551,0.901207234306665,0.10591666666666684,0.5569402777777781,0.728309953239813,-0.16029224537031683,0.8886021986101298,0.26049424110459024,0.96875,0.01513671875,-0.012500000000001066
0.2,1.0,0.2,64,31,0.6777720855862984,0.6777720855862983,0.692820323027551,0.692820323027551,0.9782797401561585,0.16145238095238115,0.6765676870748303,0.6485390346614837,-0.40951601473916965,1.0580550494006533,0.24570926108115654,0.96875,0.01513671875,0.025000000000000355
0.2,1.0,0.2,64,32,0.6703543838895962,0.6703543838895966,0.692820323027551,0.692820323027551,0.9675732099777601,0.148809523809524,0.6714401927437643,0.6688522418703226,-0.39883373488278706,1.0676859767531095,0.22743690589956986,0.96875,0.01513671875,0.22500000000000142
0.2,1.0,0.2,64,33,0.684539078504653,0.6845390785046532,0.692820323027551,0.692820323027551,0.9880470531136993,0.1993333333333335,0.8233681547619052,0.5746137601422692,-0.7153503224205668,1.289964082562836,0.2023687177655203,1.0,0.015625,-0.037500000000004974
0.2,1.0,0.2,64,34,0.5555121510822248,0.5555121510822246,0.692820323027551,0.692820323027551,0.8018127249135762,0.09735714285714303,0.6261964143990933,0.6845135623869799,-0.30457586333140774,0.9890894257183876,0.18663676646881208,0.984375,0.015380859375,-0.03750000000000142
0.2,1.0,0.2,64,35,0.5904182839309773,0.5904182839309773,0.692820323027551,0.692820323027551,0.8521953879050664,0.11585714285714296,0.5751196286848075,0.6676442338477298,-0.19816589309329902,0.8658101269410288,0.27882932439704367,0.984375,0.015380859375,0.03750000000000142
0.2,1.0,0.2,64,36,0.6565772993334454,0.6565772993334453,0.692820323027551,0.692820323027551,0.9476877012849054,0.18665476190476216,0.5355054138321997,0.5670204870639811,-0.11563627881703553,0.6826567658810166,0.33040352631046127,0.984375,0.015380859375,-0.1374999999999993
0.2,1.0,0.2,64,37,0.5882973312875053,0.5882973312875054,0.692820323027551,0.692820323027551,0.8491340564559489,0.11938888888888914,0.6010718364197536,0.6550388763481316,-0.252232992541104,0.9072718688892356,0.22308299002734985,1.0,0.015625,-0.062499999999998224
0.2,1.0,0.2,64,38,0.6144102863722258,0.6144102863722259,0.692820323027551,0.692820323027551,0.886824860574699,0.09795238095238111,0.6965978458049888,0.7405234941658784,-0.45124551209365804,1.1917690062595363,0.2096123991958869,0.984375,0.015380859375,0.15000000000000213
0.2,1.0,0.2,64,39,0.7728801653555357,0.7728801653555357,0.692820323027551,0.692820323027551,1.1155564287983524,0.1566190476190477,0.7869814767573695,0.7378075059477098,-0.6395447432444579,1.3773522491921677,0.25603971192044017,0.984375,0.015380859375,0.11250000000000249
0.2,1.0,0.2,64,40,0.5809475019311131,0.580947501931113,0.692820323027551,0.692820323027551,0.8385254915624218,0.12645238095238118,0.5376867346938778,0.6253262786596119,-0.12018069727892344,0.7455069759385353,0.27338652220483256,0.984375,0.015380859375,0.04999999999999716
0.2,1.0,0.2,64,41,0.7331439149307596,0.7331439149307593,0.692820323027551,0.692820323027551,1.0582020916000252,0.11288095238095242,0.6111085034013608,0.7899889258028794,-0.27314271541945745,1.0631316412223368,0.32054347190288074,0.984375,0.015380859375,-0.049999999999998934
0.2,1.0,0.2,64,42,0.647591692349431,0.6475916923494314,0.692820323027551,0.692820323027551,0.9347180947572732,0.1252857142857145,0.7104791950113383,0.701256120928252,-0.48016498960687026,1.1814211105351222,0.22421913301972807,1.0,0.015625,-0.024999999999996803
0.2,1.0,0.2,64,43,0.6923691212063119,0.6923691212063118,0.692820323027551,0.692820323027551,0.9993487462676218,0.1564523809523811,0.597968480725624,0.6736325821071584,-0.24576766817831963,0.919400250285478,0.2734733736000545,0.984375,0.015380859375,0.025000000000000355
0.2,1.0,0.2,64,44,0.7053367989832947,0.7053367989832947,0.692820323027551,0.692820323027551,1.0180659769058853,0.1713333333333335,0.611766666666667,0.6556113902847573,-0.27451388888885475,0.9301252791736121,0.31461989581920463,1.0,0.015625,0.15000000000000036
0.2,1.0,0.2,64,45,0.6972042383692176,0.6972042383692176,0.692820323027551,0.692820323027551,1.0063276367565392,0.21357142857142886,0.6141074971655334,0.5606373697019793,-0.2793906190948232,0.8400279887968025,0.23360075566769367,0.984375,0.015380859375,-0.0625
0.2,1.0,0.2,64,46,0.6909006802717742,0.6909006802717742,0.692820323027551,0.692820323027551,0.9972292343455108,0.1890317460317462,0.584741195830184,0.6039924142051802,-0.21821082464614916,0.8222032388513294,0.24434521506203494,1.0,0.015625,0.11249999999999716
0.2,1.0,0.2,64,47,0.7227335262736885,0.7227335262736886,0.692820323027551,0.692820323027551,1.0431759898662036,0.24211904761904787,0.8530785005668934,0.536475649188781,-0.7772468761809654,1.3137225253697464,0.2660432313035006,0.984375,0.015380859375,-0.08749999999999858
0.2,1.0,0.2,64,48,0.6633249580710807,0.6633249580710804,0.692820323027551,0.692820323027551,0.957427107756339,0.10700000000000014,0.6384000000000005,0.7568181818181818,-0.3299999999999679,1.0868181818181497,0.15665461142804896,0.96875,0.01513671875,3.552713678800501e-15
0.2,1.0,0.2,64,49,0.5916079783099618,0.5916079783099621,0.692820323027551,0.692820323027551,0.8539125638299667,0.15083333333333349,0.498777777777778,0.5690476190476195,-0.03912037037031624,0.6081679894179357,0.32468879434466386,1.0,0.015625,-0.09999999999999609
0.2,1.0,0.2,64,50,0.7548799573442131,0.7548799573442129,0.692820323027551,0.692820323027551,1.0895753664463363,0.15207142857142877,0.8136279336734697,0.7331348662305612,-0.6950581951529959,1.4281930613835572,0.21546562241441375,1.0,0.015625,-0.012500000000002842
0.2,1.0,0.2,128,1,0.6232162044587745,0.623216204458774,0.692820323027551,0.692820323027551,0.8995351085190255,0.17726334776334793,0.4579403249961219,0.5436043746613999,0.04595765625813275,0.49764671840326713,0.3803414601155263,0.984375,0.03076171875,-0.08124999999999716
0.2,1.0,0.2,128,2,0.6516505486071508,0.6516505486071509,0.692820323027551,0.692820323027551,0.9405765491397644,0.2461074481074484,0.44406731901573376,0.42044423957771415,0.07485975205058193,0.3455844875271322,0.36536248710150526,0.96875,0.0302734375,-0.01875000000000071
0.2,1.0,0.2,128,3,0.6738126130460903,0.6738126130460903,0.692820323027551,0.692820323027551,0.9725647338138133,0.23101434676434693,0.6276473683179442,0.4911840938512192,-0.3075986839956817,0.7987827778469009,0.228206798413504,1.0,0.03125,0.03125
0.2,1.0,0.2,128,4,0.6343057228182643,0.6343057228182638,0.692820323027551,0.692820323027551,0.9155414495441124,0.21379563492063508,0.4501964348702445,0.4686244413623052,0.06209076068700259,0.4065336806753026,0.36185268038635604,0.9765625,0.030517578125,-0.08750000000000036
0.2,1.0,0.2,128,5,0.6816512579758074,0.6816512579758074,0.692820323027551,0.692820323027551,0.9838788432144484,0.2900227272727277,0.47059371863931543,0.3758233023806794,0.019596419501453743,0.35622688287922566,0.36575389301071426,0.9921875,0.031005859375,-0.018749999999997158
0.2,1.0,0.2,128,6,0.6546707187586752,0.6546707187586753,0.692820323027551,0.692820323027551,0.9449357892647171,0.21321861471861492,0.48559393084368757,0.5025158096248146,-0.011654022590988689,0.5141698322158033,0.3722243359660951,0.9921875,0.031005859375,0.037499999999999645
0.2,1.0,0.2,128,7,0.6650892797211514,0.6650892797211516,0.692820323027551,0.692820323027551,0.9599736867053525,0.2283353729603732,0.4735391496841672,0.48380558567771537,0.013460104824667862,0.4703454808530475,0.3481589551127366,0.984375,0.03076171875,0.08749999999999858
0.2,1.0,0.2,128,8,0.6763874629234342,0.6763874629234348,0.692820323027551,0.692820323027551,0.9762812094883317,0.2560214646464648,0.46264164443861416,0.440390241209914,0.036163240752926984,0.404227000456987,0.3981966558321455,0.984375,0.03076171875,-0.14999999999999858
0.2,1.0,0.2,128,9,0.62449979983984,0.62449979983984,0.692820323027551,0.692820323027551,0.9013878188659975,0.22112896825396852,0.45410106449987425,0.43300264550264533,0.053956115625308776,0.37904652987733656,0.36008213920243914,0.9921875,0.031005859375,0.0
0.2,1.0,0.2,128,10,0.6950438385454552,0.6950438385454545,0.692820323027551,0.692820323027551,1.0032093682070231,0.20824783549783557,0.460845554483846,0.5689217604314228,0.03990509482535676,0.5290166656060661,0.40453630193460555,0.9765625,0.030517578125,-0.04374999999999751
0.2,1.0,0.2,128,11,0.6403124237432851,0.6403124237432851,0.692820323027551,0.692820323027551,0.9242113755341183,0.2395905483405487,0.48530188641725447,0.41563280892549137,-0.011045596702571325,0.4266784056280627,0.2870579637215513,0.984375,0.03076171875,0.0
0.2,1.0,0.2,128,12,0.6745079224886843,0.6745079224886841,0.692820323027551,0.692820323027551,0.9735683265484426,0.21331959706959722,0.507025108759398,0.5311254670746388,-0.056302309915380544,0.5874277769900194,0.3275771760945406,0.9765625,0.030517578125,0.006249999999999645
0.2,1.0,0.2,128,13,0.6441746172428722,0.644174617242872,0.692820323027551,0.692820323027551,0.9297859716757408,0.22418438505938515,0.49767185335313424,0.459745810268262,-0.036816361152320454,0.49656217142058245,0.2713860884739713,0.984375,0.03076171875,0.006250000000001421
0.2,1.0,0.2,128,14,0.6668196439068068,0.6668196439068069,0.692820323027551,0.692820323027551,0.9624712522763131,0.2405360750360754,0.47991761865003896,0.4590421223821911,0.00017162781244317582,0.45887049456974793,0.3314832744075134,1.0,0.03125,0.01875000000000071
0.2,1.0,0.2,128,15,0.6954933051439103,0.69549330514391,0.692820323027551,0.692820323027551,1.0038581173610477,0.282274114774115,0.499003127056899,0.4164404959850322,-0.03958984803517107,0.45603034402020326,0.29209724603427045,0.96875,0.0302734375,-0.10624999999999929
0.2,1.0,0.2,128,16,0.6668196439068067,0.6668196439068068,0.692820323027551,0.692820323027551,0.9624712522763129,0.25856886169386195,0.49174963379517955,0.41848696658500784,-0.024478403739919496,0.44296537032492733,0.2939062357976967,0.984375,0.03076171875,-0.018750000000002487
0.2,1.0,0.2,128,17,0.6679025003696276,0.6679025003696278,0.692820323027551,0.692820323027551,0.9640342209520714,0.22030465367965388,0.5136681162272074,0.5061471861471865,-0.07014190880664439,0.5762890949538308,0.3247069378583576,0.9609375,0.030029296875,0.062499999999998224
0.2,1.0,0.2,128,18,0.6518902802619478,0.6518902802619477,0.692820323027551,0.692820323027551,0.9409225719783403,0.22747168109668128,0.4811930321269542,0.46472331684207824,-0.002485483597800542,0.4672088004398788,0.3061294884014242,0.9609375,0.030029296875,-0.0062500000000031974
0.2,1.0,0.2,128,19,0.7232468026199632,0.723246802619963,0.692820323027551,0.692820323027551,1.0439168404579295,0.2563385111620408,0.49408727132268204,0.5099495268651895,-0.029348481922190084,0.5392980087873795,0.3722765504413247,0.9921875,0.031005859375,0.04374999999999574
0.2,1.0,0.2,128,20,0.634305722818264,0.6343057228182636,0.692820323027551,0.692820323027551,0.9155414495441121,0.22260497835497858,0.44832082837496817,0.44672937418568415,0.0659982742188544,0.38073109996682974,0.3808803224167123,0.9765625,0.030517578125,0.08750000000000036
0.2,1.0,0.2,128,21,0.7044224141096026,0.7044224141096026,0.692820323027551,0.692820323027551,1.0167461760234626,0.24601533189033212,0.4853848827476738,0.5042121942539167,-0.01121850572430505,0.5154306999782218,0.34967619026496866,0.984375,0.03076171875,0.09374999999999822
0.2,1.0,0.2,128,22,0.7061117121249312,0.7061117121249304,0.692820323027551,0.692820323027551,1.0191844676831912,0.2676154401154404,0.5202109748666839,0.4632595372175442,-0.08377286430555886,0.5470324015231031,0.2924291374041276,1.0,0.03125,-0.03749999999999787
0.2,1.0,0.2,128,23,0.6923691212063113,0.6923691212063113,0.692820323027551,0.692820323027551,0.999348746267621,0.18216829004329022,0.49119763146305384,0.6199879216828366,-0.02332839888131466,0.6433163205641512,0.4095803433200655,0.953125,0.02978515625,0.025000000000000355
0.2,1.0,0.2,128,24,0.6740734381356381,0.6740734381356384,0.692820323027551,0.692820323027551,0.9729412024029679,0.24035131535131551,0.4633184145469362,0.47102874200535816,0.034753303027249216,0.43627543897810894,0.34838092133379217,0.9921875,0.031005859375,0.07500000000000107
0.2,1.0,0.2,128,25,0.660462669270566,0.6604626692705656,0.692820323027551,0.692820323027551,0.95329574973265,0.23886850649350672,0.5737206731917976,0.45240138208706326,-0.19525140248285422,0.6476527845699175,0.3321313502422689,0.984375,0.03076171875,0.09374999999999467
0.2,1.0,0.2,128,26,0.7473912964438384,0.747391296443838,0.692820323027551,0.692820323027551,1.0787664154795835,0.2725218392718394,0.5482965299388856,0.5121287352895749,-0.1422844373726424,0.6544131726622173,0.2850751026585871,0.984375,0.03076171875,0.03750000000000142
0.2,1.0,0.2,128,27,0.6527585694573459,0.6527585694573457,0.692820323027551,0.692820323027551,0.942175839480084,0.18517099567099582,0.5536079786345212,0.5654219390192987,-0.15334995548854713,0.7187718945078458,0.25116664237928815,0.9765625,0.030517578125,-0.06249999999999645
0.2,1.0,0.2,128,28,0.6854514935427607,0.6854514935427606,0.692820323027551,0.692820323027551,0.9893640107833597,0.2344328588078591,0.4759637046131804,0.5010408059959113,0.008408948722572918,0.49263185727333836,0.34062704703349694,1.0,0.03125,0.012500000000001066
0.2,1.0,0.2,128,29,0.6633249580710797,0.6633249580710804,0.692820323027551,0.692820323027551,0.9574271077563375,0.19809969197469224,0.4861918606174602,0.5497734273302455,-0.01289970961965925,0.5626731369499047,0.3570376075201366,0.9921875,0.031005859375,0.09999999999999787
0.2,1.0,0.2,128,30,0.7243261955086263,0.7243261955086263,0.692820323027551,0.692820323027551,1.045474809895007,0.26425018037518055,0.4648081611017151,0.49632904343648176,0.03164966437144856,0.4646793790650332,0.3692370670856741,0.984375,0.03076171875,-0.01874999999999538
0.2,1.0,0.2,128,31,0.6963913680539133,0.6963913680539131,0.692820323027551,0.692820323027551,1.0051543595181465,0.2635972222222223,0.5235944582231041,0.45645679509553916,-0.09082178796476792,0.5472785830603071,0.27579333724265354,0.96875,0.0302734375,0.006249999999999645
0.2,1.0,0.2,128,32,0.6004880827293749,0.6004880827293746,0.692820323027551,0.692820323027551,0.8667298905224171,0.18226202963702984,0.5134475033731232,0.4945392743247795,-0.0696822986939849,0.5642215730187644,0.26958309368570793,1.0,0.03125,0.1562499999999929
0.2,1.0,0.2,128,33,0.6614378277661477,0.6614378277661479,0.692820323027551,0.692820323027551,0.9547032697824666,0.24550992063492075,0.5233016880826404,0.4388344671201815,-0.09021185017213451,0.529046317292316,0.26845564924218934,1.0,0.03125,-0.049999999999998934
0.2,1.0,0.2,128,34,0.7431983248097376,0.7431983248097375,0.692820323027551,0.692820323027551,1.0727143822254521,0.2301594932844933,0.45516680634011253,0.5833038876886119,0.05173582012476152,0.5315680675638503,0.42715341964189824,0.9921875,0.031005859375,0.0874999999999968
0.2,1.0,0.2,128,35,0.7799989983967933,0.779998998396793,0.692820323027551,0.692820323027551,1.1258315792300675,0.24530830280830307,0.6085401633485141,0.5967966258816979,-0.26779200697602645,0.8645886328577244,0.26658116004685356,0.9609375,0.030029296875,-0.08125000000000071
0.2,1.0,0.2,128,36,0.646142399166004,0.6461423991660044,0.692820323027551,0.692820323027551,0.9326262202333074,0.19641701354201394,0.4432124584662881,0.5295400873245177,0.07664071152858731,0.4528993757959304,0.39477816910494323,0.9765625,0.030517578125,0.049999999999998934
0.2,1.0,0.2,128,37,0.7035346029158772,0.703534602915877,0.692820323027551,0.692820323027551,1.0154647309442453,0.2681165223665224,0.4848620135368582,0.45830771268384796,-0.010129194868451652,0.4684369075522996,0.3563267179513399,0.96875,0.0302734375,0.006249999999999645
0.2,1.0,0.2,128,38,0.6025661270765228,0.6025661270765225,0.692820323027551,0.692820323027551,0.8697292891804516,0.21739628427128457,0.4861636616077026,0.40125391314202385,-0.012840961682689223,0.4140948748247131,0.31035005550409706,0.9921875,0.031005859375,0.04374999999999929
0.2,1.0,0.2,128,39,0.6703543838895962,0.6703543838895962,0.692820323027551,0.692820323027551,0.9675732099777601,0.2426432178932181,0.47906976157160164,0.4600429087216289,0.00193799672587458,0.4581049119957543,0.3247682027587343,0.9765625,0.030517578125,0.02499999999999858
0.2,1.0,0.2,128,40,0.7307690726214406,0.7307690726214406,0.692820323027551,0.692820323027551,1.0547743019836047,0.29003246753246775,0.4821858656427449,0.4568918755883864,-0.004553886755675807,0.4614457623440622,0.3397220068384575,0.9921875,0.031005859375,-0.031249999999996447
0.2,1.0,0.2,128,41,0.7390608483068227,0.7390608483068227,0.692820323027551,0.692820323027551,1.066742449293643,0.29180997474747494,0.49684446270970906,0.46575589261708117,-0.03509263064519019,0.5008485232622714,0.38636419953565976,0.9921875,0.031005859375,-0.09374999999999822
0.2,1.0,0.2,128,42,0.6814219966364459,0.681421996636446,0.692820323027551,0.692820323027551,0.9835479329744605,0.28003174603174635,0.45549833908100296,0.3969199378806513,0.05104512691462537,0.3458748109660259,0.3407597513607901,0.984375,0.03076171875,0.14374999999999538
0.2,1.0,0.2,128,43,0.7431983248097374,0.7431983248097376,0.692820323027551,0.692820323027551,1.0727143822254517,0.3167999639249642,0.4720540557606576,0.4264441954399518,0.01655405049865466,0.40989014494129716,0.36703121654580434,1.0,0.03125,-0.08749999999999858
0.2,1.0,0.2,128,44,0.6358741522502702,0.6358741522502709,0.692820323027551,0.692820323027551,0.9178052824310463,0.2475687229437232,0.4863197453137591,0.38771526351470365,-0.013166136070289713,0.40088139958499336,0.29741588294424476,0.9921875,0.031005859375,0.14374999999999893
0.2,1.0,0.2,128,45,0.7347406004842802,0.7347406004842801,0.692820323027551,0.692820323027551,1.0605067086853661,0.23951096126096139,0.48712899514375757,0.5563328069261502,-0.014852073216117478,0.5711848801422676,0.3976030869065521,0.984375,0.03076171875,0.012499999999995737
0.2,1.0,0.2,128,46,0.7338894671542856,0.7338894671542849,0.692820323027551,0.692820323027551,1.0592782035423944,0.27848977411477444,0.5684919945405297,0.4829316639586436,-0.1843583219593763,0.6672899859180199,0.3117593075389354,0.984375,0.03076171875,-0.03750000000000142
0.2,1.0,0.2,128,47,0.7406711483512781,0.7406711483512779,0.692820323027551,0.692820323027551,1.069066717203999,0.2745525030525034,0.6053165654849493,0.4995340303229794,-0.26107617809360506,0.7606102084165844,0.29155928652909124,0.9765625,0.030517578125,-0.03749999999999787
0.2,1.0,0.2,128,48,0.6816512579758074,0.6816512579758074,0.692820323027551,0.692820323027551,0.9838788432144484,0.23704888167388186,0.462239377720594,0.48983174688092757,0.037001296415455465,0.4528304504654721,0.3707684112421379,1.0,0.03125,-0.018749999999998934
0.2,1.0,0.2,128,49,0.6348904925260734,0.6348904925260732,0.692820323027551,0.692820323027551,0.9163854919146563,0.18870682667006208,0.46060193646931363,0.531844678481094,0.04041263235564774,0.4914320461254462,0.3542832376122296,0.9765625,0.030517578125,-0.04374999999999574
0.2,1.0,0.2,128,50,0.6479535091347232,0.6479535091347225,0.692820323027551,0.692820323027551,0.9352403323032374,0.24338834776334806,0.48421028726764676,0.4202882673295779,-0.008771431807540253,0.42905969913711817,0.294973456487296,1.0,0.03125,0.012499999999997513
0.2,1.0,0.2,256,1,0.7069962871189653,0.7069962871189651,0.692820323027551,0.692820323027551,1.0204612417105012,0.3171447245564892,0.45012862026199796,0.3655122734724845,0.06223204112087366,0.30328023235161083,0.3591763577888588,0.97265625,0.060791015625,0.012499999999995737
0.2,1.0,0.2,256,2,0.7141154931101829,0.7141154931101831,0.692820323027551,0.692820323027551,1.0307369304491159,0.3159638613020968,0.38348448844374405,0.3804155611387454,0.20107398240891083,0.17934157872983458,0.4693283713669858,0.97265625,0.060791015625,-0.006249999999997868
0.2,1.0,0.2,256,3,0.7397674360060734,0.7397674360060735,0.692820323027551,0.692820323027551,1.0677623207895641,0.3394531909267208,0.4293588203044755,0.37971757613632995,0.10550245769903133,0.2742151184372986,0.41454055506701337,0.95703125,0.059814453125,0.015625000000008882
0.2,1.0,0.2,256,4,0.6427176187875994,0.6427176187875987,0.692820323027551,0.692820323027551,0.9276829755498393,0.2796644449307705,0.41192612418159796,0.3229872538791768,0.14182057462170194,0.18116667925747487,0.3956720364193372,0.96484375,0.060302734375,0.04375000000000284
0.2,1.0,0.2,256,5,0.732337599318102,0.7323375993181018,0.692820323027551,0.692820323027551,1.057038275259976,0.30825402988749384,0.4209356460142008,0.42524057866167764,0.12305073747045503,0.3021898411912226,0.436404237840267,0.96484375,0.060302734375,-0.03437500000000071
0.2,1.0,0.2,256,6,0.6950649137850369,0.6950649137850369,0.692820323027551,0.692820323027551,1.0032397876951376,0.2848121028438366,0.41165659472528354,0.4104675601623411,0.1423820943223555,0.2680854658399856,0.4288201879575516,0.9765625,0.06103515625,0.09687500000000071
0.2,1.0,0.2,256,7,0.6906674195117368,0.6906674195117364,0.692820323027551,0.692820323027551,0.9968925514390135,0.3116811902575971,0.3788442741503776,0.3466097430266365,0.2107410955200848,0.1358686475065517,0.4773364750793036,0.95703125,0.059814453125,-0.021875000000004974
0.2,1.0,0.2,256,8,0.7382146960742517,0.7382146960742517,0.692820323027551,0.692820323027551,1.0655211337455173,0.32114044379533563,0.4005265196769351,0.41070924226502803,0.16556975067308466,0.24513949159194337,0.45456181535099893,0.96484375,0.060302734375,0.006249999999999645
0.2,1.0,0.2,256,9,0.7054406313609966,0.7054406313609962,0.692820323027551,0.692820323027551,1.018215846033927,0.27680474824882745,0.4280751274827067,0.4437723224419656,0.1081768177444079,0.3355955046975577,0.40839391630115796,0.96484375,0.060302734375,0.12187499999999929
0.2,1.0,0.2,256,10,0.7034513131695769,0.7034513131695771,0.692820323027551,0.692820323027551,1.0153445125506273,0.30821488449845696,0.40493414825864993,0.37714706005995735,0.15638719112783006,0.2207598689321273,0.4387707768157723,0.97265625,0.060791015625,0.012500000000004619
0.2,1.0,0.2,256,11,0.7112310520323204,0.7112310520323205,0.692820323027551,0.692820323027551,1.0265735983672022,0.32960500433304235,0.4209358804850158,0.34841304960127706,0.12305024898957884,0.22536280061169822,0.4019598918267317,0.9765625,0.06103515625,-0.040625000000000355
0.2,1.0,0.2,256,12,0.7118349418053312,0.7118349418053311,0.692820323027551,0.692820323027551,1.0274452381747239,0.31626074035613566,0.41750123659764915,0.37585330020104557,0.13020575708827276,0.24564754311277281,0.4171717177251715,0.98046875,0.061279296875,-0.028125000000002842
0.2,1.0,0.2,256,13,0.7182267116830183,0.7182267116830183,0.692820323027551,0.692820323027551,1.0366709633234257,0.3248995830987903,0.41124176520520833,0.3701660771005806,0.14324632248919156,0.22691975461138902,0.42962169075056567,0.9765625,0.06103515625,0.040625000000000355
0.2,1.0,0.2,256,14,0.6835611599374268,0.6835611599374268,0.692820323027551,0.692820323027551,0.9866355492436154,0.2970704520909466,0.4027173488563067,0.36422316353976414,0.16100552321607076,0.20321764032369338,0.4477790071894561,0.96484375,0.060302734375,-0.015625
0.2,1.0,0.2,256,15,0.7613464635105359,0.761346463510536,0.692820323027551,0.692820323027551,1.0989089641359435,0.35592105947243347,0.42762780255699184,0.38597081188123883,0.10910874467296838,0.27686206720827045,0.41962652700702,0.984375,0.0615234375,-0.01875000000000071
0.2,1.0,0.2,256,16,0.6817945071647334,0.6817945071647334,0.692820323027551,0.692820323027551,0.9840856056089176,0.2893210797256767,0.4082865787665329,0.3775949881531684,0.14940296090309302,0.22819202725007537,0.4322292079533855,0.95703125,0.059814453125,-0.01249999999999929
0.2,1.0,0.2,256,17,0.6909501497032903,0.6909501497032898,0.692820323027551,0.692820323027551,0.997300637319517,0.28942471091000516,0.3924967563894753,0.39376336455121785,0.1822984241886213,0.21146494036259655,0.45430986816526336,0.96875,0.060546875,0.009375000000000355
0.2,1.0,0.2,256,18,0.6748191308602631,0.6748191308602625,0.692820323027551,0.692820323027551,0.9740175171412053,0.29193064154515586,0.38457645118298966,0.3589308036665746,0.19879906003546555,0.16013174363110905,0.455605940115766,0.97265625,0.060791015625,0.0843750000000032
0.2,1.0,0.2,256,19,0.6630599049105599,0.66305990491056,0.692820323027551,0.692820323027551,0.9570445364723984,0.28244033406823715,0.3789086320924323,0.35757685009801354,0.21060701647412938,0.14696983362388416,0.46735480952709046,0.97265625,0.060791015625,0.01874999999999538
0.2,1.0,0.2,256,20,0.6516505486071509,0.651650548607151,0.692820323027551,0.692820323027551,0.9405765491397645,0.2630466168794977,0.42068893973045907,0.3805543747479414,0.12356470889490567,0.25698966585303573,0.41358972280839673,0.96875,0.060546875,-0.018749999999998934
0.2,1.0,0.2,256,21,0.6625884374934417,0.6625884374934415,0.692820323027551,0.692820323027551,0.95636403187193,0.29002167950513574,0.4161798380790227,0.33939362974183906,0.13295867066872757,0.2064349590731115,0.3925770984670022,0.98828125,0.061767578125,0.031249999999998224
0.2,1.0,0.2,256,22,0.6889473401501749,0.6889473401501749,0.692820323027551,0.692820323027551,0.9944098307329502,0.3075848047198166,0.41899469601159234,0.35197341775760904,0.12709438330921674,0.2248790344483923,0.4126451521384364,0.95703125,0.059814453125,-0.018749999999997158
0.2,1.0,0.2,256,23,0.6202003204610593,0.6202003204610593,0.692820323027551,0.692820323027551,0.8951820549242118,0.27495363207698775,0.4000621013528234,0.2851819862728877,0.16653728884831998,0.11864469742456774,0.41693292954820343,0.9609375,0.06005859375,0.018749999999998934
0.2,1.0,0.2,256,24,0.6663141971885342,0.6663141971885342,0.692820323027551,0.692820323027551,0.9617417027791739,0.2755619799876772,0.42264144143585713,0.3793294162123466,0.11949699700863792,0.2598324192037087,0.4004952516529136,0.98046875,0.061279296875,-0.05937499999999929
0.2,1.0,0.2,256,25,0.6710241705780802,0.6710241705780787,0.692820323027551,0.692820323027551,0.9685399637899997,0.2787021863370554,0.41229641318304244,0.3810379135743348,0.14104913920201634,0.23998877437231847,0.4216599038694494,0.9765625,0.06103515625,0.06874999999999609
0.2,1.0,0.2,256,26,0.6794917103063138,0.6794917103063138,0.692820323027551,0.692820323027551,0.9807618046436736,0.2792408039698893,0.4354603685139516,0.39520171055824593,0.09279089892931247,0.30241081162893346,0.39517730473543505,0.97265625,0.060791015625,0.028125000000002842
0.2,1.0,0.2,256,27,0.6708203932499373,0.6708203932499373,0.692820323027551,0.692820323027551,0.9682458365518546,0.2520614348905087,0.44132267966331684,0.43986347802109227,0.08057775070144446,0.3592857273196478,0.3852809274345566,0.96484375,0.060302734375,8.881784197001252e-15
0.2,1.0,0.2,256,28,0.7080383883484012,0.7080383883484008,0.692820323027551,0.692820323027551,1.0219653852738453,0.3236472131987011,0.4318082525141629,0.3544078186121177,0.10039947392885906,0.2540083446832586,0.39966305181012735,0.9765625,0.06103515625,0.03437499999999716
0.2,1.0,0.2,256,29,0.7128014713088086,0.7128014713088078,0.692820323027551,0.692820323027551,1.0288403033472546,0.2987044669628507,0.42680916093945886,0.41209853507734606,0.1108142480428369,0.30128428703450916,0.40323727414852395,0.96484375,0.060302734375,-0.04374999999999751
0.2,1.0,0.2,256,30,0.7429814831979329,0.7429814831979329,0.692820323027551,0.692820323027551,1.0724013983180847,0.33214822735314237,0.4400525466214821,0.3983056153526321,0.08322386120528302,0.31508175414734907,0.4107944432797529,0.9609375,0.06005859375,0.02187500000000142
0.2,1.0,0.2,256,31,0.6909501497032898,0.6909501497032896,0.692820323027551,0.692820323027551,0.9973006373195163,0.3153762824629196,0.4021498185357407,0.3394045180885905,0.16218787805057944,0.17721664003801108,0.42664344175384544,0.98828125,0.061767578125,-0.009375000000002132
0.2,1.0,0.2,256,32,0.7277896223325807,0.7277896223325818,0.692820323027551,0.692820323027551,1.0504738359178287,0.339643037518038,0.4000610088667872,0.35877418385576887,0.16653956486086852,0.19223461899490035,0.44319166142989375,0.96875,0.060546875,-0.0531250000000032
0.2,1.0,0.2,256,33,0.6587674926519987,0.6587674926519985,0.692820323027551,0.692820323027551,0.9508489730400156,0.26165693338739043,0.37982593490573857,0.3970685663748347,0.20869596894641118,0.1883725974284235,0.4703197826270747,0.9765625,0.06103515625,0.05937499999999574
0.2,1.0,0.2,256,34,0.7153383705457153,0.7153383705457154,0.692820323027551,0.692820323027551,1.0325020019905922,0.3141600462231272,0.41913287254554144,0.38605720083878936,0.1268065155301562,0.25925068530863316,0.42073025811127607,0.98046875,0.061279296875,0.028125000000001066
0.2,1.0,0.2,256,35,0.6892024376045113,0.6892024376045114,0.692820323027551,0.692820323027551,0.9947780321927769,0.3017151914777692,0.3984751649803283,0.36481012320469686,0.16984340629100214,0.19496671691369472,0.4461462460014476,0.9765625,0.06103515625,-5.329070518200751e-15
0.2,1.0,0.2,256,36,0.6904411519999364,0.6904411519999363,0.692820323027551,0.692820323027551,0.9965659624168963,0.30750915816985025,0.4050276552576924,0.35493315995917796,0.15619238487984566,0.1987407750793323,0.42819665285134856,0.984375,0.0615234375,-0.028125000000002842
0.2,1.0,0.2,256,37,0.6999720976581839,0.6999720976581847,0.692820323027551,0.692820323027551,1.0103226975204487,0.3093254711297479,0.4151348661651316,0.3686731993206124,0.13513569548933235,0.23353750383128002,0.4239954717180931,0.96875,0.060546875,-0.006249999999994316
0.2,1.0,0.2,256,38,0.7044986581782834,0.7044986581782832,0.692820323027551,0.692820323027551,1.016856224857405,0.29110165185691544,0.4144534542654674,0.4134779696171408,0.13655530361364498,0.2769226660034958,0.42135863293568737,0.984375,0.0615234375,-0.03437500000000071
0.2,1.0,0.2,256,39,0.683739716558868,0.6837397165588665,0.692820323027551,0.692820323027551,0.986893273527252,0.3125136092356405,0.41084337432538925,0.33152169147456456,0.1440763034888065,0.18744538798575805,0.4212616237124207,0.984375,0.0615234375,-0.04999999999999538
0.2,1.0,0.2,256,40,0.6827105902210686,0.6827105902210692,0.692820323027551,0.692820323027551,0.9854078576068555,0.2916291049421858,0.4214884716186079,0.37431234608448327,0.12189901746126275,0.2524133286232205,0.4003672431765881,0.97265625,0.060791015625,0.06250000000000533
0.2,1.0,0.2,256,41,0.69405258041088,0.6940525804108786,0.692820323027551,0.692820323027551,1.0017786103299398,0.3104610245920234,0.4068162594275899,0.35550086325494656,0.15246612619254651,0.20303473706240005,0.4399023742528275,0.96875,0.060546875,-0.028124999999995737
0.2,1.0,0.2,256,42,0.6421932025294254,0.6421932025294249,0.692820323027551,0.692820323027551,0.9269260458802788,0.28910178865896796,0.3973363699005731,0.2989978177481376,0.17221589604051168,0.12678192170762592,0.4226975343623884,0.9765625,0.06103515625,-0.009374999999991473
0.2,1.0,0.2,256,43,0.6723254304092632,0.6723254304092634,0.692820323027551,0.692820323027551,0.9704181705745476,0.2910816213962903,0.3869075988152667,0.35604472031066947,0.19394250246822564,0.16210221784244383,0.4587640688971861,0.9921875,0.06201171875,0.02187499999999254
0.2,1.0,0.2,256,44,0.715891053163817,0.7158910531638172,0.692820323027551,0.692820323027551,1.0332997306364358,0.3423004090100652,0.41582922126944233,0.3320967629071889,0.13368912235536567,0.19840764055182325,0.4206498732437847,0.984375,0.0615234375,0.049999999999998934
0.2,1.0,0.2,256,45,0.6777720855862981,0.6777720855862994,0.692820323027551,0.692820323027551,0.978279740156158,0.29728330682886345,0.4209592045323236,0.3528526654065586,0.12300165722436174,0.22985100818219684,0.4001794676087563,0.9765625,0.06103515625,0.025000000000005684
0.2,1.0,0.2,256,46,0.6887488656977956,0.6887488656977968,0.692820323027551,0.692820323027551,0.994123357536679,0.29783969915461833,0.39988235793211047,0.37214292668328386,0.1669117543081292,0.20523117237515465,0.44287955749159347,0.98046875,0.061279296875,-0.024999999999996803
0.2,1.0,0.2,256,47,0.6964194138592061,0.6964194138592062,0.692820323027551,0.692820323027551,1.005194840151235,0.2876280364167029,0.3983043914778619,0.4069525022336026,0.17019918442115523,0.23675331781244735,0.44858968648585806,0.96875,0.060546875,-5.329070518200751e-15
0.2,1.0,0.2,256,48,0.6079872017567481,0.6079872017567481,0.692820323027551,0.692820323027551,0.8775539364952645,0.22804024604753176,0.421785724396631,0.3830888408732114,0.12127974084039272,0.26180910003281865,0.38395913489806793,0.9609375,0.06005859375,0.01875000000000071
0.2,1.0,0.2,256,49,0.6837325751893053,0.6837325751893059,0.692820323027551,0.692820323027551,0.9868829658481535,0.31211337028984126,0.4357737546743047,0.33236387128575207,0.0921380110952269,0.24022586019052516,0.3694570825246801,0.96875,0.060546875,-0.003124999999988276
0.2,1.0,0.2,256,50,0.6837325751893061,0.6837325751893057,0.692820323027551,0.692820323027551,0.9868829658481546,0.2687705530444503,0.4092401202879684,0.4250777165350269,0.14741641606677358,0.2776613004682533,0.43774154423764,0.9765625,0.06103515625,-0.0031250000000042633
0.2,1.0,0.2,512,1,0.6908370715118,0.6908370715118,0.692820323027551,0.692820323027551,0.997137423008776,0.33852766294413345,0.364208968823571,0.2906788752945658,0.2412313149509282,0.04944756034363762,0.49318161073316097,0.927734375,0.115966796875,0.015625
0.2,1.0,0.2,512,2,0.6911391609826152,0.691139160982615,0.692820323027551,0.692820323027551,0.9975734516020123,0.32953398955171165,0.3757548601193195,0.31012689621844447,0.21717737475144172,0.09294952146700275,0.4711902174973104,0.94140625,0.11767578125,0.03281249999999858
0.2,1.0,0.2,512,3,0.7071067811865472,0.7071067811865499,0.692820323027551,0.692820323027551,1.020620726159657,0.3303097806802181,0.36805389580429304,0.33938043863956835,0.23322105040774466,0.10615938823182369,0.49080288363420865,0.947265625,0.118408203125,3.552713678800501e-15
0.2,1.0,0.2,512,4,0.6994347606281797,0.6994347606281794,0.692820323027551,0.692820323027551,1.0095471183231524,0.31875746676777944,0.3681596339050163,0.3484227049202375,0.23300076269789782,0.1154219422223397,0.4886489500234339,0.912109375,0.114013671875,0.02812499999999396
0.2,1.0,0.2,512,5,0.7327825153780304,0.732782515378029,0.692820323027551,0.692820323027551,1.0576804562773923,0.32852243866462044,0.37520072513641367,0.3881924367812195,0.21833182263248896,0.16986061414873055,0.4901335535706644,0.953125,0.119140625,-0.042187500000007816
0.2,1.0,0.2,512,6,0.6914075741512764,0.6914075741512761,0.692820323027551,0.692820323027551,0.9979608726399638,0.3206051056665699,0.3782787584582841,0.32934036433311176,0.21191925321193084,0.11742111112118092,0.4720468378143894,0.9296875,0.1162109375,0.02656250000000071
0.2,1.0,0.2,512,7,0.6708131143433341,0.6708131143433319,0.692820323027551,0.692820323027551,0.9682353303551378,0.3167192508987407,0.38788226721586044,0.296164168232144,0.19191194330031613,0.10425222493182784,0.44972338447460736,0.9296875,0.1162109375,-0.0031250000000042633
0.2,1.0,0.2,512,8,0.7032222155016149,0.7032222155016147,0.692820323027551,0.692820323027551,1.0150138385499559,0.3474034145526121,0.3793897022523314,0.29749581053757934,0.20960478697432972,0.08789102356324963,0.46392763850692964,0.943359375,0.117919921875,-0.021874999999996092
0.2,1.0,0.2,512,9,0.6938326949587688,0.6938326949587686,0.692820323027551,0.692820323027551,1.0014612330175214,0.3274034613563853,0.37927368251329996,0.31989848125053355,0.20984649476399175,0.1100519864865418,0.46702180379468883,0.931640625,0.116455078125,0.04843749999999858
0.2,1.0,0.2,512,10,0.6735208765092205,0.6735208765092207,0.692820323027551,0.692820323027551,0.9721436483935778,0.33479596456707994,0.38248135961639185,0.2619630741216623,0.20316383413254946,0.05879923998911285,0.45323019395702213,0.9296875,0.1162109375,0.010937499999998934
0.2,1.0,0.2,512,11,0.7076020658489842,0.7076020658489842,0.692820323027551,0.692820323027551,1.0213356079926157,0.33592941058418,0.37756171068183464,0.32908138216815264,0.21341310274620262,0.11566827942195002,0.4766193606103781,0.9140625,0.1142578125,-0.0234375
0.2,1.0,0.2,512,12,0.6827374100587641,0.682737410058764,0.692820323027551,0.692820323027551,0.9854465687081382,0.32480061233654833,0.3648179805680042,0.303197919555377,0.2399625404833564,0.06323537907202059,0.49139082255820205,0.9375,0.1171875,-0.01093750000000071
0.2,1.0,0.2,512,13,0.7259271415533057,0.7259271415533041,0.692820323027551,0.692820323027551,1.0477855764696413,0.34650715968740514,0.3755006821925726,0.3424539946908647,0.21770691209883497,0.12474708259202971,0.4832540933855472,0.955078125,0.119384765625,0.04218750000000604
0.2,1.0,0.2,512,14,0.6859624141261332,0.685962414126133,0.692820323027551,0.692820323027551,0.9901014611242213,0.3056162941265488,0.37990565811608945,0.3505049208797897,0.208529878924831,0.1419750419549587,0.4657485999504376,0.943359375,0.117919921875,0.02656250000000071
0.2,1.0,0.2,512,15,0.6891740981058436,0.6891740981058436,0.692820323027551,0.692820323027551,0.9947371276498158,0.33300000653522605,0.3964602052109318,0.2988896975654466,0.1740412391439321,0.12484845842151449,0.43339785763890515,0.947265625,0.118408203125,-0.006250000000001421
0.2,1.0,0.2,512,16,0.7271368697458208,0.7271368697458213,0.692820323027551,0.692820323027551,1.0495316687136285,0.3760154379231224,0.37799976992666845,0.28883013860232376,0.21250047931946825,0.07632965928285551,0.4658567374246879,0.919921875,0.114990234375,-0.004687500000001066
0.2,1.0,0.2,512,17,0.6954090522850571,0.6954090522850577,0.692820323027551,0.692820323027551,1.0037365088342005,0.32947105519482633,0.36997782534271384,0.3187028260914768,0.22921286386938888,0.08948996222208794,0.48466997873608875,0.912109375,0.114013671875,0.03750000000000675
0.2,1.0,0.2,512,18,0.7119635453053406,0.7119635453053413,0.692820323027551,0.692820323027551,1.0276308613380967,0.3292631811242373,0.3821405992068246,0.3504274623308239,0.20387375165247956,0.14655371067834433,0.46639372230691595,0.953125,0.119140625,-0.08281250000000817
0.2,1.0,0.2,512,19,0.6677983152447677,0.6677983152447675,0.692820323027551,0.692820323027551,0.9638838426773629,0.3217572820697822,0.380843171066673,0.27849765559646544,0.20657672694445495,0.0719209286520105,0.4556671410016622,0.94921875,0.11865234375,0.01718750000000213
0.2,1.0,0.2,512,20,0.6816512579758054,0.6816512579758052,0.692820323027551,0.692820323027551,0.9838788432144455,0.32251422150066417,0.36707457905259866,0.3058962530124386,0.235261293640444,0.0706349593719946,0.489254956064852,0.95703125,0.11962890625,0.018750000000002487
0.2,1.0,0.2,512,21,0.708843068735069,0.7088430687350693,0.692820323027551,0.692820323027551,1.023126841368481,0.32872053925207645,0.378879442986489,0.34577573708547094,0.2106678271115151,0.13510790997395583,0.47685186492001336,0.9453125,0.1181640625,0.03593750000000284
0.2,1.0,0.2,512,22,0.7341821555309018,0.7341821555309008,0.692820323027551,0.692820323027551,1.0597006628249646,0.3529763009208832,0.3937200033627214,0.34515593133019695,0.1797499929943629,0.16540593833583406,0.44870891607365415,0.94140625,0.11767578125,-0.031249999999991118
0.2,1.0,0.2,512,23,0.6725650526157313,0.6725650526157321,0.692820323027551,0.692820323027551,0.970764035438068,0.2999383923148312,0.36424072147912884,0.33692376137654256,0.24116516358518425,0.09575859779135831,0.4953398413496146,0.9375,0.1171875,0.01249999999999396
0.2,1.0,0.2,512,24,0.6827803196078152,0.6827803196078152,0.692820323027551,0.692820323027551,0.9855085033073768,0.30483287067369685,0.3798663789189719,0.34611736085201883,0.20861171058551653,0.1375056502665023,0.4633385086674697,0.951171875,0.118896484375,-0.007812499999994671
0.2,1.0,0.2,512,25,0.6861848215859933,0.6861848215859935,0.692820323027551,0.692820323027551,0.9904224786412712,0.3059512532822305,0.37189144217211334,0.3502144905921333,0.2252261621414523,0.12498832845068097,0.4843606958145643,0.9453125,0.1181640625,0.04062500000001101
0.2,1.0,0.2,512,26,0.7210831696136046,0.7210831696136046,0.692820323027551,0.692820323027551,1.0407939052113078,0.3460846825915772,0.3955080985536982,0.33440253366806894,0.17602479467983134,0.1583777389882376,0.44383529450019,0.93359375,0.11669921875,-0.006249999999999645
0.2,1.0,0.2,512,27,0.6791089491707132,0.6791089491707131,0.692820323027551,0.692820323027551,0.9802093365319877,0.3421555399340795,0.3858129543887737,0.2581011992557085,0.19622301169010836,0.06187818756560015,0.4538905793097813,0.951171875,0.118896484375,-0.007812500000003553
0.2,1.0,0.2,512,28,0.6859624141261321,0.685962414126133,0.692820323027551,0.692820323027551,0.9901014611242197,0.31928207160446265,0.37821295746534395,0.3214624405054234,0.21205633861388906,0.10940610189153432,0.4710493326630824,0.94921875,0.11865234375,-0.026562499999997158
0.2,1.0,0.2,512,29,0.6849883096630185,0.684988309663018,0.692820323027551,0.692820323027551,0.988695462439226,0.3258226305601632,0.38691126560561945,0.30559166296832674,0.1939348633216489,0.11165679964667785,0.4498268518738107,0.95703125,0.11962890625,0.028125000000006395
0.2,1.0,0.2,512,30,0.6892290048262261,0.6892290048262258,0.692820323027551,0.692820323027551,0.9948163786742986,0.3016268875703478,0.38068403522255667,0.3650449793199819,0.20690825995302897,0.15813671936695295,0.478658976724237,0.943359375,0.117919921875,-0.0609375000000032
0.2,1.0,0.2,512,31,0.6837397165588674,0.6837397165588698,0.692820323027551,0.692820323027551,0.9868932735272512,0.32445189542819575,0.3713566418295658,0.3059852504209769,0.22634032952176297,0.07964492089921393,0.4808511516643212,0.9453125,0.1181640625,-8.881784197001252e-15
0.2,1.0,0.2,512,32,0.6788590497113534,0.6788590497113537,0.692820323027551,0.692820323027551,0.9798486377316583,0.30989375173788175,0.3873885256301174,0.32755991231465864,0.19294057160395106,0.13461934071070758,0.4542000175522026,0.93359375,0.11669921875,0.040624999999986144
0.2,1.0,0.2,512,33,0.7275816105427642,0.7275816105427648,0.692820323027551,0.692820323027551,1.0501735967607158,0.32159774306405403,0.37737251752901535,0.3924954086157225,0.21380725514790255,0.17868815346781997,0.4892715876307056,0.95703125,0.11962890625,0.02499999999999858
0.2,1.0,0.2,512,34,0.7234290631257507,0.7234290631257505,0.692820323027551,0.692820323027551,1.0441799108381271,0.3250143843404063,0.3765655152879577,0.37897272011237826,0.21548850981678735,0.1634842102955909,0.4909372469107338,0.927734375,0.115966796875,0.04062500000000746
0.2,1.0,0.2,512,35,0.6855654600401043,0.685565460040107,0.692820323027551,0.692820323027551,0.9895285072531594,0.3090490424949165,0.3672541044386002,0.3424488457555017,0.23488728241961776,0.10756156333588396,0.4898049108904681,0.9453125,0.1181640625,-3.552713678800501e-15
0.2,1.0,0.2,512,36,0.6775126843831047,0.6775126843831047,0.692820323027551,0.692820323027551,0.9779053267699286,0.3111983922142165,0.36566730834435857,0.32204247802876906,0.23819310761593815,0.08384937041283091,0.4919484397527074,0.912109375,0.114013671875,0.03125
0.2,1.0,0.2,512,37,0.7224091638399966,0.722409163839997,0.692820323027551,0.692820323027551,1.0427078130201861,0.3331313440794441,0.3675338586025074,0.36166449038669835,0.23430446124480053,0.1273600291418978,0.49367356326325673,0.94921875,0.11865234375,0.024999999999996803
0.2,1.0,0.2,512,38,0.7096433963618638,0.7096433963618642,0.692820323027551,0.692820323027551,1.0242820147954057,0.34503948345194907,0.37004926002153715,0.3148455804863588,0.22906404162182759,0.08578153886453121,0.4873073253956984,0.94140625,0.11767578125,0.037500000000008527
0.2,1.0,0.2,512,39,0.6881814804250412,0.6881814804250419,0.692820323027551,0.692820323027551,0.9933044074367816,0.3102485628346552,0.3929069502241597,0.34490570698060596,0.18144385369968652,0.16346185328091944,0.450552936841735,0.953125,0.119140625,-0.03750000000001208
0.2,1.0,0.2,512,40,0.679613860953411,0.6796138609534119,0.692820323027551,0.692820323027551,0.9809381139161317,0.29197185718335084,0.3689966511471885,0.36785524831751315,0.23125697677670942,0.13659827154080373,0.48731573902181263,0.931640625,0.116455078125,0.025000000000005684
0.2,1.0,0.2,512,41,0.6528614151133075,0.6528614151133074,0.692820323027551,0.692820323027551,0.9423242843979701,0.3036546841272142,0.3645752372134193,0.28757691975446154,0.2404682558053951,0.04710866394906643,0.4923664125681093,0.927734375,0.115966796875,-0.0046874999999992895
0.2,1.0,0.2,512,42,0.6883446515917724,0.6883446515917742,0.692820323027551,0.692820323027551,0.9935399247293722,0.33536428619667746,0.37777781973876723,0.29220917771306687,0.21296287554424675,0.07924630216882012,0.4670845274753916,0.94140625,0.11767578125,0.03437499999999183
0.2,1.0,0.2,512,43,0.6946151699862309,0.6946151699862309,0.692820323027551,0.692820323027551,1.00259063843687,0.32267741683501316,0.3653015239313887,0.3312249785677065,0.2389551584763132,0.09226982009139328,0.49235977946548637,0.94140625,0.11767578125,0.003124999999997158
0.2,1.0,0.2,512,44,0.6938837145912835,0.6938837145912835,0.692820323027551,0.692820323027551,1.0015348735139373,0.32025203214723047,0.3964995204166608,0.3348516704485214,0.17395933246531414,0.16089233798320723,0.4430217837723359,0.947265625,0.118408203125,-0.05937499999999929
0.2,1.0,0.2,512,45,0.7290565393026794,0.7290565393026799,0.692820323027551,0.692820323027551,1.0523024730521473,0.3725736836189424,0.3796974774140353,0.2990456161795454,0.20896358872079324,0.09008202745875216,0.4694406531623273,0.94140625,0.11767578125,0.031250000000001776
0.2,1.0,0.2,512,46,0.6870381971731976,0.6870381971731994,0.692820323027551,0.692820323027551,0.9916542202037518,0.31295621334964585,0.3899432711018628,0.3369873539463383,0.18761818520449391,0.14936916874184436,0.45181933566639276,0.9296875,0.1162109375,0.02187500000000675
0.2,1.0,0.2,512,47,0.6875124288649259,0.6875124288649281,0.692820323027551,0.692820323027551,0.9923387146909459,0.3285948172414799,0.3822697708125571,0.30481626623980873,0.20360464414053225,0.10121162209927648,0.45821369934923845,0.947265625,0.118408203125,0.03281250000000213
0.2,1.0,0.2,512,48,0.7044345443997978,0.7044345443997977,0.692820323027551,0.692820323027551,1.0167636845892365,0.3192017738010996,0.381635809378332,0.35674376252033035,0.20492539712850333,0.15181836539182703,0.4773639331487357,0.935546875,0.116943359375,-0.0046874999999992895
0.2,1.0,0.2,512,49,0.7066370620764237,0.7066370620764235,0.692820323027551,0.692820323027551,1.0199427450229737,0.35668853312532817,0.37672693917114214,0.28567421982254426,0.21515221006014473,0.07052200976239953,0.47082786408271393,0.947265625,0.118408203125,-0.056250000000005684
0.2,1.0,0.2,512,50,0.7207783878384537,0.7207783878384535,0.692820323027551,0.692820323027551,1.0403539906114891,0.3357327556593083,0.3721147678942379,0.3537654057498605,0.22476090022037853,0.12900450552948195,0.487819837389084,0.94140625,0.11767578125,-0.02187499999999787
0.2,1.0,0.2,1024,1,0.7065917142069699,0.7065917142069695,0.692820323027551,0.692820323027551,1.0198772910113827,0.3388737076927064,0.3688596019800387,0.3212641423805379,0.23154249587493703,0.08972164650560088,0.4872309554374558,0.8798828125,0.219970703125,-0.010156250000004974
0.2,1.0,0.2,1024,2,0.6888038063147979,0.6888038063147975,0.692820323027551,0.692820323027551,0.9942026574867183,0.34245086485725407,0.3642590387115786,0.2782160997991595,0.24112700268424236,0.03708909711491715,0.4924908327490993,0.8955078125,0.223876953125,0.023437499999989342
0.2,1.0,0.2,1024,3,0.7100041091155309,0.7100041091155308,0.692820323027551,0.692820323027551,1.0248026588089802,0.3395887448526132,0.36583789802183575,0.3263542667009067,0.23783771245454122,0.08851655424636551,0.4964034716956904,0.888671875,0.22216796875,-0.01640625000000462
0.2,1.0,0.2,1024,4,0.7083585607486815,0.7083585607486811,0.692820323027551,0.692820323027551,1.0224275143275676,0.3444043781741717,0.365235443647804,0.31362355665828157,0.23909282573376867,0.0745307309245129,0.4940003738219595,0.8828125,0.220703125,0.010156250000003197
0.2,1.0,0.2,1024,5,0.6991048266131116,0.6991048266131116,0.692820323027551,0.692820323027551,1.0090708995921163,0.3463843973530473,0.36330475825640146,0.29128158031175955,0.24311508696585693,0.04816649334590262,0.4944559830106013,0.8779296875,0.219482421875,-0.0015624999999950262
0.2,1.0,0.2,1024,6,0.6660998159763654,0.6660998159763655,0.692820323027551,0.692820323027551,0.9614322701527866,0.3160796880721019,0.36171530266311913,0.28760976017644624,0.24642645278521047,0.04118330739123577,0.49669100570463387,0.8916015625,0.222900390625,-0.007812499999996447
0.2,1.0,0.2,1024,7,0.7114970325614545,0.7114970325614544,0.692820323027551,0.692820323027551,1.026957508192439,0.328684509617876,0.3668593587910071,0.3507184670463098,0.23570966918543745,0.11500879786087237,0.4949810835522533,0.888671875,0.22216796875,0.0046874999999992895
0.2,1.0,0.2,1024,8,0.6798132067662074,0.6798132067662069,0.692820323027551,0.692820323027551,0.9812258448128313,0.3225598851503125,0.3646694834917946,0.3020389922736101,0.2402719093921063,0.06176708288150379,0.4923906172220332,0.87109375,0.2177734375,-0.0640624999999968
0.2,1.0,0.2,1024,9,0.6787039399369511,0.678703939936951,0.692820323027551,0.692820323027551,0.9796247560566457,0.33367523766944585,0.36649659178249877,0.2756253593791309,0.23646543378650198,0.03915992559262893,0.48826836714992544,0.89453125,0.2236328125,-0.035156249999998224
0.2,1.0,0.2,1024,10,0.6679737755658925,0.6679737755658883,0.692820323027551,0.692820323027551,0.9641370978364466,0.3257527217222634,0.36392190411651004,0.26992205682106085,0.24182936642396435,0.028092690397096498,0.4925106157315886,0.88671875,0.2216796875,-0.00781249999998046
0.2,1.0,0.2,1024,11,0.6953032829445236,0.6953032829445286,0.692820323027551,0.692820323027551,1.003583843941128,0.3459715079079842,0.3633191204919227,0.28436466746822064,0.24308516564185112,0.041279501826369525,0.4940591421525314,0.8876953125,0.221923828125,0.030468750000022027
0.2,1.0,0.2,1024,12,0.6912323227565652,0.6912323227565657,0.692820323027551,0.692820323027551,0.9977079190401829,0.3439667170319575,0.36345913943032304,0.28010634583305993,0.24279345952018272,0.037312886312877214,0.494730107411201,0.884765625,0.22119140625,-0.01796874999999254
0.2,1.0,0.2,1024,13,0.6703252475477874,0.6703252475477895,0.692820323027551,0.692820323027551,0.9675311552907938,0.31587180757340183,0.36539887228716694,0.2970252739390603,0.23875234940176626,0.058272924537294046,0.4893965018011422,0.90234375,0.2255859375,0.04374999999998863
0.2,1.0,0.2,1024,14,0.7136944312595837,0.7136944312595834,0.692820323027551,0.692820323027551,1.0301291800171435,0.35339366186319293,0.36488249583922305,0.3062002485256434,0.23982813366830924,0.06637211485733419,0.4942804322687389,0.8935546875,0.223388671875,0.0039062499999982236
0.2,1.0,0.2,1024,15,0.6715696980768286,0.6715696980768286,0.692820323027551,0.692820323027551,0.9693273649106317,0.31672929108812703,0.36579908268633515,0.2977268820253338,0.237918577736835,0.059808304288498815,0.49004468960944353,0.8798828125,0.219970703125,-0.015624999999998224
0.2,1.0,0.2,1024,16,0.6782167996619927,0.6782167996619924,0.692820323027551,0.692820323027551,0.9789216296344447,0.34280823726356613,0.36386359394151246,0.25472910251129144,0.24195084595521266,0.012778256556078782,0.49333394866411917,0.8857421875,0.221435546875,-0.004687500000008171
0.2,1.0,0.2,1024,17,0.6742762323410161,0.6742762323410162,0.692820323027551,0.692820323027551,0.9732339106256306,0.3185495586701026,0.36223688882170074,0.29934971200664184,0.24533981495482182,0.05400989705182002,0.49717971701091274,0.869140625,0.21728515625,-0.018750000000013145
0.2,1.0,0.2,1024,18,0.6781448009781882,0.6781448009781916,0.692820323027551,0.692820323027551,0.9788177084857552,0.32964843041864034,0.3666048344071735,0.283186560812272,0.23623992831841734,0.04694663249385467,0.4869042635711146,0.876953125,0.21923828125,0.010937499999993605
0.2,1.0,0.2,1024,19,0.6946498773831624,0.694649877383163,0.692820323027551,0.692820323027551,1.0026407342492731,0.3578357424261869,0.3620940331699197,0.2584306166006729,0.24563743089601708,0.012793185704655818,0.495913759310341,0.884765625,0.22119140625,-0.024218750000001066
0.2,1.0,0.2,1024,20,0.673942585387238,0.6739425853872377,0.692820323027551,0.692820323027551,0.9727523327291853,0.33064388040148324,0.3665844360734649,0.27202797567483017,0.2362824248469707,0.03574555082785946,0.4873755117783147,0.892578125,0.22314453125,0.013281250000011013
0.2,1.0,0.2,1024,21,0.7058333256468897,0.705833325646893,0.692820323027551,0.692820323027551,1.0187826514131013,0.3516134678561592,0.3674255985494192,0.29423326897143565,0.2345300030220716,0.05970326594936404,0.4886901931526632,0.8916015625,0.222900390625,0.02343749999998579
0.2,1.0,0.2,1024,22,0.7061117121249341,0.7061117121249294,0.692820323027551,0.692820323027551,1.0191844676831954,0.35816545637998154,0.3645960534701037,0.2816487242770649,0.24042488860398248,0.04122383567308241,0.4931344408012397,0.884765625,0.22119140625,-0.03749999999997833
0.2,1.0,0.2,1024,23,0.6899317787832391,0.6899317787832382,0.692820323027551,0.692820323027551,0.9958307455074509,0.3259420024565043,0.3664372546076008,0.3152563229274804,0.23658905290085508,0.07866727002662532,0.48991853626573945,0.880859375,0.22021484375,0.015624999999971578
0.2,1.0,0.2,1024,24,0.6972283122019177,0.6972283122019178,0.692820323027551,0.692820323027551,1.0063623843410139,0.33732201038588366,0.3663053304227385,0.30610357211218653,0.23686389495266225,0.06923967715952428,0.4918870365600714,0.8798828125,0.219970703125,0.027343749999998224
0.2,1.0,0.2,1024,25,0.683595089284406,0.6835950892844057,0.692820323027551,0.692820323027551,0.986684522037645,0.3348320140435041,0.36613418200568554,0.2834786974759653,0.23722045415484072,0.046258243321124604,0.48893049459055504,0.8798828125,0.219970703125,0.014062500000013856
0.2,1.0,0.2,1024,26,0.6996581196377266,0.6996581196377264,0.692820323027551,0.692820323027551,1.0098695092838719,0.3416831579591148,0.36877840953699054,0.3020057977733871,0.2317116467979662,0.07029415097542091,0.486536317412471,0.89453125,0.2236328125,0.02187499999999254
0.2,1.0,0.2,1024,27,0.710618060102439,0.7106180601024403,0.692820323027551,0.692820323027551,1.0256888207278818,0.344819088520064,0.36724604968265157,0.31716021321986343,0.2349040631611845,0.08225615005867892,0.4912520103441217,0.869140625,0.21728515625,0.004687499999988631
0.2,1.0,0.2,1024,28,0.6579883041501825,0.6579883041501841,0.692820323027551,0.692820323027551,0.9497243113118329,0.3191218395519015,0.3626969555528571,0.2629105779265626,0.24438134259824207,0.018529235328320515,0.4946313661967871,0.88671875,0.2216796875,0.013281249999989697
0.2,1.0,0.2,1024,29,0.6981682926370602,0.6981682926370602,0.692820323027551,0.692820323027551,1.00771912923417,0.3392321955724322,0.36508567939612735,0.30405195308673016,0.2394048345914297,0.06464711849530047,0.4926465783794034,0.8818359375,0.220458984375,-0.007812499999998224
0.2,1.0,0.2,1024,30,0.6878368315494143,0.6878368315494141,0.692820323027551,0.692820323027551,0.992806949633984,0.33182829157293414,0.36666325386632137,0.29863747577839406,0.23611822111186342,0.06251925466653063,0.4877306168644531,0.875,0.21875,0.0023437499999978684
0.2,1.0,0.2,1024,31,0.682875068643602,0.6828750686436028,0.692820323027551,0.692820323027551,0.9856452617606694,0.34138224313109994,0.3641417208473438,0.2679202174483416,0.24137141490139602,0.026548802546945582,0.4927875430930797,0.8955078125,0.223876953125,-0.034374999999993605
0.2,1.0,0.2,1024,32,0.6758670465767915,0.6758670465767915,0.692820323027551,0.692820323027551,0.9755300531937696,0.3371946385536434,0.37055122520559874,0.26182706679276546,0.2280182808216895,0.03380878597107595,0.47851825169643536,0.9033203125,0.225830078125,0.05078125
0.2,1.0,0.2,1024,33,0.6872726896945601,0.6872726896945598,0.692820323027551,0.692820323027551,0.9919926810045809,0.3291389357873135,0.366166382690105,0.30317922956042664,0.2371533693956469,0.06602586016477974,0.49009822139835596,0.873046875,0.21826171875,0.012499999999997513
0.2,1.0,0.2,1024,34,0.714142842854283,0.7141428428542842,0.692820323027551,0.692820323027551,1.030776406404412,0.3522784127513432,0.3654996215024263,0.3092580142130511,0.23854245520330009,0.07071555900975102,0.4931846070080617,0.8798828125,0.219970703125,-3.552713678800501e-15
0.2,1.0,0.2,1024,35,0.6722160290029044,0.6722160290029047,0.692820323027551,0.692820323027551,0.9702602632460202,0.3326357439066097,0.3653686584078183,0.2638756443678828,0.2388152949837501,0.025060349384132707,0.48920243266523844,0.880859375,0.22021484375,0.0007812500000135003
0.2,1.0,0.2,1024,36,0.6954582010264936,0.6954582010264931,0.692820323027551,0.692820323027551,1.0038074489319473,0.34135848162699106,0.36273503018567216,0.2942211618187365,0.2443020204465498,0.04991914137218667,0.49600712385821566,0.875,0.21875,0.00937499999998792
0.2,1.0,0.2,1024,37,0.675596072894844,0.675596072894845,0.692820323027551,0.692820323027551,0.9751389363732305,0.331796083330311,0.37362529478620676,0.27306258509339554,0.2216139691954203,0.051448615897975225,0.47329910074239573,0.8974609375,0.224365234375,-0.02109374999999858
0.2,1.0,0.2,1024,38,0.6797701099222788,0.6797701099222785,0.692820323027551,0.692820323027551,0.9811636398767227,0.3329038819561774,0.36582442430243045,0.2795651206510701,0.23786578270328784,0.041699337947782245,0.48869710402318894,0.8828125,0.220703125,0.02031249999999396
0.2,1.0,0.2,1024,39,0.6990781981641493,0.6990781981641492,0.692820323027551,0.692820323027551,1.009032464736675,0.35487543843144614,0.36292225855320115,0.27385320358973775,0.24391196134753435,0.029941242242203403,0.4949976709489477,0.892578125,0.22314453125,0.02578125000000675
0.2,1.0,0.2,1024,40,0.6900644642667437,0.6900644642667435,0.692820323027551,0.692820323027551,0.9960222605064983,0.3385229539736457,0.3764149796079206,0.28909954037946795,0.21580212581687208,0.07329741456259586,0.4699814393332784,0.875,0.21875,-0.007812499999994671
0.2,1.0,0.2,1024,41,0.6798940059854939,0.6798940059854939,0.692820323027551,0.692820323027551,0.9813424684403447,0.34128587993543696,0.3639796614065741,0.2616948535884961,0.24170903873634353,0.01998581485215256,0.49224914604014847,0.8896484375,0.222412109375,-0.015624999999996447
0.2,1.0,0.2,1024,42,0.7241104456503851,0.7241104456503844,0.692820323027551,0.692820323027551,1.0451634017981741,0.36014578122937524,0.36783186970161774,0.31313923865961135,0.23368360478833583,0.07945563387127552,0.4935596405720361,0.8994140625,0.224853515625,-0.05624999999999858
0.2,1.0,0.2,1024,43,0.6832463402927498,0.6832463402927467,0.692820323027551,0.692820323027551,0.9861811462271142,0.33024643073492504,0.36895784872404414,0.29256994913216905,0.23133781515826035,0.0612321339739087,0.4838091421203502,0.8798828125,0.219970703125,0.007031250000011369
0.2,1.0,0.2,1024,44,0.6832784987367425,0.6832784987367424,0.692820323027551,0.692820323027551,0.986227562942854,0.33779929927118224,0.3631840214232679,0.27645885129548853,0.24336662203489368,0.03309222926059485,0.49376122576156495,0.896484375,0.22412109375,-0.002343750000001421
0.2,1.0,0.2,1024,45,0.6919017468858965,0.6919017468858967,0.692820323027551,0.692820323027551,0.9986741495433614,0.34582534272071463,0.3656221175157893,0.27761626023957175,0.23828725517546345,0.0393290050641083,0.4908663392854975,0.8935546875,0.223388671875,-0.004687500000001066
0.2,1.0,0.2,1024,46,0.6935700604199546,0.6935700604199578,0.692820323027551,0.692820323027551,1.0010821527133142,0.34967514628878416,0.3653587456015645,0.27308423090011713,0.2388359466634321,0.03424828423668502,0.4902463827911562,0.8916015625,0.222900390625,0.028906250000011013
0.2,1.0,0.2,1024,47,0.7047961910357027,0.7047961910357028,0.692820323027551,0.692820323027551,1.0172856765457146,0.3613973522202828,0.38110951530658316,0.2724583348658982,0.20602184311131255,0.06643649175458566,0.459297424137582,0.880859375,0.22021484375,-0.011718750000001776
0.2,1.0,0.2,1024,48,0.6753471329620078,0.6753471329620044,0.692820323027551,0.692820323027551,0.9747796225301427,0.31726852217746765,0.3651928533568609,0.3043787112244618,0.23918155550653575,0.06519715571792606,0.4921423075306455,0.8955078125,0.223876953125,-0.03750000000001741
0.2,1.0,0.2,1024,49,0.6921359144152508,0.6921359144152518,0.692820323027551,0.692820323027551,0.9990121412586319,0.3452542474379498,0.3646757827815099,0.2792971158581924,0.2402587858718832,0.039038329986309184,0.49242875029863364,0.875,0.21875,-0.01796875000000142
0.2,1.0,0.2,1024,50,0.6813498887491222,0.6813498887491175,0.692820323027551,0.692820323027551,0.983443854204068,0.3217165095966027,0.3694336005649146,0.3070004229213287,0.23034666548978733,0.07665375743154135,0.4840601449727676,0.890625,0.22265625,-0.011718749999996447
0.5,1.0,0.5,32,1,1.7399263633843818,1.7399263633843818,1.7320508075688772,1.7320508075688772,1.0045469542700995,0.6354166666666667,4.357638888888889,0.7901075268817204,-0.45254629629630116,1.2426538231780215,0.2409320499269111,1.0,0.0078125,0.3125
0.5,1.0,0.5,32,2,1.529654781315052,1.529654781315052,1.7320508075688772,1.7320508075688772,0.8831465997594435,0.2666666666666667,6.867378472222223,0.8860322760155815,-1.2891261574074098,2.1751584334229914,-0.025164101736615638,1.0,0.0078125,0.1875
0.5,1.0,0.5,32,3,1.8328597873268975,1.8328597873268975,1.7320508075688772,1.7320508075688772,1.0582020916000245,0.23958333333333331,5.384548611111111,0.9286821705426357,-0.7948495370370452,1.723531707579681,0.21624763129403918,0.96875,0.007568359375,-0.375
0.5,1.0,0.5,32,4,1.653594569415369,1.653594569415369,1.7320508075688772,1.7320508075688772,0.9547032697824667,0.7458333333333333,4.791944444444445,0.7272380952380952,-0.5973148148148113,1.3245529100529065,0.1901512186097046,0.96875,0.007568359375,-0.125
0.5,1.0,0.5,32,5,1.6092991486979666,1.6092991486979666,1.7320508075688772,1.7320508075688772,0.9291292967074066,0.0,4.89453125,1.0,-0.6315104166666667,1.6315104166666667,0.13403011548263108,1.0,0.0078125,-0.1875
0.5,1.0,0.5,32,6,1.8540496217739157,1.8540496217739157,1.7320508075688772,1.7320508075688772,1.0704360482220943,0.4625,7.08375,0.8654545454545455,-1.3612500000000027,2.226704545454548,-0.019526930096884377,1.0,0.0078125,-0.25
0.5,1.0,0.5,32,7,1.6393596310755,1.6393596310755,1.7320508075688772,1.7320508075688772,0.9464847243000456,0.33333333333333337,4.479166666666667,0.875968992248062,-0.4930555555555596,1.3690245478036216,0.21529377820723075,1.0,0.0078125,-0.25
0.5,1.0,0.5,32,8,1.8103435447450298,1.8103435447450298,1.7320508075688772,1.7320508075688772,1.0452023328842444,0.31250000000000006,6.14296875,0.9046483909415971,-1.0476562499999997,1.952304640941597,0.10544496143289891,1.0,0.0078125,-0.3125
0.5,1.0,0.5,32,9,1.6583123951777,1.6583123951777,1.7320508075688772,1.7320508075688772,0.9574271077563381,0.22500000000000003,4.635,0.9181818181818182,-0.5450000000000006,1.4631818181818188,0.21433383544665394,1.0,0.0078125,0.0
0.5,1.0,0.5,32,10,1.539835624344365,1.539835624344365,1.7320508075688772,1.7320508075688772,0.8890245122229946,0.15625,4.2421875,0.9341021416803954,-0.4140625,1.3481646416803954,0.23819078783345612,1.0,0.0078125,-0.0625
0.5,1.0,0.5,32,11,1.5761900266148114,1.5761900266148114,1.7320508075688772,1.7320508075688772,0.9100137361600649,0.5666666666666667,5.217430555555556,0.7719077568134172,-0.7391435185185193,1.5110512753319365,0.22132002250764293,1.0,0.0078125,-0.125
0.5,1.0,0.5,32,12,1.6944302139657448,1.6944302139657448,1.7320508075688772,1.7320508075688772,0.978279740156158,0.7604166666666665,4.565972222222221,0.7351473922902495,-0.5219907407407345,1.2571381330309839,0.14961441603107642,1.0,0.0078125,0.0625
0.5,1.0,0.5,32,13,1.9435389756832766,1.9435389756832766,1.7320508075688772,1.7320508075688772,1.1221027507912693,0.45833333333333337,4.719184027777778,0.8786625301620131,-0.573061342592595,1.451723872754608,0.2336893946719917,1.0,0.0078125,0.3125
0.5,1.0,0.5,32,14,1.984313483298443,1.984313483298443,1.7320508075688772,1.7320508075688772,1.1456439237389602,0.9062499999999999,3.84375,0.7698412698412699,-0.2812500000000042,1.0510912698412742,0.3099554993911147,1.0,0.0078125,0.25
0.5,1.0,0.5,32,15,1.4947825928876748,1.4947825928876748,1.7320508075688772,1.7320508075688772,0.8630131323836658,0.4583333333333333,5.194444444444445,0.7948717948717949,-0.7314814814814856,1.5263532763532806,0.11208073653963903,1.0,0.0078125,0.125
0.5,1.0,0.5,32,16,1.6092991486979666,1.6092991486979666,1.7320508075688772,1.7320508075688772,0.9291292967074066,0.44375000000000003,4.5084375,0.828657616892911,-0.5028124999999946,1.3314701168929055,0.24472083697084604,1.0,0.0078125,-0.1875
0.5,1.0,0.5,32,17,1.8275239396516807,1.8275239396516807,1.7320508075688772,1.7320508075688772,1.0551214385083834,0.45833333333333337,5.771267361111112,0.8627680311890839,-0.9237557870370352,1.7865238182261192,0.16425457610876235,1.0,0.0078125,0.1875
0.5,1.0,0.5,32,18,1.6189792308735773,1.6189792308735773,1.7320508075688772,1.7320508075688772,0.9347180947572732,0.35000000000000003,6.061128472222222,0.8664679582712369,-1.0203761574074037,1.8868441156786406,0.0493079702848329,1.0,0.0078125,0.0625
0.5,1.0,0.5,32,19,2.0463381929681126,2.0463381929681126,1.7320508075688772,1.7320508075688772,1.1814539065631522,0.27083333333333337,5.913194444444445,0.9353233830845771,-0.9710648148148122,1.9063881978993893,0.3521612078028455,1.0,0.0078125,-0.25
0.5,1.0,0.5,32,20,1.6583123951777,1.6583123951777,1.7320508075688772,1.7320508075688772,0.9574271077563381,1.0375,3.865555555555556,0.6227272727272727,-0.2885185185185206,0.9112457912457933,0.18636586399096586,1.0,0.0078125,0.0
0.5,1.0,0.5,32,21,1.71277370075559,1.71277370075559,1.7320508075688772,1.7320508075688772,0.9888703571921516,0.37500000000000006,5.338107638888888,0.8721704394141145,-0.7793692129629621,1.6515396523770767,0.19279552699001387,1.0,0.0078125,0.4375
0.5,1.0,0.5,32,22,1.4563975247163805,1.4563975247163805,1.7320508075688772,1.7320508075688772,0.840851502942107,0.14583333333333334,5.253038194444445,0.9312461632903621,-0.7510127314814834,1.6822588947718455,0.11002874174998929,1.0,0.0078125,-0.0625
0.5,1.0,0.5,32,23,1.3635890143294642,1.3635890143294642,1.7320508075688772,1.7320508075688772,0.7872684844871327,0.20416666666666666,5.516944444444444,0.8901960784313725,-0.8389814814814824,1.729177559912855,0.22147585280543694,0.96875,0.007568359375,0.625
0.5,1.0,0.5,32,24,1.8614090764794289,1.8614090764794289,1.7320508075688772,1.7320508075688772,1.074685031377411,0.5458333333333334,4.5722048611111115,0.8424652386320932,-0.5240682870370368,1.36653352566913,0.27128272159456845,1.0,0.0078125,-0.8125
0.5,1.0,0.5,32,25,1.8864235340983213,1.8864235340983213,1.7320508075688772,1.7320508075688772,1.089127135217311,0.4625,7.354843750000001,0.870032930845225,-1.4516145833333391,2.321647514178564,0.049788845162623045,1.0,0.0078125,-0.5625
0.5,1.0,0.5,32,26,1.9029171684547912,1.9029171684547912,1.7320508075688772,1.7320508075688772,1.0986497394529342,0.5,7.26171875,0.8619201725997843,-1.4205729166666665,2.282493089266451,0.16931093539785705,1.0,0.0078125,-0.0625
0.5,1.0,0.5,32,27,1.6381678027601445,1.6381678027601445,1.7320508075688772,1.7320508075688772,0.9457966219013473,0.35416666666666674,5.627170138888888,0.8680252304706453,-0.8757233796296211,1.7437486101002664,0.13640965851694284,1.0,0.0078125,0.4375
0.5,1.0,0.5,32,28,1.7275343701356567,1.7275343701356567,1.7320508075688772,1.7320508075688772,0.997392433632152,0.2958333333333334,4.228194444444444,0.9008726003490402,-0.40939814814815345,1.3102707484971936,0.35033715560978446,1.0,0.0078125,0.125
0.5,1.0,0.5,32,29,1.589762167747113,1.589762167747113,1.7320508075688772,1.7320508075688772,0.9178496154962787,0.39583333333333337,4.026475694444445,0.8433797011849562,-0.3421585648148191,1.1855382659997753,0.22703232082413996,1.0,0.0078125,0.3125
0.5,1.0,0.5,32,30,1.6944302139657448,1.6944302139657448,1.7320508075688772,1.7320508075688772,0.978279740156158,0.2708333333333333,4.596788194444445,0.9056689342403628,-0.5322627314814803,1.437931665721843,0.18311648281010773,1.0,0.0078125,0.0625
0.5,1.0,0.5,32,31,1.8275239396516807,1.8275239396516807,1.7320508075688772,1.7320508075688772,1.0551214385083834,0.28125,5.21875,0.9157894736842105,-0.7395833333333333,1.6553728070175437,0.16636141610519847,1.0,0.0078125,-0.1875
0.5,1.0,0.5,32,32,1.224744871391589,1.224744871391589,1.7320508075688772,1.7320508075688772,0.7071067811865475,0.38541666666666663,3.5815972222222223,0.7430555555555556,-0.19386574074074092,0.9369212962962965,0.14543910219924194,1.0,0.0078125,0.0
0.5,1.0,0.5,32,33,1.4563975247163805,1.4563975247163805,1.7320508075688772,1.7320508075688772,0.840851502942107,0.20833333333333334,5.325954861111111,0.901780233271946,-0.7753182870370339,1.6770985203089799,0.003931648746842197,1.0,0.0078125,-0.0625
0.5,1.0,0.5,32,34,1.899835519196333,1.899835519196333,1.7320508075688772,1.7320508075688772,1.0968705484240153,0.4479166666666667,6.756076388888889,0.8759018759018758,-1.2520254629629624,2.127927338864838,0.1822433780690246,0.96875,0.007568359375,0.375
0.5,1.0,0.5,32,35,1.7666617531378213,1.7666617531378213,1.7320508075688772,1.7320508075688772,1.0199826387411373,0.5270833333333332,4.793506944444444,0.831122236128494,-0.5978356481481484,1.4289578842766424,0.2830099834356179,1.0,0.0078125,-0.0625
0.5,1.0,0.5,32,36,1.757795138803154,1.757795138803154,1.7320508075688772,1.7320508075688772,1.0148634965682166,0.4166666666666667,5.731336805555555,0.865149599662874,-0.9104456018518576,1.7755952015147316,0.09864152519600576,1.0,0.0078125,0.1875
0.5,1.0,0.5,32,37,2.090716085459716,2.090716085459716,1.7320508075688772,1.7320508075688772,1.207075494739248,0.2916666666666667,4.835503472222222,0.9332737563300566,-0.611834490740738,1.5451082470707946,0.25008437394772776,1.0,0.0078125,0.0625
0.5,1.0,0.5,32,38,1.6583123951777,1.6583123951777,1.7320508075688772,1.7320508075688772,0.9574271077563381,0.20833333333333337,5.069444444444445,0.9242424242424242,-0.6898148148148149,1.6140572390572392,0.06264546476465868,1.0,0.0078125,0.0
0.5,1.0,0.5,32,39,1.3678792892649556,1.3678792892649556,1.7320508075688772,1.7320508075688772,0.7897454758760362,0.3500000000000001,4.48265625,0.8129436325678496,-0.49421874999999704,1.3071623825678467,0.11900964298114457,0.96875,0.007568359375,0.0625
0.5,1.0,0.5,32,40,1.589762167747113,1.589762167747113,1.7320508075688772,1.7320508075688772,0.9178496154962787,0.3020833333333333,5.600694444444445,0.880473982483256,-0.8668981481481455,1.7473721306314016,0.12099012080378041,1.0,0.0078125,-0.3125
0.5,1.0,0.5,32,41,1.71277370075559,1.71277370075559,1.7320508075688772,1.7320508075688772,0.9888703571921516,0.38541666666666663,6.220486111111111,0.8686196182867288,-1.0734953703703707,1.9421149886570994,0.0934453641585081,1.0,0.0078125,-0.4375
0.5,1.0,0.5,32,42,1.5090870584562046,1.5090870584562046,1.7320508075688772,1.7320508075688772,0.8712718194302703,0.4270833333333333,4.988715277777778,0.812464265294454,-0.6629050925925941,1.4753693578870481,0.15786068306889547,1.0,0.0078125,-0.3125
0.5,1.0,0.5,32,43,1.9364916731037085,1.9364916731037085,1.7320508075688772,1.7320508075688772,1.118033988749895,0.5625,5.076388888888889,0.85,-0.6921296296296218,1.5421296296296219,0.30053603533043893,1.0,0.0078125,0.0
0.5,1.0,0.5,32,44,1.6944302139657448,1.6944302139657448,1.7320508075688772,1.7320508075688772,0.978279740156158,0.2708333333333333,4.799913194444445,0.9056689342403628,-0.5999710648148131,1.5056399990551759,0.16060105595541438,1.0,0.0078125,0.0625
0.5,1.0,0.5,32,45,2.207055447876197,2.207055447876197,1.7320508075688772,1.7320508075688772,1.2742440569477524,0.4791666666666667,7.442274305555555,0.9016305800588078,-1.480758101851849,2.3823886819106566,0.18323793568404423,1.0,0.0078125,-0.0625
0.5,1.0,0.5,32,46,2.0223362109204297,2.0223362109204297,1.7320508075688772,1.7320508075688772,1.1675963557668378,0.4375,6.08203125,0.8930276981852913,-1.02734375,1.9203714481852914,0.1602042422645035,1.0,0.0078125,-0.1875
0.5,1.0,0.5,32,47,1.8946882989030147,1.8946882989030147,1.7320508075688772,1.7320508075688772,1.0938987994020897,0.34375,5.0078125,0.9042437431991295,-0.669270833333333,1.5735145765324625,0.2649981821553833,1.0,0.0078125,-0.1875
0.5,1.0,0.5,32,48,1.5360257159305635,1.5360257159305635,1.7320508075688772,1.7320508075688772,0.8868248605746986,0.22500000000000003,4.2006250000000005,0.904635761589404,-0.40020833333332995,1.3048440949227338,0.22708559931402067,1.0,0.0078125,-0.625
0.5,1.0,0.5,32,49,1.8360538526960477,1.8360538526960477,1.7320508075688772,1.7320508075688772,1.0600461861007127,0.28125,6.640625,0.9165701042873696,-1.2135416666666665,2.130111770954036,-0.014533000735960864,1.0,0.0078125,-0.0625
0.5,1.0,0.5,32,50,1.79843682124227,1.79843682124227,1.7320508075688772,1.7320508075688772,1.0383279828647594,0.4958333333333334,5.673194444444444,0.8466988727858293,-0.8910648148148146,1.737763687600644,0.12409453903213932,1.0,0.0078125,-0.125
0.5,1.0,0.5,64,1,1.8874586088176875,1.8874586088176875,1.7320508075688772,1.7320508075688772,1.0897247358851685,1.3937499999999996,4.143333333333334,0.6087719298245615,-0.38111111111111273,0.9898830409356743,0.2000081804609721,0.984375,0.015380859375,0.25
0.5,1.0,0.5,64,2,1.6246994914444948,1.6246994914444948,1.7320508075688772,1.7320508075688772,0.9380206887377271,1.0311011904761902,3.748471070719955,0.6093793492239664,-0.24949035690665666,0.8588697061306231,0.23625592014717806,1.0,0.015625,0.21875
0.5,1.0,0.5,64,3,1.9029171684547912,1.9029171684547912,1.7320508075688772,1.7320508075688772,1.0986497394529342,1.2624999999999997,4.532274305555555,0.6513484358144552,-0.5107581018518605,1.1621065376663158,0.2687884048880175,0.96875,0.01513671875,0.0625
0.5,1.0,0.5,64,4,1.479019945774904,1.479019945774904,1.7320508075688772,1.7320508075688772,0.8539125638299666,0.8265624999999999,4.295954861111111,0.6221428571428572,-0.43198495370371126,1.0541278108465684,0.07957931451427701,0.953125,0.014892578125,-0.25
0.5,1.0,0.5,64,5,1.7320508075688772,1.7320508075688772,1.7320508075688772,1.7320508075688772,1.0,0.7650297619047617,4.062473072562359,0.7449900793650794,-0.3541576908541275,1.099147770219207,0.24190480530062297,0.984375,0.015380859375,0.0
0.5,1.0,0.5,64,6,2.0075540932936278,2.0075540932936278,1.7320508075688772,1.7320508075688772,1.1590618961758112,0.9029761904761907,4.5059871917517,0.7759516309552655,-0.501995730583926,1.2779473615391916,0.33315656932053245,1.0,0.015625,0.53125
0.5,1.0,0.5,64,7,1.5206906325745548,1.5206906325745548,1.7320508075688772,1.7320508075688772,0.8779711460710615,0.5816220238095239,4.566595450680272,0.7484877734877735,-0.5221984835600928,1.2706862570478663,0.14353085498259938,0.984375,0.015380859375,-0.25
0.5,1.0,0.5,64,8,1.6998965961198933,1.6998965961198933,1.7320508075688772,1.7320508075688772,0.981435757364349,1.201488095238095,3.2442122838718825,0.5842095946185166,-0.08140409462396492,0.6656136892424815,0.3404386050385822,1.0,0.015625,-0.21875
0.5,1.0,0.5,64,9,1.87812240016459,1.87812240016459,1.7320508075688772,1.7320508075688772,1.0843344733060922,1.3826636904761902,3.665661670918367,0.608015609344513,-0.22188722363945668,0.8299028329839697,0.3594377314560304,1.0,0.015625,0.3125
0.5,1.0,0.5,64,10,1.575880210390371,1.575880210390371,1.7320508075688772,1.7320508075688772,0.9098348636794849,0.9633928571428568,3.6419668544501134,0.6120667378237179,-0.21398895148338792,0.8260556893071058,0.1991815746049477,1.0,0.015625,-0.28125
0.5,1.0,0.5,64,11,1.7309228030157786,1.7309228030157786,1.7320508075688772,1.7320508075688772,0.9993487462676214,0.8374999999999996,4.6382465277777785,0.7204693611473274,-0.5460821759259264,1.2665515370732539,0.20966833896536005,0.96875,0.01513671875,-0.0625
0.5,1.0,0.5,64,12,1.9220655393352226,1.9220655393352226,1.7320508075688772,1.7320508075688772,1.1097050565352942,1.2343749999999998,4.405707465277778,0.6658736452550886,-0.46856915509260233,1.134442800347691,0.22312831208546452,0.984375,0.015380859375,-0.34375
0.5,1.0,0.5,64,13,1.7929985359726315,1.7929985359726315,1.7320508075688772,1.7320508075688772,1.0351881874004036,0.7629464285714285,3.9523093820861677,0.7626800902621074,-0.3174364606953899,1.0801165509574973,0.28884297315350915,0.984375,0.015380859375,0.1875
0.5,1.0,0.5,64,14,1.7785066593915244,1.7785066593915244,1.7320508075688772,1.7320508075688772,1.0268212985552387,1.125446428571428,3.340648295776644,0.6441935341595733,-0.11354943192554834,0.7577429660851216,0.3168400401683172,1.0,0.015625,-0.15625
0.5,1.0,0.5,64,15,1.6665364532466729,1.6665364532466729,1.7320508075688772,1.7320508075688772,0.9621752698962908,0.8802083333333334,3.572916666666667,0.6830754805438349,-0.19097222222222676,0.8740477027660617,0.3424850535060023,1.0,0.015625,-0.3125
0.5,1.0,0.5,64,16,1.6004760034127348,1.6004760034127348,1.7320508075688772,1.7320508075688772,0.9240352514018789,1.1927083333333335,2.836219618055555,0.5343753971279704,0.054593460648142855,0.4797819364798276,0.386725913919868,1.0,0.015625,-0.03125
0.5,1.0,0.5,64,17,1.5857643070456593,1.5857643070456593,1.7320508075688772,1.7320508075688772,0.9155414495441118,0.9602220695970696,3.56722240409354,0.6181485828087769,-0.18907413469785106,0.807222717506628,0.16018873035554454,1.0,0.015625,-0.21875
0.5,1.0,0.5,64,18,1.7633419974582356,1.7633419974582356,1.7320508075688772,1.7320508075688772,1.0180659769058849,1.0254599567099567,5.083039427203388,0.6702038330179034,-0.6943464757344646,1.364550308752368,0.112843489794148,0.984375,0.015380859375,-0.125
0.5,1.0,0.5,64,19,1.3635890143294642,1.3635890143294642,1.7320508075688772,1.7320508075688772,0.7872684844871327,0.790029761904762,3.9989958900226754,0.5751100440176069,-0.3329986300075658,0.9081086740251727,0.15618955919970895,1.0,0.015625,0.125
0.5,1.0,0.5,64,20,1.920286436967152,1.920286436967152,1.7320508075688772,1.7320508075688772,1.1086778913041726,1.500892857142857,4.689450113378685,0.5929782082324455,-0.5631500377929062,1.1561282460253517,0.20369106194318098,0.984375,0.015380859375,-0.25
0.5,1.0,0.5,64,21,1.6366767968966873,1.6366767968966873,1.7320508075688772,1.7320508075688772,0.9449357892647169,0.7827380952380951,4.241011639030612,0.707792996892523,-0.4136705463435504,1.1214635432360733,0.2557859407158689,1.0,0.015625,0.09375
0.5,1.0,0.5,64,22,1.6944302139657448,1.6944302139657448,1.7320508075688772,1.7320508075688772,0.978279740156158,1.1264880952380953,3.9244596797052154,0.6076449627470035,-0.3081532265684055,0.915798189315409,0.27871042001142654,1.0,0.015625,0.0625
0.5,1.0,0.5,64,23,1.8432202628823284,1.8432202628823284,1.7320508075688772,1.7320508075688772,1.064183714950885,0.9123511904761904,5.970690812783447,0.7314608740880658,-0.9902302709278248,1.7216911450158907,0.15663731247507134,0.984375,0.015380859375,0.40625
0.5,1.0,0.5,64,24,1.7113476962616334,1.7113476962616334,1.7320508075688772,1.7320508075688772,0.9880470531137,0.8729166666666663,4.3055078125,0.7019450928087141,-0.4351692708333239,1.137114363642038,0.20345844872612484,0.96875,0.01513671875,0.09375
0.5,1.0,0.5,64,25,1.757795138803154,1.757795138803154,1.7320508075688772,1.7320508075688772,1.0148634965682166,1.0248511904761903,4.162842970521542,0.6683161760279334,-0.3876143235071814,1.0559304995351146,0.22005030284582033,0.984375,0.015380859375,0.1875
0.5,1.0,0.5,64,26,1.4707433282187616,1.4707433282187616,1.7320508075688772,1.7320508075688772,0.8491340564559482,0.7369047619047616,3.8107884247448984,0.6593270987853381,-0.2702628082482923,0.9295899070336304,0.23483856666821817,1.0,0.015625,-0.15625
0.5,1.0,0.5,64,27,1.589762167747113,1.589762167747113,1.7320508075688772,1.7320508075688772,0.9178496154962787,0.6660443722943725,4.0123858629195475,0.7364646687676053,-0.33746195430652115,1.0739266230741265,0.26049035738183574,0.984375,0.015380859375,-0.3125
0.5,1.0,0.5,64,28,1.75,1.75,1.7320508075688772,1.7320508075688772,1.0103629710818451,0.8302083333333333,4.262916666666667,0.7289115646258504,-0.4209722222222396,1.14988378684809,0.1956955779023182,1.0,0.015625,-0.25
0.5,1.0,0.5,64,29,1.6665364532466729,1.6665364532466729,1.7320508075688772,1.7320508075688772,0.9621752698962908,0.7343749999999999,4.364583333333333,0.7355836849507735,-0.4548611111111267,1.1904447960619002,0.27275912376341904,0.984375,0.015380859375,0.3125
0.5,1.0,0.5,64,30,1.5177980555726114,1.5177980555726114,1.7320508075688772,1.7320508075688772,0.8763011159603378,1.0822916666666667,3.9446918402777778,0.530196410908577,-0.31489728009260487,0.8450936910011819,0.22396285874650904,1.0,0.015625,-0.09375
0.5,1.0,0.5,64,31,1.7474870350019769,1.7474870350019769,1.7320508075688772,1.7320508075688772,1.0089121100637723,1.0598214285714285,4.349416896967121,0.6529398327927269,-0.44980563232237203,1.102745465115099,0.2599493398964157,0.96875,0.01513671875,-0.09375
0.5,1.0,0.5,64,32,1.695582495781317,1.695582495781317,1.7320508075688772,1.7320508075688772,0.978945010372561,1.3300595238095236,3.608458049886621,0.5373706004140788,-0.2028193499622073,0.7401899503762861,0.3469331960529953,1.0,0.015625,0.0
0.5,1.0,0.5,64,33,1.5980334594431995,1.5980334594431995,1.7320508075688772,1.7320508075688772,0.9226250479835602,0.7416666666666667,4.456688368055556,0.7095729764181007,-0.4855627893518566,1.1951357657699573,0.14191144767224614,0.96875,0.01513671875,0.09375
0.5,1.0,0.5,64,34,1.8871998933605312,1.8871998933605312,1.7320508075688772,1.7320508075688772,1.0895753664463357,0.8654761904761907,3.991096318735828,0.7569927011111546,-0.33036543957861997,1.0873581406897745,0.289249067219434,0.96875,0.01513671875,0.03125
0.5,1.0,0.5,64,35,1.7842628029525247,1.7842628029525247,1.7320508075688772,1.7320508075688772,1.0301446095896765,1.1395089285714286,3.998684630102041,0.6420683610867659,-0.3328948767006825,0.9749632377874484,0.23109180234602938,1.0,0.015625,0.4375
0.5,1.0,0.5,64,36,1.4193831186469705,1.4193831186469705,1.7320508075688772,1.7320508075688772,0.819481225634039,0.6229166666666666,3.8168793402777776,0.6908062691872678,-0.2722931134259252,0.9630993826131931,0.13113363119542754,0.984375,0.015380859375,-0.21875
0.5,1.0,0.5,64,37,1.7136287338568994,1.7136287338568994,1.7320508075688772,1.7320508075688772,0.9893640107833584,0.9734848484848483,4.133842867596419,0.6684906934324959,-0.377947622532143,1.0464383159646389,0.21981892924524032,0.984375,0.015380859375,0.03125
0.5,1.0,0.5,64,38,1.5357077969132018,1.5357077969132018,1.7320508075688772,1.7320508075688772,0.8866413099444442,0.7299107142857141,4.2469117594954655,0.6905057675244011,-0.4156372531651593,1.1061430206895604,0.19529857915722,1.0,0.015625,-0.28125
0.5,1.0,0.5,64,39,1.4786897705401225,1.4786897705401225,1.7320508075688772,1.7320508075688772,0.8537219370692858,1.0194940476190473,3.64472797973356,0.5337374252961571,-0.21490932657785256,0.7486467518740096,0.2868337506741323,1.0,0.015625,0.03125
0.5,1.0,0.5,64,40,1.8747395652463303,1.8747395652463303,1.7320508075688772,1.7320508075688772,1.082381392655411,1.0246212121212117,4.284842207587236,0.7084712083322809,-0.42828073586242454,1.1367519441947054,0.2869925877286015,1.0,0.015625,0.21875
0.5,1.0,0.5,64,41,1.5799030824705673,1.5799030824705673,1.7320508075688772,1.7320508075688772,0.9121574699579016,0.8779761904761905,4.36108453798186,0.6482599299500709,-0.4536948459939627,1.1019547759440336,0.21803133645923037,0.984375,0.015380859375,-0.0625
0.5,1.0,0.5,64,42,1.87812240016459,1.87812240016459,1.7320508075688772,1.7320508075688772,1.0843344733060922,0.9552083333333335,4.865694444444444,0.7291989664082688,-0.6218981481481347,1.3510971145564035,0.1901173514324157,0.984375,0.015380859375,0.3125
0.5,1.0,0.5,64,43,1.7633419974582356,1.7633419974582356,1.7320508075688772,1.7320508075688772,1.0180659769058849,1.258556547619048,3.503047052154195,0.5952380952380951,-0.16768235071806492,0.76292044595616,0.3066436224017399,0.984375,0.015380859375,0.375
0.5,1.0,0.5,64,44,1.6007810593582121,1.6007810593582121,1.7320508075688772,1.7320508075688772,0.9242113755341181,0.9156249999999999,4.079305555555556,0.6426829268292683,-0.35976851851853,1.0024514453477984,0.1742897830868755,0.984375,0.015380859375,-0.25
0.5,1.0,0.5,64,45,1.5584322049739603,1.5584322049739603,1.7320508075688772,1.7320508075688772,0.899761253055498,0.6363095238095239,4.513572757227891,0.7380052463285274,-0.5045242524092932,1.2425294987378206,0.2091443321874089,0.984375,0.015380859375,0.09375
0.5,1.0,0.5,64,46,1.553411065204571,1.553411065204571,1.7320508075688772,1.7320508075688772,0.8968622966580024,0.6311011904761905,4.244345326672335,0.738467171571178,-0.414781775557439,1.153248947128617,0.13464509764198798,0.9375,0.0146484375,0.15625
0.5,1.0,0.5,64,47,1.7850835939809653,1.7850835939809653,1.7320508075688772,1.7320508075688772,1.030618493510895,1.2107886904761904,3.483326601473923,0.6200283116617777,-0.16110886715798367,0.7811371788197614,0.3098596243457078,1.0,0.015625,0.03125
0.5,1.0,0.5,64,48,1.4944559001522928,1.4944559001522928,1.7320508075688772,1.7320508075688772,0.8628245162449508,0.6956845238095238,3.6188877373866206,0.6885085472754908,-0.20629591246222367,0.8948044597377145,0.2560396441786767,1.0,0.015625,0.28125
0.5,1.0,0.5,64,49,1.7633419974582356,1.7633419974582356,1.7320508075688772,1.7320508075688772,1.0180659769058849,1.145833333333333,3.9719444444444445,0.6314907872696818,-0.32398148148148476,0.9554722687511665,0.24223657621134417,1.0,0.015625,0.375
0.5,1.0,0.5,64,50,1.713913650100261,1.713913650100261,1.7320508075688772,1.7320508075688772,0.9895285072531598,0.8086805555555556,3.4447993827160497,0.7247044917257683,-0.14826646090534723,0.8729709526311156,0.3613962583718693,0.984375,0.015380859375,0.25
0.5,1.0,0.5,128,1,1.7280289304218839,1.7280289304218839,1.7320508075688772,1.7320508075688772,0.9976779681465358,1.5602337766400272,3.1205574752981344,0.47749836079490215,-0.04018582509939006,0.5176841858942922,0.343205635077742,1.0,0.03125,-0.328125
0.5,1.0,0.5,128,2,1.682791463424687,1.682791463424687,1.7320508075688772,1.7320508075688772,0.9715601043982474,1.7840897817460326,3.1684628601151106,0.369977433741551,-0.05615428670505951,0.4261317204466105,0.27623398374780855,0.9921875,0.031005859375,0.109375
0.5,1.0,0.5,128,3,1.6174705368259417,1.6174705368259417,1.7320508075688772,1.7320508075688772,0.9338470498427459,1.4617514430014429,3.0492556253207974,0.4412715648997845,-0.016418541773600248,0.4576901066733847,0.31957474088176285,0.984375,0.03076171875,-0.09375
0.5,1.0,0.5,128,4,1.6851835953390955,1.6851835953390955,1.7320508075688772,1.7320508075688772,0.9729412024029682,1.7723021769896765,2.827939677999462,0.37591560205040275,0.057353440666845557,0.3185621613835572,0.35987821044399243,0.9765625,0.030517578125,-0.1875
0.5,1.0,0.5,128,5,1.7317688753121763,1.7317688753121763,1.7320508075688772,1.7320508075688772,0.9998372263357005,1.6128472222222217,3.0216025270061735,0.46220919714895636,-0.007200842335388424,0.4694100394843448,0.338436169505835,1.0,0.03125,-0.03125
0.5,1.0,0.5,128,6,1.5649200009505277,1.5649200009505277,1.7320508075688772,1.7320508075688772,0.9035069838090166,1.2948841956654453,3.6780007289382644,0.47125454436789316,-0.22600024297942833,0.6972547873473215,0.23404290768472458,0.984375,0.03076171875,0.140625
0.5,1.0,0.5,128,7,1.8003363401042596,1.8003363401042596,1.7320508075688772,1.7320508075688772,1.03942467059106,1.7993946158008667,2.9889034614075194,0.44483878078334216,0.0036988461974879483,0.4411399345858542,0.34767740071978914,0.9921875,0.031005859375,0.09375
0.5,1.0,0.5,128,8,1.79075043190697,1.79075043190697,1.7320508075688772,1.7320508075688772,1.0338902439129278,1.7348675629925623,3.0398315343221647,0.45900132942386485,-0.013277178107380161,0.472278507531245,0.35607207609163954,0.984375,0.03076171875,-0.109375
0.5,1.0,0.5,128,9,1.7229352452646036,1.7229352452646036,1.7320508075688772,1.7320508075688772,0.9947371276498128,1.5172809829059823,3.3590300759050393,0.4888738460413764,-0.11967669196835362,0.60855053800973,0.3083695557358307,0.984375,0.03076171875,0.015625
0.5,1.0,0.5,128,10,1.75,1.75,1.7320508075688772,1.7320508075688772,1.0103629710818451,1.6390880820568328,2.9904266293028052,0.46478756504266683,0.003191123565729037,0.4615964414769378,0.3717423793343789,0.9921875,0.031005859375,0.0
0.5,1.0,0.5,128,11,1.7516036179384307,1.7516036179384307,1.7320508075688772,1.7320508075688772,1.0112888203302755,1.6355845543345549,3.0484195707521247,0.46690902088371633,-0.01613985691737385,0.4830488778010902,0.3458416207082061,0.9921875,0.031005859375,0.296875
0.5,1.0,0.5,128,12,1.7409784201347815,1.7409784201347815,1.7320508075688772,1.7320508075688772,1.0051543595181456,1.517221233627483,3.1143158818543166,0.49943309118500434,-0.038105293951431696,0.537538385136436,0.3516589050998154,0.9765625,0.030517578125,0.015625
0.5,1.0,0.5,128,13,1.6170931433825944,1.6170931433825944,1.7320508075688772,1.7320508075688772,0.933629161636639,1.2537585678210676,3.4929671649051133,0.5205494264032217,-0.16432238830170642,0.6848718147049281,0.25387288091719074,0.9921875,0.031005859375,-0.203125
0.5,1.0,0.5,128,14,1.6189792308735773,1.6189792308735773,1.7320508075688772,1.7320508075688772,0.9347180947572732,1.4690552503052507,3.1996665631927756,0.4395258657553738,-0.06655552106426921,0.506081386819643,0.23781442987438206,0.9921875,0.031005859375,-0.0625
0.5,1.0,0.5,128,15,1.7041281449395171,1.7041281449395171,1.7320508075688772,1.7320508075688772,0.9838788432144479,1.6276139658952173,3.0893419338114456,0.43953704881825895,-0.029780644603814244,0.4693176934220732,0.33341215119108014,0.9765625,0.030517578125,0.046875
0.5,1.0,0.5,128,16,1.7608480733726009,1.7608480733726009,1.7320508075688772,1.7320508075688772,1.016626109163705,1.6062294909951156,3.260284666554341,0.4819593704633076,-0.08676155551812914,0.5687209259814368,0.2595078069739301,0.9765625,0.030517578125,0.15625
0.5,1.0,0.5,128,17,1.6952944987523555,1.6952944987523555,1.7320508075688772,1.7320508075688772,0.9787787352103642,1.5267714056776551,2.898690232996551,0.4687686308481418,0.033769922334479285,0.4349987085136625,0.36138754385238625,0.984375,0.03076171875,-0.03125
0.5,1.0,0.5,128,18,1.7455300054711176,1.7455300054711176,1.7320508075688772,1.7320508075688772,1.0077822185373186,1.6876802884615383,2.7943263751917597,0.4460946745562131,0.06855787493607846,0.37753679962013464,0.3930372322715603,1.0,0.03125,0.125
0.5,1.0,0.5,128,19,1.8304605807009338,1.8304605807009338,1.7320508075688772,1.7320508075688772,1.056816909008683,1.4065555104617604,3.234969745512224,0.580206108215435,-0.07832324850406858,0.6585293567195035,0.360280680451327,0.9765625,0.030517578125,0.15625
0.5,1.0,0.5,128,20,1.7959916306876265,1.7959916306876265,1.7320508075688772,1.7320508075688772,1.036916251439816,1.6643105158730163,3.218086537855883,0.4840284685879599,-0.07269551261862328,0.5567239812065832,0.3491235351559545,0.984375,0.03076171875,-0.15625
0.5,1.0,0.5,128,21,1.87805740310966,1.87805740310966,1.7320508075688772,1.7320508075688772,1.0842969472389317,2.0589894480519484,3.2357916664104525,0.41623722715990996,-0.0785972221368243,0.49483444929673426,0.29955910542376935,1.0,0.03125,-0.359375
0.5,1.0,0.5,128,22,1.6438212912296761,1.6438212912296761,1.7320508075688772,1.7320508075688772,0.9490606649910918,1.2520074543512045,3.0881530104403065,0.536662221447187,-0.02938433681344943,0.5660465582606364,0.3346458130035888,0.9765625,0.030517578125,-0.21875
0.5,1.0,0.5,128,23,1.645231627879491,1.645231627879491,1.7320508075688772,1.7320508075688772,0.9498749232355104,1.5139339826839824,2.8910666455911738,0.4406896732142517,0.036311118136258536,0.40437855507799314,0.35682492068801824,0.9921875,0.031005859375,-0.109375
0.5,1.0,0.5,128,24,1.6770509831248424,1.6770509831248424,1.7320508075688772,1.7320508075688772,0.9682458365518544,1.583085317460318,2.9243039808516,0.4371252204585535,0.025232006382790995,0.4118932140757625,0.3754314106725353,1.0,0.03125,-0.25
0.5,1.0,0.5,128,25,1.7850835939809653,1.7850835939809653,1.7320508075688772,1.7320508075688772,1.030618493510895,1.5707093253968252,2.832150307460947,0.5070774289897797,0.05594989751301427,0.45112753147676543,0.4104812292598615,0.9921875,0.031005859375,-0.03125
0.5,1.0,0.5,128,26,1.7136287338568994,1.7136287338568994,1.7320508075688772,1.7320508075688772,0.9893640107833584,1.4670056505994007,3.32138820835827,0.5004277398690435,-0.10712940278610072,0.6075571426551443,0.23401977849569172,0.9921875,0.031005859375,0.03125
0.5,1.0,0.5,128,27,1.6053499423801654,1.6053499423801654,1.7320508075688772,1.7320508075688772,0.9268492213767388,1.4927207341269841,2.8528716301335346,0.4207858917218523,0.04904278995549671,0.3717431017663556,0.3323277332993039,0.984375,0.03076171875,-0.21875
0.5,1.0,0.5,128,28,1.8946882989030147,1.8946882989030147,1.7320508075688772,1.7320508075688772,1.0938987994020897,1.8302207341269834,2.931766365110859,0.49016702074373475,0.022744544963059443,0.4674224757806753,0.3985936008355771,0.9765625,0.030517578125,-0.1875
0.5,1.0,0.5,128,29,1.7229352452646036,1.7229352452646036,1.7320508075688772,1.7320508075688772,0.9947371276498128,1.775514416139415,3.009260902727166,0.4018827988726833,-0.0030869675757323467,0.40496976644841565,0.3313114150895007,0.984375,0.03076171875,-0.015625
0.5,1.0,0.5,128,30,1.5499495959546556,1.5499495959546556,1.7320508075688772,1.7320508075688772,0.8948638164547722,1.3306547619047622,3.0763162556689343,0.4461014324428958,-0.025438751889633293,0.4715401843325291,0.2786766850067713,0.9765625,0.030517578125,-0.1875
0.5,1.0,0.5,128,31,1.7842628029525247,1.7842628029525247,1.7320508075688772,1.7320508075688772,1.0301446095896765,1.4918898809523806,3.0406958616780044,0.5313818288051417,-0.01356528722600392,0.5449471160311457,0.37788101489250114,0.9765625,0.030517578125,0.0625
0.5,1.0,0.5,128,32,1.6665364532466729,1.6665364532466729,1.7320508075688772,1.7320508075688772,0.9621752698962908,1.5721692370129874,3.181236016531269,0.43393062633568946,-0.06041200551041159,0.49434263184610105,0.3006508285467376,0.9765625,0.030517578125,0.1875
0.5,1.0,0.5,128,33,1.6398807835861118,1.6398807835861118,1.7320508075688772,1.7320508075688772,0.9467856118423361,1.6510010822510812,2.953262972555155,0.3860644182568834,0.015579009148286471,0.37048540910859695,0.2949929298365947,0.984375,0.03076171875,-0.171875
0.5,1.0,0.5,128,34,1.7404174023420358,1.7404174023420358,1.7320508075688772,1.7320508075688772,1.0048304557444836,1.3735178883616375,3.326549007899386,0.5465520052607991,-0.10884966929980888,0.6554016745606079,0.300062426647716,0.9921875,0.031005859375,-0.046875
0.5,1.0,0.5,128,35,1.6291263715178759,1.6291263715178759,1.7320508075688772,1.7320508075688772,0.940576549139764,1.4540593087468088,3.3220987742475265,0.45213624058256563,-0.10736625808252787,0.5595024986650935,0.25035013014829804,0.9765625,0.030517578125,-0.046875
0.5,1.0,0.5,128,36,1.5931371370663607,1.5931371370663607,1.7320508075688772,1.7320508075688772,0.9197981549412532,1.2061598124098138,3.5238227567723985,0.5247758184272222,-0.17460758559080403,0.6993834040180262,0.2928010415745243,0.96875,0.0302734375,0.15625
0.5,1.0,0.5,128,37,1.6929887588226922,1.6929887588226922,1.7320508075688772,1.7320508075688772,0.9774475156412918,1.4283820346320348,3.2118310264733765,0.5016479715627926,-0.07061034215778728,0.5722583137205799,0.2923549496832151,0.984375,0.03076171875,0.09375
0.5,1.0,0.5,128,38,1.8032495624219627,1.8032495624219627,1.7320508075688772,1.7320508075688772,1.0411066202803951,1.5569478264790773,2.703881190876211,0.521190907931654,0.09870626970792762,0.4224846382237264,0.43162189386992905,0.9921875,0.031005859375,0.171875
0.5,1.0,0.5,128,39,1.8231770647347998,1.8231770647347998,1.7320508075688772,1.7320508075688772,1.0526117691049885,1.7272434163059165,2.962777663355526,0.48036804750723217,0.012407445548162865,0.4679606019590693,0.3850731610847688,0.9921875,0.031005859375,-0.140625
0.5,1.0,0.5,128,40,1.5799030824705673,1.5799030824705673,1.7320508075688772,1.7320508075688772,0.9121574699579016,1.4006572420634926,2.763786967964795,0.43886032242839734,0.0787376773450621,0.36012264508333525,0.3595727073500198,0.984375,0.03076171875,-0.0625
0.5,1.0,0.5,128,41,1.7516036179384307,1.7516036179384307,1.7320508075688772,1.7320508075688772,1.0112888203302755,1.345860042735043,3.263307547162966,0.5613397998692817,-0.08776918238766318,0.6491089822569449,0.3323145504650763,0.9921875,0.031005859375,0.296875
0.5,1.0,0.5,128,42,1.6641175166961617,1.6641175166961617,1.7320508075688772,1.7320508075688772,0.9607786962277005,1.5529953553391056,3.115983955617132,0.4392075310350898,-0.03866131853905075,0.47786884957414055,0.2945947592967098,0.9765625,0.030517578125,-0.109375
0.5,1.0,0.5,128,43,1.8666480653835098,1.8666480653835098,1.7320508075688772,1.7320508075688772,1.0777097630314636,1.8490101911976913,3.0531705655555768,0.46934236665178364,-0.017723521851882085,0.4870658885036657,0.3880724920723395,0.9765625,0.030517578125,0.125
0.5,1.0,0.5,128,44,1.6770509831248424,1.6770509831248424,1.7320508075688772,1.7320508075688772,0.9682458365518544,1.4644841269841273,3.0289366811539438,0.4792945326278658,-0.009645560384656582,0.4889400930125224,0.35849238326794236,0.9765625,0.030517578125,-0.25
0.5,1.0,0.5,128,45,1.7853571071357126,1.7853571071357126,1.7320508075688772,1.7320508075688772,1.0307764064044154,1.8153645833333334,2.8176959325396833,0.43047385620915035,0.06076802248675739,0.36970583372239296,0.3899632298668553,0.9921875,0.031005859375,0.0
0.5,1.0,0.5,128,46,1.4278719688315895,1.4278719688315895,1.7320508075688772,1.7320508075688772,0.8243822655732391,0.9791294642857139,2.812030519238945,0.5197564021417453,0.06265649358700476,0.4570999085547406,0.3428230230619323,0.9765625,0.030517578125,-0.234375
0.5,1.0,0.5,128,47,1.8108154887715644,1.8108154887715644,1.7320508075688772,1.7320508075688772,1.0454748098950064,1.4161943091630604,2.706513065581442,0.5681087119103645,0.0978289781395204,0.4702797337708441,0.43810175664726414,0.9765625,0.030517578125,-0.046875
0.5,1.0,0.5,128,48,1.7047011055827352,1.7047011055827352,1.7320508075688772,1.7320508075688772,0.9842096421960449,1.630475514069265,3.178927997975236,0.4389290342243376,-0.059642665991763044,0.49857170021610064,0.31248547066313226,0.9765625,0.030517578125,0.015625
0.5,1.0,0.5,128,49,1.7218721642444887,1.7218721642444887,1.7320508075688772,1.7320508075688772,0.9941233575366791,1.7323457792207797,2.8003438782537806,0.41570419040774753,0.06655204058206532,0.3491521498256822,0.40233347483131615,1.0,0.03125,0.1875
0.5,1.0,0.5,128,50,1.7555019536802003,1.7555019536802003,1.7320508075688772,1.7320508075688772,1.0135395255201776,1.5031283820346313,3.080249474405953,0.5122543093706845,-0.026749824801998612,0.5390041341726831,0.3584067297168636,1.0,0.03125,0.109375
0.5,1.0,0.5,256,1,1.7363973288374266,1.7363973288374266,1.7320508075688772,1.7320508075688772,1.0025094652244355,1.879800178174188,2.521062264006441,0.3765330043279035,0.15964591199784905,0.21688709233005443,0.4425692117242082,0.96484375,0.060302734375,-0.0234375
0.5,1.0,0.5,256,2,1.5705845535480571,1.5705845535480571,1.7320508075688772,1.7320508075688772,0.906777414776039,1.5361858275775655,2.42362913576006,0.37723942597968985,0.1921236214133123,0.18511580456637755,0.45136188146847267,0.96484375,0.060302734375,0.1328125
0.5,1.0,0.5,256,3,1.7923005631293403,1.7923005631293403,1.7320508075688772,1.7320508075688772,1.0347852125914425,2.0057229662698393,2.4903947245770857,0.37561959530761246,0.16986842514098244,0.20575117016663003,0.45750579779256983,0.9765625,0.06103515625,-0.1484375
0.5,1.0,0.5,256,4,1.7770647102384876,1.7770647102384876,1.7320508075688772,1.7320508075688772,1.0259887888235752,2.10056805093449,2.5777096421187506,0.33483365004811205,0.14076345262707834,0.1940701974210337,0.40620259808813536,0.96484375,0.060302734375,0.171875
0.5,1.0,0.5,256,5,1.6535761140158471,1.6535761140158471,1.7320508075688772,1.7320508075688772,0.9546926145525847,2.036426006067914,2.5246590284976245,0.25523329352403623,0.15844699050079247,0.09678630302324376,0.4025044100169053,0.96484375,0.060302734375,-0.0078125
0.5,1.0,0.5,256,6,1.7446731147535202,1.7446731147535202,1.7320508075688772,1.7320508075688772,1.0072874924508477,1.8663636626786997,2.488252659805308,0.38684802291255804,0.17058244673155976,0.2162655761809983,0.44500257403940174,0.98828125,0.061767578125,0.0546875
0.5,1.0,0.5,256,7,1.767145363113912,1.767145363113912,1.7320508075688772,1.7320508075688772,1.0202618510910162,2.0276123583078642,2.6068832979705907,0.35070751156054947,0.1310389006764846,0.21966861088406486,0.4116090630683192,0.96875,0.060546875,0.046875
0.5,1.0,0.5,256,8,1.7044862679118304,1.7044862679118304,1.7320508075688772,1.7320508075688772,0.9840856056089159,1.9142032688686987,2.8031118927481278,0.3411280177070428,0.06562936908395789,0.27549864862308493,0.3671561493815251,0.9609375,0.06005859375,-0.03125
0.5,1.0,0.5,256,9,1.7159067391615432,1.7159067391615432,1.7320508075688772,1.7320508075688772,0.99067921775921,1.9899750249750252,2.7187937355128424,0.3241345188807875,0.0937354214957109,0.23039909738507658,0.3703908675744219,0.96484375,0.060302734375,0.15625
0.5,1.0,0.5,256,10,1.7497209598961774,1.7497209598961774,1.7320508075688772,1.7320508075688772,1.0102018672027884,1.7868093408923116,2.750113562439184,0.41636594415511097,0.0832954791869458,0.33307046496816517,0.40339011563538013,0.98046875,0.061279296875,-0.03125
0.5,1.0,0.5,256,11,1.6949884482921262,1.6949884482921262,1.7320508075688772,1.7320508075688772,0.9786020368947652,1.6643797160660176,2.3810396390973825,0.4206794572448932,0.20632012030087699,0.2143593369440162,0.4752123097453769,0.96484375,0.060302734375,-0.1328125
0.5,1.0,0.5,256,12,1.732596920764824,1.732596920764824,1.7320508075688772,1.7320508075688772,1.0003152986006878,1.9336027250225623,2.6779867462415403,0.35587200766993354,0.10733775125282907,0.24853425641710447,0.39431667609032045,0.97265625,0.060791015625,-0.1171875
0.5,1.0,0.5,256,13,1.6222934190521763,1.6222934190521763,1.7320508075688772,1.7320508075688772,0.9366315421943324,1.5872893581713114,2.594657392168285,0.3968889414592123,0.13511420261056573,0.26177473884864655,0.416572723070039,0.96484375,0.060302734375,-0.15625
0.5,1.0,0.5,256,14,1.8050594854723625,1.8050594854723625,1.7320508075688772,1.7320508075688772,1.042151579840756,2.252235238491407,2.4898187483734127,0.3087570547282241,0.17006041720885035,0.13869663751937378,0.4408727695474905,0.95703125,0.059814453125,0.0859375
0.5,1.0,0.5,256,15,1.699304056766696,1.699304056766696,1.7320508075688772,1.7320508075688772,0.9810936546092751,1.8271413402881083,2.5239075089037906,0.3672532028644424,0.1586974970320717,0.2085557058323707,0.4331517546713446,0.96875,0.060546875,0.0546875
0.5,1.0,0.5,256,16,1.798284094239214,1.798284094239214,1.7320508075688772,1.7320508075688772,1.0382398058884326,1.8556445030395305,2.515873146025687,0.4261767069097697,0.16137561799144373,0.264801088918326,0.4474270827247733,0.9609375,0.06005859375,-0.0234375
0.5,1.0,0.5,256,17,1.625,1.625,1.7320508075688772,1.7320508075688772,0.9381941874331419,1.6820195819935544,2.5935045460964625,0.3630221701326185,0.13549848463450376,0.22752368549811475,0.39660668832974166,0.95703125,0.059814453125,0.125
0.5,1.0,0.5,256,18,1.7721808598447282,1.7721808598447282,1.7320508075688772,1.7320508075688772,1.0231690964840563,1.8202705344594112,2.5940747993128035,0.4204113721124263,0.13530840022907054,0.28510297188335576,0.4187530676512736,0.984375,0.0615234375,0.125
0.5,1.0,0.5,256,19,1.6955105011102114,1.6955105011102114,1.7320508075688772,1.7320508075688772,0.9789034442298179,1.7210667807773787,2.5955111050750097,0.4013172370221534,0.13482963164165696,0.26648760538049643,0.42411780749042616,0.984375,0.0615234375,0.015625
0.5,1.0,0.5,256,20,1.7443407377502251,1.7443407377502251,1.7320508075688772,1.7320508075688772,1.007095594498523,1.808638870643032,2.6189942487758184,0.40558574868379527,0.1270019170747304,0.27858383160906486,0.41924567945637803,0.96484375,0.060302734375,-0.140625
0.5,1.0,0.5,256,21,1.8086570250810405,1.8086570250810405,1.7320508075688772,1.7320508075688772,1.0442286203022466,1.921574826417862,2.6367263019895737,0.41258523106145517,0.12109123267014199,0.2914939983913132,0.42802117079952257,0.984375,0.0615234375,0.203125
0.5,1.0,0.5,256,22,1.7808216316054086,1.7808216316054086,1.7320508075688772,1.7320508075688772,1.0281578483860914,2.158273614017132,2.379456943370945,0.31944119609583144,0.20684768554302335,0.11259351055280808,0.47160018082908006,0.9765625,0.06103515625,0.0234375
0.5,1.0,0.5,256,23,1.767490717797409,1.767490717797409,1.7320508075688772,1.7320508075688772,1.020461241710499,2.0333969135439736,2.531943745360986,0.3491095844110569,0.15601875154632905,0.19309083286472783,0.43120769075986837,0.96484375,0.060302734375,0.03125
0.5,1.0,0.5,256,24,1.7556931668414473,1.7556931668414473,1.7320508075688772,1.7320508075688772,1.0136499224902962,1.8455524026949148,2.5338408578892024,0.40127258646509145,0.15538638070359578,0.24588620576149567,0.43690177328743146,0.96484375,0.060302734375,0.1640625
0.5,1.0,0.5,256,25,1.7270926787795002,1.7270926787795002,1.7320508075688772,1.7320508075688772,0.9971374230087764,1.8493333489427246,2.4614538791972858,0.38001109883003004,0.17951537360090564,0.2004957252291244,0.4591422701326488,0.97265625,0.060791015625,0.0390625
0.5,1.0,0.5,256,26,1.6922495371823123,1.6922495371823123,1.7320508075688772,1.7320508075688772,0.9770207258282276,1.7998979308552652,2.449039677853837,0.3714800464815392,0.18365344071538747,0.18782660576615173,0.45810669864459436,0.953125,0.0595703125,-0.1640625
0.5,1.0,0.5,256,27,1.6895061859442095,1.6895061859442095,1.7320508075688772,1.7320508075688772,0.9754368512524274,1.6698983988282308,2.7935135595069744,0.41498032017444497,0.06882881349765846,0.3461515066767865,0.37228902797079577,0.96875,0.060546875,-0.0703125
0.5,1.0,0.5,256,28,1.71277370075559,1.71277370075559,1.7320508075688772,1.7320508075688772,0.9888703571921516,1.8123345801944866,2.6434525711677352,0.38221351194435615,0.11884914294409521,0.26336436900026094,0.4029452036230651,0.98046875,0.061279296875,-0.1875
0.5,1.0,0.5,256,29,1.7556931668414473,1.7556931668414473,1.7320508075688772,1.7320508075688772,1.0136499224902962,1.92293006246471,2.6824165585465662,0.3761700068625268,0.1058611471511357,0.27030885971139107,0.4016868701838692,0.94921875,0.059326171875,0.1640625
0.5,1.0,0.5,256,30,1.7720258698996891,1.7720258698996891,1.7320508075688772,1.7320508075688772,1.0230796129975663,1.9753222783408553,2.7121386245077206,0.3709316343355964,0.09595379183074682,0.2749778425048496,0.39850504424218675,0.984375,0.0615234375,-0.0234375
0.5,1.0,0.5,256,31,1.7365379249655764,1.7365379249655764,1.7320508075688772,1.7320508075688772,1.0025906384368697,1.7902693489753259,2.7359908730688627,0.4063235368751039,0.08800304231038736,0.31832049456471656,0.38836030798941584,0.96484375,0.060302734375,0.0078125
0.5,1.0,0.5,256,32,1.643802726103029,1.643802726103029,1.7320508075688772,1.7320508075688772,0.9490499464102246,1.734185862794003,2.3716189111582557,0.3582051190165809,0.2094603629472599,0.14874475606932103,0.4786484252018909,0.9765625,0.06103515625,0.1796875
0.5,1.0,0.5,256,33,1.7362567213242832,1.7362567213242832,1.7320508075688772,1.7320508075688772,1.002428285438872,1.8684981348308554,2.589006715502313,0.3801811374325538,0.13699776149922205,0.24318337593333172,0.4212659704262388,0.94921875,0.059326171875,0.1796875
0.5,1.0,0.5,256,34,1.9038791609172574,1.9038791609172574,1.7320508075688772,1.7320508075688772,1.0992051460600976,2.2538878902396013,2.5081670718153726,0.3781959454151407,0.1639443093948708,0.21425163602026986,0.46437910635322355,0.97265625,0.060791015625,0.015625
0.5,1.0,0.5,256,35,1.7044862679118304,1.7044862679118304,1.7320508075688772,1.7320508075688772,0.9840856056089159,1.938508015742502,2.511849160161379,0.3327622829847656,0.16271694661287672,0.1700453363718889,0.4239136217513519,0.98046875,0.061279296875,0.03125
0.5,1.0,0.5,256,36,1.8340415742544525,1.8340415742544525,1.7320508075688772,1.7320508075688772,1.0588843966007733,2.064959893048127,2.5750169433778263,0.38610616959045363,0.14166101887404847,0.24444515071640516,0.42874215152556056,0.98046875,0.061279296875,0.1640625
0.5,1.0,0.5,256,37,1.68124927393107,1.68124927393107,1.7320508075688772,1.7320508075688772,0.9706697208789662,1.7612009828353177,2.5963402557357584,0.3769187255128621,0.134553248088097,0.2423654774247651,0.4115141987732147,0.9453125,0.05908203125,-0.0390625
0.5,1.0,0.5,256,38,1.6942681114846463,1.6942681114846463,1.7320508075688772,1.7320508075688772,0.9781861502450595,1.9664907133531984,2.5906046803888794,0.31494155243182576,0.1364651065370336,0.17847644589479217,0.39896737608026345,0.984375,0.0615234375,-0.2265625
0.5,1.0,0.5,256,39,1.6816848589565614,1.6816848589565614,1.7320508075688772,1.7320508075688772,0.9709212060106887,1.8223797756492943,2.4651456366117284,0.3556087138396884,0.17828478779610657,0.17732392604358183,0.4487876956831906,0.96484375,0.060302734375,0.0078125
0.5,1.0,0.5,256,40,1.6629984861219056,1.6629984861219056,1.7320508075688772,1.7320508075688772,0.9601326236244224,1.611349874715176,2.6193778734117235,0.41735215847512874,0.12687404219610432,0.2904781162790244,0.41780427077544713,0.97265625,0.060791015625,-0.0078125
0.5,1.0,0.5,256,41,1.7029816453429556,1.7029816453429556,1.7320508075688772,1.7320508075688772,0.9832169113637472,1.8152890555280576,2.835221492362567,0.3740698736052762,0.05492616921247295,0.31914370439280326,0.3604695866734332,0.96875,0.060546875,0.078125
0.5,1.0,0.5,256,42,1.7929985359726315,1.7929985359726315,1.7320508075688772,1.7320508075688772,1.0351881874004036,1.9739702666104308,2.4760616023291053,0.3859825173119438,0.1746461325569696,0.21133638475497418,0.455957778086116,0.95703125,0.059814453125,0.0625
0.5,1.0,0.5,256,43,1.831510620319672,1.831510620319672,1.7320508075688772,1.7320508075688772,1.057423149665221,2.0320069647656473,2.5379519420272283,0.39423202549681824,0.1540160193242589,0.24021600617255934,0.44618654913757905,0.9609375,0.06005859375,-0.0703125
0.5,1.0,0.5,256,44,1.8096522617878137,1.8096522617878137,1.7320508075688772,1.7320508075688772,1.0448032204828095,2.1198350133322545,2.84721007379822,0.35269076771157104,0.05092997540059707,0.30176079231097397,0.34128774405859835,0.9765625,0.06103515625,0.1484375
0.5,1.0,0.5,256,45,1.722722681542215,1.722722681542215,1.7320508075688772,1.7320508075688772,0.9946144039274718,1.901791180802935,2.770137685020722,0.35918586076268333,0.07662077165975856,0.28256508910292477,0.3660055876642963,0.96875,0.060546875,-0.03125
0.5,1.0,0.5,256,46,1.806276356857873,1.806276356857873,1.7320508075688772,1.7320508075688772,1.0428541408627496,2.058582779568134,2.749246907499826,0.369042741362935,0.08358436416671278,0.28545837719622225,0.37541986158571095,0.96484375,0.060302734375,0.0546875
0.5,1.0,0.5,256,47,1.6665364532466729,1.6665364532466729,1.7320508075688772,1.7320508075688772,0.9621752698962908,1.7834875492665025,2.460176462455527,0.35784414541177967,0.17994117918149855,0.17790296623028112,0.4415249118143398,0.95703125,0.059814453125,0.0625
0.5,1.0,0.5,256,48,1.7750543290541139,1.7750543290541139,1.7320508075688772,1.7320508075688772,1.0248280947056032,1.6792685698327843,2.4521556098200454,0.46703724603102614,0.1826147967266456,0.28442244930438054,0.4689738072042183,0.95703125,0.059814453125,0.2890625
0.5,1.0,0.5,256,49,1.6439512412458437,1.6439512412458437,1.7320508075688772,1.7320508075688772,0.9491356916679073,1.8776458976905233,2.429707777718687,0.30523836609314725,0.19009740742710612,0.11514095866604113,0.44447184979349824,0.98046875,0.061279296875,0.0234375
0.5,1.0,0.5,256,50,1.7700959708710005,1.7700959708710005,1.7320508075688772,1.7320508075688772,1.0219653852738442,1.8324603819893344,2.7105682769181523,0.4151547501994106,0.09647724102728727,0.31867750917212334,0.3866804897601056,0.9453125,0.05908203125,0.0859375
0.5,1.0,0.5,512,1,1.744410717119108,1.744410717119108,1.7320508075688772,1.7320508075688772,1.0071359971059852,2.081230426917044,2.3049626045860494,0.3160526453263629,0.2316791318046455,0.0843735135217174,0.4900346692916058,0.9375,0.1171875,0.0625
0.5,1.0,0.5,512,2,1.723674585630489,1.723674585630489,1.7320508075688772,1.7320508075688772,0.9951639860090795,1.9377453832841787,2.396732428194166,0.3477919509482673,0.2010891906019463,0.14670276034632102,0.4661483791823954,0.93359375,0.11669921875,-0.07421875
0.5,1.0,0.5,512,3,1.7765666226865093,1.7765666226865093,1.7320508075688772,1.7320508075688772,1.0257012178413605,2.0370452507762296,2.325064163221789,0.35458704359386306,0.22497861225940063,0.12960843133446243,0.49027311857655215,0.947265625,0.118408203125,-0.0078125
0.5,1.0,0.5,512,4,1.747888653803139,1.747888653803139,1.7320508075688772,1.7320508075688772,1.009143984786735,1.9377189157851746,2.344076634699587,0.36574594513586456,0.21864112176680084,0.14710482336906372,0.4857019245119355,0.9453125,0.1181640625,-0.0859375
0.5,1.0,0.5,512,5,1.7183060506189665,1.7183060506189665,1.7320508075688772,1.7320508075688772,0.9920644608750231,1.9642705018122117,2.3479047335371366,0.3347264516446248,0.21736508882093497,0.11736136282368981,0.4752947877467455,0.931640625,0.116455078125,-0.0234375
0.5,1.0,0.5,512,6,1.6680327856560366,1.6680327856560366,1.7320508075688772,1.7320508075688772,0.9630391778156341,2.0795545300332825,2.5211913390071317,0.25258613886871883,0.15960288699763192,0.09298325187108691,0.4047942609527715,0.92578125,0.11572265625,0.08203125
0.5,1.0,0.5,512,7,1.7853571071357126,1.7853571071357126,1.7320508075688772,1.7320508075688772,1.0307764064044154,2.156294393013209,2.3312053343185237,0.32351548454487555,0.2229315552271579,0.10058392931771765,0.4859884512057426,0.939453125,0.117431640625,-0.125
0.5,1.0,0.5,512,8,1.7163157477846989,1.7163157477846989,1.7320508075688772,1.7320508075688772,0.9909153589978897,2.005044384898063,2.4067786703128915,0.31934096093964603,0.19774044322902418,0.12160051771062186,0.4582762914592401,0.921875,0.115234375,-0.0859375
0.5,1.0,0.5,512,9,1.849682589958004,1.849682589958004,1.7320508075688772,1.7320508075688772,1.067914741227618,2.2735107156712475,2.346206757107667,0.33548836739706145,0.21793108096412006,0.11755728643294139,0.48301475125304827,0.953125,0.119140625,-0.0234375
0.5,1.0,0.5,512,10,1.7115215541363882,1.7115215541363882,1.7320508075688772,1.7320508075688772,0.9881474300044905,2.116588655746474,2.337197322331348,0.27744365598124276,0.22093422588955003,0.056509430091692736,0.47296804893671585,0.947265625,0.118408203125,0.01953125
0.5,1.0,0.5,512,11,1.7808216316054086,1.7808216316054086,1.7320508075688772,1.7320508075688772,1.0281578483860914,2.243483389961696,2.4531004459173116,0.2925723770447386,0.18229985136091387,0.11027252568382473,0.4459839156942592,0.951171875,0.118896484375,0.0234375
0.5,1.0,0.5,512,12,1.7588885595294974,1.7588885595294974,1.7320508075688772,1.7320508075688772,1.0154947833189085,2.2488876223825693,2.3753728787927892,0.27307248791374483,0.2082090404024085,0.06486344751133633,0.4653983001967745,0.9453125,0.1181640625,0.0078125
0.5,1.0,0.5,512,13,1.6876401489834667,1.6876401489834667,1.7320508075688772,1.7320508075688772,0.9743594943108247,1.9382352337152926,2.362113895576779,0.31947076544016817,0.21262870147440827,0.1068420639657599,0.46939966080429696,0.919921875,0.114990234375,-0.05859375
0.5,1.0,0.5,512,14,1.6464507799805124,1.6464507799805124,1.7320508075688772,1.7320508075688772,0.9505788010292182,1.960328582304564,2.2812070210860984,0.2768450425267406,0.23959765963796897,0.03724738288877161,0.49013093633646365,0.94140625,0.11767578125,-0.01171875
0.5,1.0,0.5,512,15,1.6884356130264302,1.6884356130264302,1.7320508075688772,1.7320508075688772,0.9748187556901603,1.9829202373483306,2.3783390805820366,0.3044373756236375,0.20722030647266176,0.09721706915097572,0.46590017555186986,0.94140625,0.11767578125,0.02734375
0.5,1.0,0.5,512,16,1.738272471887948,1.738272471887948,1.7320508075688772,1.7320508075688772,1.003592079569423,1.9367251867371598,2.3216676934923504,0.3590379812546699,0.22611076883588954,0.13292721241878036,0.487551274904331,0.951171875,0.118896484375,-0.04296875
0.5,1.0,0.5,512,17,1.7583332561956935,1.7583332561956935,1.7320508075688772,1.7320508075688772,1.0151741787896549,2.1905632329488105,2.46766471220973,0.29147787960451466,0.17744509593008784,0.11403278367442682,0.43467685154656166,0.94140625,0.11767578125,-0.1328125
0.5,1.0,0.5,512,18,1.7194556434991097,1.7194556434991097,1.7320508075688772,1.7320508075688772,0.9927281786338322,1.9667772899003682,2.3710534663263267,0.3347678483533125,0.20964884455788724,0.1251190037954253,0.4750247094531888,0.94140625,0.11767578125,0.06640625
0.5,1.0,0.5,512,19,1.771560818706205,1.771560818706205,1.7320508075688772,1.7320508075688772,1.0228111155658213,1.991741138578998,2.456500262683247,0.36536976245666464,0.18116657910557876,0.18420318335108588,0.45457201841879097,0.947265625,0.118408203125,-0.046875
0.5,1.0,0.5,512,20,1.740890773022176,1.740890773022176,1.7320508075688772,1.7320508075688772,1.0051037564340892,1.9703338845124003,2.328766425113705,0.34987513112775814,0.22374452496210384,0.1261306061656543,0.4843991346178215,0.9375,0.1171875,0.0234375
0.5,1.0,0.5,512,21,1.740610272603764,1.740610272603764,1.7320508075688772,1.7320508075688772,1.004941809442011,2.002272462883255,2.3609701187821397,0.33912383343985075,0.21300996040596176,0.126113873033889,0.4721566479117974,0.94921875,0.11865234375,-0.0390625
0.5,1.0,0.5,512,22,1.737815948960343,1.737815948960343,1.7320508075688772,1.7320508075688772,1.0033285059342791,1.9888835542088519,2.3640938353573717,0.3414302183790777,0.21196872154754265,0.12946149683153507,0.47566852266779674,0.947265625,0.118408203125,0.05859375
0.5,1.0,0.5,512,23,1.7047011055827352,1.7047011055827352,1.7320508075688772,1.7320508075688772,0.9842096421960449,1.9743491641594426,2.4484199862941405,0.3205969775353208,0.18386000456862084,0.13673697296669995,0.4446105048887015,0.951171875,0.118896484375,0.015625
0.5,1.0,0.5,512,24,1.6564710937336034,1.6564710937336034,1.7320508075688772,1.7320508075688772,0.9563640318719298,1.964977117235886,2.360741306334904,0.2838734520688505,0.21308623122170356,0.07078722084714695,0.4666175698883987,0.939453125,0.117431640625,-0.078125
0.5,1.0,0.5,512,25,1.660367633601347,1.660367633601347,1.7320508075688772,1.7320508075688772,0.9586137002134797,1.8699092626021716,2.42109088663648,0.3217153088547917,0.19296970445449846,0.12874560440029326,0.453114797714488,0.921875,0.115234375,0.12890625
0.5,1.0,0.5,512,26,1.7588885595294974,1.7588885595294974,1.7320508075688772,1.7320508075688772,1.0154947833189085,2.1485055332450136,2.4162334724605614,0.3055198639357961,0.19458884251314224,0.11093102142265387,0.45530225622610027,0.95703125,0.11962890625,-0.0078125
0.5,1.0,0.5,512,27,1.6873507963553214,1.6873507963553214,1.7320508075688772,1.7320508075688772,0.9741924364930743,2.0076060081673157,2.2801396128414977,0.2948723821017455,0.23995346238617954,0.05491891971556595,0.49490697887674573,0.94140625,0.11767578125,-0.06640625
0.5,1.0,0.5,512,28,1.8467889084735531,1.8467889084735531,1.7320508075688772,1.7320508075688772,1.0662440734436212,2.4676564397667957,2.3302633552813283,0.276480601485526,0.22324554823955323,0.053235053245972774,0.478642864114465,0.939453125,0.117431640625,0.05859375
0.5,1.0,0.5,512,29,1.7803588779723598,1.7803588779723598,1.7320508075688772,1.7320508075688772,1.027890677451482,1.9951570121792115,2.475182562367799,0.3705489392369984,0.174939145877406,0.1956097933595924,0.4565420208149275,0.919921875,0.114990234375,-0.046875
0.5,1.0,0.5,512,30,1.727375374258227,1.727375374258227,1.7320508075688772,1.7320508075688772,0.9973006373195179,2.023254901257663,2.3512734526283863,0.32192590459210935,0.21624218245720372,0.10568372213490562,0.4734715919753596,0.947265625,0.118408203125,0.0234375
0.5,1.0,0.5,512,31,1.6520759239207008,1.6520759239207008,1.7320508075688772,1.7320508075688772,0.9538264793973164,1.8124866866881453,2.293537685436748,0.33592853230096387,0.2354874381877593,0.10044109411320457,0.48810928012799104,0.9375,0.1171875,0.11328125
0.5,1.0,0.5,512,32,1.7896594255262648,1.7896594255262648,1.7320508075688772,1.7320508075688772,1.03326035108534,2.1050946679283435,2.320114321329232,0.34274961812375215,0.2266285595569224,0.11612105856682975,0.4885464399031128,0.9375,0.1171875,0.015625
0.5,1.0,0.5,512,33,1.8135730592427033,1.8135730592427033,1.7320508075688772,1.7320508075688772,1.047066893948828,2.2326029898910766,2.306484689069544,0.32120069243241,0.231171770310155,0.090028922122255,0.4912610212514743,0.943359375,0.117919921875,-0.00390625
0.5,1.0,0.5,512,34,1.700112013772916,1.700112013772916,1.7320508075688772,1.7320508075688772,0.9815601288043099,2.089860801089686,2.3359856562943206,0.27696006070923607,0.22133811456856023,0.05562194614067584,0.47238014391857447,0.939453125,0.117431640625,-0.015625
0.5,1.0,0.5,512,35,1.6973409164111486,1.6973409164111486,1.7320508075688772,1.7320508075688772,0.9799602349965428,1.9519768552371246,2.457399438222367,0.3224575615055575,0.18086685392587565,0.14159070757968184,0.4429793956658444,0.943359375,0.117919921875,0.04296875
0.5,1.0,0.5,512,36,1.7380617838985004,1.7380617838985004,1.7320508075688772,1.7320508075688772,1.0034704388020004,2.1234989901539985,2.318967262520844,0.29705452800236165,0.22701091249305427,0.07004361550930738,0.47920897123018547,0.947265625,0.118408203125,-0.05078125
0.5,1.0,0.5,512,37,1.8237126238459282,1.8237126238459282,1.7320508075688772,1.7320508075688772,1.0529209743019654,2.3206771102569075,2.3989293079017195,0.3022466825506648,0.2003568973660924,0.10188978518457237,0.457005895381184,0.935546875,0.116943359375,-0.046875
0.5,1.0,0.5,512,38,1.754302050273484,1.754302050273484,1.7320508075688772,1.7320508075688772,1.0128467609653085,2.198820702859195,2.300876591190672,0.28553480761467886,0.23304113626978218,0.052493671344896686,0.48961919873514753,0.943359375,0.117919921875,0.0234375
0.5,1.0,0.5,512,39,1.7499258843122292,1.7499258843122292,1.7320508075688772,1.7320508075688772,1.0103201803695594,2.10625710018395,2.3559714632290403,0.3121843202715904,0.21467617892365498,0.0975081413479354,0.4708619493326192,0.947265625,0.118408203125,-0.08984375
0.5,1.0,0.5,512,40,1.8302229881966399,1.8302229881966399,1.7320508075688772,1.7320508075688772,1.0566797349123713,2.2042987366594917,2.3041200648703803,0.34194462637526846,0.23195997837653393,0.10998464799873453,0.49471329038650835,0.94140625,0.11767578125,0.04296875
0.5,1.0,0.5,512,41,1.679087829001211,1.679087829001211,1.7320508075688772,1.7320508075688772,0.9694218100668736,1.9046296529133875,2.4759267430027214,0.32444033093754454,0.17469108566575198,0.14974924527179256,0.4360714308928439,0.91796875,0.11474609375,0.09375
0.5,1.0,0.5,512,42,1.7535147113079597,1.7535147113079597,1.7320508075688772,1.7320508075688772,1.0123921906016196,2.067376324082407,2.2976550842765944,0.32764179238322166,0.23411497190778696,0.0935268204754347,0.49081838160196256,0.935546875,0.116943359375,0.10546875
0.5,1.0,0.5,512,43,1.7886360026567731,1.7886360026567731,1.7320508075688772,1.7320508075688772,1.0326694776161442,2.177962306488142,2.3602683326679275,0.3192205733077359,0.21324388911068504,0.10597668419705086,0.4735306379775413,0.94140625,0.11767578125,-0.0625
0.5,1.0,0.5,512,44,1.6409783845601837,1.6409783845601837,1.7320508075688772,1.7320508075688772,0.9474193120601794,1.837125384041727,2.3423385083947412,0.3177664432072428,0.21922049720175185,0.09854594600549094,0.47256843865266746,0.9296875,0.1162109375,-0.1015625
0.5,1.0,0.5,512,45,1.7959194130266363,1.7959194130266363,1.7320508075688772,1.7320508075688772,1.0368745565538031,2.2024304162932475,2.355712117764753,0.31714498042722994,0.2147626274117348,0.10238235301549514,0.4764677536516543,0.953125,0.119140625,-0.03515625
0.5,1.0,0.5,512,46,1.8319562884450702,1.8319562884450702,1.7320508075688772,1.7320508075688772,1.057680456277389,2.245929918907377,2.3463493161509548,0.330784507051764,0.21788356128300668,0.11290094576875731,0.4786415948120622,0.943359375,0.117919921875,0.10546875
0.5,1.0,0.5,512,47,1.6738041950593974,1.6738041950593974,1.7320508075688772,1.7320508075688772,0.966371302588268,1.9229214850554233,2.444914625320603,0.31363955380463593,0.1850284582264684,0.12861109557816752,0.44277464829602137,0.939453125,0.117431640625,0.13671875
0.5,1.0,0.5,512,48,1.749372097175155,1.749372097175155,1.7320508075688772,1.7320508075688772,1.0100004512168959,2.310197531076745,2.3517926444893718,0.24510817014037922,0.21606911850354427,0.029039051636834956,0.4660446335720596,0.9296875,0.1162109375,0.046875
0.5,1.0,0.5,512,49,1.7203783124899992,1.7203783124899992,1.7320508075688772,1.7320508075688772,0.9932608818240952,1.9637406386691476,2.329716590253306,0.3365072074331136,0.22342780324889666,0.11307940418421691,0.4792730260245845,0.931640625,0.116455078125,0.03515625
0.5,1.0,0.5,512,50,1.6649929543652542,1.6649929543652542,1.7320508075688772,1.7320508075688772,0.9612841304016099,1.8820497759930581,2.3533039772343827,0.32109922379867206,0.21556534092187551,0.10553388287679655,0.4713326572941826,0.9375,0.1171875,-0.03515625
0.5,1.0,0.5,1024,1,1.7076155232213381,1.7076155232213381,1.7320508075688772,1.7320508075688772,0.9858922820042233,2.022236020478253,2.2997917985947924,0.3064917152530928,0.23340273380174648,0.07308898145134635,0.4870682027437383,0.8857421875,0.221435546875,0.044921875
0.5,1.0,0.5,1024,2,1.7398375669933916,1.7398375669933916,1.7320508075688772,1.7320508075688772,1.0044956876498583,2.0800572618783315,2.2915265805078984,0.3128399813264291,0.23615780649737317,0.07668217482905593,0.49192173493965463,0.896484375,0.22412109375,-0.017578125
0.5,1.0,0.5,1024,3,1.744357139416692,1.744357139416692,1.7320508075688772,1.7320508075688772,1.0071050640050727,2.1077371703117924,2.2937172930034384,0.30729927803374857,0.23542756899885153,0.07187170903489704,0.49004730294397214,0.892578125,0.22314453125,0.013671875
0.5,1.0,0.5,1024,4,1.7125231219213464,1.7125231219213464,1.7320508075688772,1.7320508075688772,0.9887256854347477,2.0561549902012155,2.2837432443441292,0.29889516798108806,0.2387522518852928,0.06014291609579525,0.4913738465338301,0.890625,0.22265625,-0.029296875
0.5,1.0,0.5,1024,5,1.7079550471588045,1.7079550471588045,1.7320508075688772,1.7320508075688772,0.9860883062409158,2.0205214062901486,2.338844911638321,0.3073551907988792,0.2203850294538907,0.08697016134498847,0.4755804489537823,0.8759765625,0.218994140625,-0.029296875
0.5,1.0,0.5,1024,6,1.7093091209311548,1.7093091209311548,1.7320508075688772,1.7320508075688772,0.9868700810978849,2.139709341715639,2.2792435610704125,0.2676586392310586,0.24025214630985825,0.027406492921200343,0.4906084979064868,0.87109375,0.2177734375,0.01171875
0.5,1.0,0.5,1024,7,1.716741324471012,1.716741324471012,1.7320508075688772,1.7320508075688772,0.9911610658122935,2.138316105578773,2.2679442989381364,0.2744586240574355,0.24401856702062885,0.030440057036806634,0.4956879214225257,0.8818359375,0.220458984375,0.044921875
0.5,1.0,0.5,1024,8,1.7654867202488385,1.7654867202488385,1.7320508075688772,1.7320508075688772,1.0193042331863764,2.1333242402051793,2.3047567362841743,0.31557170142708435,0.2317477545719372,0.08382394685514716,0.49134658658748875,0.8818359375,0.220458984375,-0.015625
0.5,1.0,0.5,1024,9,1.7919759557337074,1.7919759557337074,1.7320508075688772,1.7320508075688772,1.034597800424193,2.1191593014090615,2.2936995250728334,0.3400679077008699,0.23543349164237937,0.10463441605849055,0.4940087883815726,0.8779296875,0.219482421875,-0.060546875
0.5,1.0,0.5,1024,10,1.7013310775104105,1.7013310775104105,1.7320508075688772,1.7320508075688772,0.9822639555813116,2.1557117514278152,2.279605147804934,0.2552457008574346,0.24013161739836641,0.015114083459068173,0.49027091434214054,0.8798828125,0.219970703125,0.001953125
0.5,1.0,0.5,1024,11,1.738872573228911,1.738872573228911,1.7320508075688772,1.7320508075688772,1.003938548240169,2.029332618876007,2.27820084503774,0.32885289514819227,0.24059971832075455,0.08825317682743772,0.49404479761539977,0.8662109375,0.216552734375,-0.060546875
0.5,1.0,0.5,1024,12,1.6687278717516938,1.6687278717516938,1.7320508075688772,1.7320508075688772,0.9634404859600718,1.9431476898273106,2.267907396177843,0.3021938847611023,0.24403086794075046,0.058163016820351854,0.49512883302555183,0.8720703125,0.218017578125,0.06640625
0.5,1.0,0.5,1024,13,1.705863221314647,1.705863221314647,1.7320508075688772,1.7320508075688772,0.9848805900266936,2.1564246514152354,2.2722350987603877,0.2589527905648886,0.24258830041321866,0.016364490151669964,0.49270236255614214,0.8798828125,0.219970703125,0.013671875
0.5,1.0,0.5,1024,14,1.7001434265668405,1.7001434265668405,1.7320508075688772,1.7320508075688772,0.9815782649893382,2.003262378263408,2.269071197751243,0.3069465756825931,0.2436429340829176,0.0633036415996755,0.4947052946734245,0.88671875,0.2216796875,0.01171875
0.5,1.0,0.5,1024,15,1.6463256614636577,1.6463256614636577,1.7320508075688772,1.7320508075688772,0.9505065638198315,2.0287670787807333,2.28792248316383,0.251484679921104,0.23735917227872216,0.014125507642381852,0.48738260797246585,0.892578125,0.22314453125,-0.0234375
0.5,1.0,0.5,1024,16,1.7100889287657264,1.7100889287657264,1.7320508075688772,1.7320508075688772,0.9873203033610909,2.108957706379858,2.2730807377244355,0.2788419102401577,0.24230642075851783,0.03653548948163987,0.4933137070345947,0.8955078125,0.223876953125,0.037109375
0.5,1.0,0.5,1024,17,1.7994705693158708,1.7994705693158708,1.7320508075688772,1.7320508075688772,1.0389248175933272,2.3367882570615643,2.2680958461535807,0.2783446005473934,0.24396805128215415,0.034376549265239253,0.4971248125232235,0.888671875,0.22216796875,-0.013671875
0.5,1.0,0.5,1024,18,1.7066770138029514,1.7066770138029514,1.7320508075688772,1.7320508075688772,0.9853504333388807,2.0047341173529105,2.301500613554828,0.3117375075673767,0.23283312881505658,0.07890437875232015,0.4878211792381257,0.888671875,0.22216796875,-0.072265625
0.5,1.0,0.5,1024,19,1.6976589015021861,1.6976589015021861,1.7320508075688772,1.7320508075688772,0.9801438237744516,2.0951692142140854,2.267009741909761,0.2730270790353321,0.24433008603007578,0.0286969930052563,0.4952209746562345,0.8828125,0.220703125,0.068359375
0.5,1.0,0.5,1024,20,1.7882595342581664,1.7882595342581664,1.7320508075688772,1.7320508075688772,1.0324521234848671,2.337714082063933,2.33017185391806,0.2689782568730308,0.22327604869397977,0.04570220817905102,0.47750801839265566,0.90625,0.2265625,-0.095703125
0.5,1.0,0.5,1024,21,1.7046608255818627,1.7046608255818627,1.7320508075688772,1.7320508075688772,0.9841863865266982,1.9885087064573346,2.273895500491495,0.31569212930971136,0.24203483316950247,0.07365729614020888,0.4936230385745877,0.888671875,0.22216796875,0.01953125
0.5,1.0,0.5,1024,22,1.7244047602995505,1.7244047602995505,1.7320508075688772,1.7320508075688772,0.9955855525508176,2.131593603808219,2.287284307423481,0.28315380847731153,0.23757189752551378,0.045581910951797755,0.49003616296356994,0.873046875,0.21826171875,-0.0546875
0.5,1.0,0.5,1024,23,1.7253955332310762,1.7253955332310762,1.7320508075688772,1.7320508075688772,0.9961575755695398,2.0817515381195455,2.273644880142614,0.30071927830752165,0.24211837328579444,0.05860090502172721,0.4950069888532612,0.884765625,0.22119140625,0.0859375
0.5,1.0,0.5,1024,24,1.7676590537412573,1.7676590537412573,1.7320508075688772,1.7320508075688772,1.0205584305129942,2.1950566994522127,2.2759233997401442,0.2974961013048457,0.24135886675329055,0.05613723455155517,0.4955322921159052,0.890625,0.22265625,0.01953125
0.5,1.0,0.5,1024,25,1.7239965643970216,1.7239965643970216,1.7320508075688772,1.7320508075688772,0.9953498805366104,1.997506475417656,2.272393186520475,0.32792861636059734,0.24253560449318,0.08539301186741732,0.4970496131986186,0.8876953125,0.221923828125,0.126953125
0.5,1.0,0.5,1024,26,1.720626638836397,1.720626638836397,1.7320508075688772,1.7320508075688772,0.993404253107035,2.1362956358409453,2.2871768954978875,0.2784140499297908,0.23760770150069765,0.04080634842909314,0.48821627159753866,0.8935546875,0.223388671875,0.01953125
0.5,1.0,0.5,1024,27,1.7166891053347428,1.7166891053347428,1.7320508075688772,1.7320508075688772,0.9911309170799116,2.11712236355327,2.2769908816451894,0.28160606402831634,0.2410030394516124,0.04060302457670395,0.49285165229105476,0.89453125,0.2236328125,-0.078125
0.5,1.0,0.5,1024,28,1.76442225177772,1.76442225177772,1.7320508075688772,1.7320508075688772,1.0186896620280323,2.0703138934690064,2.30589457255843,0.33498545491250586,0.23136847581384,0.10361697909866585,0.48912462378429683,0.8837890625,0.220947265625,0.009765625
0.5,1.0,0.5,1024,29,1.740062289822102,1.740062289822102,1.7320508075688772,1.7320508075688772,1.0046254314355072,2.0770905117829956,2.293608070813507,0.3139972898377249,0.2354639763954972,0.07853331344222769,0.49315740234595545,0.8701171875,0.217529296875,-0.05859375
0.5,1.0,0.5,1024,30,1.7561928301971677,1.7561928301971677,1.7320508075688772,1.7320508075688772,1.0139384032632255,2.093413260773805,2.3152295342514444,0.32124886107213735,0.22825682191618224,0.09299203915595511,0.48616821726928355,0.8916015625,0.222900390625,0.09765625
0.5,1.0,0.5,1024,31,1.815713073380194,1.815713073380194,1.7320508075688772,1.7320508075688772,1.0483024316871778,2.208816000481408,2.301229259766794,0.330014970806491,0.23292358007773428,0.09709139072875672,0.4925023498358922,0.8798828125,0.219970703125,0.0078125
0.5,1.0,0.5,1024,32,1.744225921766475,1.744225921766475,1.7320508075688772,1.7320508075688772,1.0070293054593975,2.125878149281225,2.2763618252558633,0.3012321820262168,0.2412127249147189,0.06001945711149792,0.4945505549543896,0.8798828125,0.219970703125,0.025390625
0.5,1.0,0.5,1024,33,1.785318646880281,1.785318646880281,1.7320508075688772,1.7320508075688772,1.0307542013655888,2.109562146280336,2.287742342409475,0.33814806656887175,0.23741921919684372,0.10072884737202803,0.4975365320359155,0.890625,0.22265625,-0.01171875
0.5,1.0,0.5,1024,34,1.7831293197349534,1.7831293197349534,1.7320508075688772,1.7320508075688772,1.0294901927488898,2.333894922359153,2.281338859630818,0.2659669459785029,0.23955371345638987,0.026413232522113028,0.4916839819192329,0.880859375,0.22021484375,0.01171875
0.5,1.0,0.5,1024,35,1.6997350149637296,1.6997350149637296,1.7320508075688772,1.7320508075688772,0.9813424684403419,2.0276451496609416,2.2755914933709507,0.29817390657980636,0.24146950220968133,0.05670440437012503,0.49207464244071847,0.880859375,0.22021484375,0.0390625
0.5,1.0,0.5,1024,36,1.760393071063516,1.760393071063516,1.7320508075688772,1.7320508075688772,1.016363413458073,2.2000922280800106,2.28442783198442,0.2900600986757351,0.23852405600518767,0.051536042670547455,0.4925658007232164,0.890625,0.22265625,-0.05078125
0.5,1.0,0.5,1024,37,1.7230060940112777,1.7230060940112777,1.7320508075688772,1.7320508075688772,0.9947780321927768,2.1329644359754822,2.268267382164268,0.28152776893457443,0.24391087261190147,0.037616896322672955,0.49559954353899716,0.8974609375,0.224365234375,0.125
0.5,1.0,0.5,1024,38,1.730745383856399,1.730745383856399,1.7320508075688772,1.7320508075688772,0.9992463132681942,2.1776342431998037,2.2762215929423304,0.27302651134054723,0.24125946901922257,0.03176704232132466,0.4930979362077298,0.88671875,0.2216796875,-0.091796875
0.5,1.0,0.5,1024,39,1.697376875309646,1.697376875309646,1.7320508075688772,1.7320508075688772,0.9799809958762701,2.0146633133897676,2.270262911561009,0.30072835894228844,0.24324569614632185,0.05748266279596659,0.4961107055033797,0.8876953125,0.221923828125,-0.09765625
0.5,1.0,0.5,1024,40,1.733032806948829,1.733032806948829,1.7320508075688772,1.7320508075688772,1.0005669576063592,2.126632932733481,2.2684074787330193,0.2919254798297961,0.24386417375566127,0.048061306074134835,0.49515929935411696,0.888671875,0.22216796875,-0.06640625
0.5,1.0,0.5,1024,41,1.7250550192199487,1.7250550192199487,1.7320508075688772,1.7320508075688772,0.9959609797135525,2.121790632531306,2.280027865618733,0.2869883506377624,0.23999071146042084,0.046997639177341566,0.49223746157599907,0.8857421875,0.221435546875,0.02734375
0.5,1.0,0.5,1024,42,1.7809373012260812,1.7809373012260812,1.7320508075688772,1.7320508075688772,1.0282246302727236,2.241499350243259,2.282356088042145,0.29328980425789,0.23921463731927828,0.054075166938611696,0.4929043479467069,0.8935546875,0.223388671875,0.01171875
0.5,1.0,0.5,1024,43,1.732692693037591,1.732692693037591,1.7320508075688772,1.7320508075688772,1.0003705927481508,2.1368303579160512,2.275215098574483,0.28825084992592853,0.2415949671418497,0.04665588278407884,0.49429162777458013,0.884765625,0.22119140625,-0.041015625
0.5,1.0,0.5,1024,44,1.7876632082396702,1.7876632082396702,1.7320508075688772,1.7320508075688772,1.0321078344975636,2.289781589696637,2.289620746009562,0.2834893415537023,0.23679308466347637,0.04669625689022594,0.49226307667892866,0.8818359375,0.220458984375,0.0859375
0.5,1.0,0.5,1024,45,1.7746889513442736,1.7746889513442736,1.7320508075688772,1.7320508075688772,1.024617143786471,2.1712264348442476,2.287162749115401,0.3106169091457528,0.23761241696152335,0.07300449218422944,0.4942547894727916,0.8857421875,0.221435546875,-0.08203125
0.5,1.0,0.5,1024,46,1.7329920848527005,1.7329920848527005,1.7320508075688772,1.7320508075688772,1.0005434466931975,2.0975929163663136,2.2816167057970933,0.3015616954580338,0.2394610980676415,0.06210059739039231,0.49215135245914937,0.873046875,0.21826171875,-0.025390625
0.5,1.0,0.5,1024,47,1.6895061859442095,1.6895061859442095,1.7320508075688772,1.7320508075688772,0.9754368512524274,2.077769381074725,2.2802948945557326,0.27208985952641185,0.23990170181476433,0.032188157711647514,0.4902035158803139,0.8828125,0.220703125,0.0703125
0.5,1.0,0.5,1024,48,1.7687409848903426,1.7687409848903426,1.7320508075688772,1.7320508075688772,1.0211830837531632,2.0851611521987223,2.2843797772264196,0.3334831294581512,0.23854007425787083,0.09494305520028035,0.49645845332321764,0.8818359375,0.220458984375,0.021484375
0.5,1.0,0.5,1024,49,1.7138424254799507,1.7138424254799507,1.7320508075688772,1.7320508075688772,0.9894873856994507,2.109479632496743,2.289967565246006,0.28181958484692393,0.23667747825132546,0.045142106595598475,0.4875933545325257,0.876953125,0.21923828125,-0.015625
0.5,1.0,0.5,1024,50,1.686269806221709,1.686269806221709,1.7320508075688772,1.7320508075688772,0.9735683265484418,2.068136524813151,2.3199420220479476,0.27268075850994533,0.22668599265068312,0.04599476585926221,0.47822788111445236,0.888671875,0.22216796875,-0.015625
1.0,1.0,1.0,32,1,3.2307119958300214,3.2307119958300214,3.4641016151377544,3.4641016151377544,0.9326262202333081,1.5166666666666668,17.140555555555554,0.854690618762475,-0.42837962962962917,1.2830702483921042,0.20580472183042522,1.0,0.0078125,-1.25
1.0,1.0,1.0,32,2,4.013648589500581,4.013648589500581,3.4641016151377544,3.4641016151377544,1.158640546790361,1.9333333333333331,25.949236111111112,0.8799870675719367,-1.1624363425925877,2.0424234101645244,0.28085364809437674,1.0,0.0078125,0.625
1.0,1.0,1.0,32,3,3.370367190678191,3.370367190678191,3.4641016151377544,3.4641016151377544,0.9729412024029682,2.5,20.192708333333336,0.7799174690508941,-0.6827256944444446,1.4626431634953387,0.18277600805728014,1.0,0.0078125,0.375
1.0,1.0,1.0,32,4,3.7080992435478315,3.7080992435478315,3.4641016151377544,3.4641016151377544,1.0704360482220943,1.916666666666667,20.34722222222222,0.8606060606060606,-0.6956018518518476,1.5562079124579082,0.20845689100733727,1.0,0.0078125,-0.5
1.0,1.0,1.0,32,5,3.4641016151377544,3.4641016151377544,3.4641016151377544,3.4641016151377544,1.0,1.5416666666666667,18.118055555555557,0.8715277777777778,-0.5098379629629637,1.3813657407407414,0.2958526170768452,1.0,0.0078125,0.0
1.0,1.0,1.0,32,6,3.3330729064933458,3.3330729064933458,3.4641016151377544,3.4641016151377544,0.9621752698962908,1.6904761904761902,22.20326672335601,0.8478333668207086,-0.8502722269463352,1.698105593767044,0.15608532113720716,1.0,0.0078125,0.625
1.0,1.0,1.0,32,7,3.2379584617471546,3.2379584617471546,3.4641016151377544,3.4641016151377544,0.9347180947572732,1.8333333333333337,23.692708333333332,0.825136612021858,-0.9743923611111036,1.7995289731329616,0.16064446348397216,1.0,0.0078125,-0.125
1.0,1.0,1.0,32,8,3.427827300200522,3.427827300200522,3.4641016151377544,3.4641016151377544,0.9895285072531598,2.9333333333333336,19.97111111111111,0.750354609929078,-0.6642592592592578,1.4146138691883356,0.14696002064870853,1.0,0.0078125,0.5
1.0,1.0,1.0,32,9,3.7893765978060294,3.7893765978060294,3.4641016151377544,3.4641016151377544,1.0938987994020897,1.9583333333333335,21.51736111111111,0.863619876677548,-0.7931134259259289,1.656733302603477,0.22718825147963173,1.0,0.0078125,-0.375
1.0,1.0,1.0,32,10,3.6721077053920954,3.6721077053920954,3.4641016151377544,3.4641016151377544,1.0600461861007127,1.6666666666666667,18.810763888888893,0.8764001544998069,-0.5675636574074077,1.4439638119072145,0.23475907029604193,1.0,0.0078125,0.125
1.0,1.0,1.0,32,11,2.9895651857753496,2.9895651857753496,3.4641016151377544,3.4641016151377544,0.8630131323836658,1.4333333333333333,22.02527777777778,0.8396270396270397,-0.8354398148148177,1.6750668544418574,0.16147930177282172,1.0,0.0078125,0.25
1.0,1.0,1.0,32,12,2.23606797749979,2.23606797749979,3.4641016151377544,3.4641016151377544,0.6454972243679029,1.2249999999999999,17.5225,0.755,-0.46020833333333155,1.2152083333333317,0.10542658526184776,1.0,0.0078125,0.0
1.0,1.0,1.0,32,13,3.5685256059050494,3.5685256059050494,3.4641016151377544,3.4641016151377544,1.0301446095896765,1.6500000000000001,19.924375,0.8704294478527608,-0.6603645833333331,1.530794031186094,0.17950549357115017,1.0,0.0078125,0.875
1.0,1.0,1.0,32,14,2.331844763272204,2.331844763272204,3.4641016151377544,3.4641016151377544,0.6731456008918131,0.25,14.5,0.9540229885057472,-0.20833333333333326,1.1623563218390804,0.19806398148420165,1.0,0.0078125,-1.25
1.0,1.0,1.0,32,15,3.427827300200522,3.427827300200522,3.4641016151377544,3.4641016151377544,0.9895285072531598,2.1333333333333337,23.249444444444443,0.8184397163120567,-0.937453703703697,1.7558934200157537,0.18679962306805314,1.0,0.0078125,0.5
1.0,1.0,1.0,32,16,3.59687364248454,3.59687364248454,3.4641016151377544,3.4641016151377544,1.0383279828647594,1.5,19.875,0.8840579710144928,-0.65625,1.5403079710144927,0.1264117322218056,1.0,0.0078125,-0.25
1.0,1.0,1.0,32,17,3.6721077053920954,3.6721077053920954,3.4641016151377544,3.4641016151377544,1.0600461861007127,1.0833333333333335,24.63715277777778,0.9196601004248744,-1.0530960648148144,1.972756165239689,0.08135653239930209,1.0,0.0078125,-0.125
1.0,1.0,1.0,32,18,4.0,4.0,3.4641016151377544,3.4641016151377544,1.1547005383792517,1.566666666666667,26.312222222222225,0.9020833333333333,-1.1926851851851858,2.094768518518519,0.11142075216914812,1.0,0.0078125,0.0
1.0,1.0,1.0,32,19,3.122498999199199,3.122498999199199,3.4641016151377544,3.4641016151377544,0.9013878188659974,1.625,21.22222222222222,0.8333333333333334,-0.7685185185185206,1.6018518518518539,0.08546171258131587,1.0,0.0078125,-0.5
1.0,1.0,1.0,32,20,3.3888604279314896,3.3888604279314896,3.4641016151377544,3.4641016151377544,0.978279740156158,0.9166666666666667,17.435763888888886,0.9201814058956916,-0.4529803240740762,1.3731617299697678,0.24554657508115438,1.0,0.0078125,-0.125
1.0,1.0,1.0,32,21,3.9191038516477206,3.9191038516477206,3.4641016151377544,3.4641016151377544,1.1313478318654553,1.5833333333333335,27.491319444444443,0.8969142082061716,-1.2909432870370363,2.187857495243208,0.1943993569342654,1.0,0.0078125,-0.375
1.0,1.0,1.0,32,22,4.123105625617661,4.123105625617661,3.4641016151377544,3.4641016151377544,1.1902380714238083,2.9583333333333335,30.42361111111111,0.8259803921568627,-1.5353009259259252,2.3612813180827876,0.13587711529538335,1.0,0.0078125,0.0
1.0,1.0,1.0,32,23,3.179524335494226,3.179524335494226,3.4641016151377544,3.4641016151377544,0.9178496154962787,2.875,13.09375,0.7156105100463679,-0.09114583333333326,0.8067563433797011,0.3405464209382646,1.0,0.0078125,-0.625
1.0,1.0,1.0,32,24,3.1622776601683795,3.1622776601683795,3.4641016151377544,3.4641016151377544,0.912870929175277,1.6666666666666667,17.97222222222222,0.8333333333333333,-0.49768518518519334,1.3310185185185266,0.1886346259613159,1.0,0.0078125,1.0
1.0,1.0,1.0,32,25,4.0600954422279285,4.0600954422279285,3.4641016151377544,3.4641016151377544,1.1720485982529336,2.3166666666666664,21.834097222222226,0.8594628751974723,-0.8195081018518531,1.6789709770493255,0.10298024834271799,0.96875,0.007568359375,-0.125
1.0,1.0,1.0,32,26,3.3330729064933458,3.3330729064933458,3.4641016151377544,3.4641016151377544,0.9621752698962908,2.3583333333333334,15.921944444444444,0.7877168307548055,-0.32682870370370565,1.1145455344585111,0.16220922540687008,0.96875,0.007568359375,-0.625
1.0,1.0,1.0,32,27,3.3166247903554,3.3166247903554,3.4641016151377544,3.4641016151377544,0.9574271077563381,1.2,23.32,0.8909090909090909,-0.9433333333333298,1.8342424242424207,0.09550012360310454,1.0,0.0078125,0.0
1.0,1.0,1.0,32,28,4.013648589500581,4.013648589500581,3.4641016151377544,3.4641016151377544,1.158640546790361,2.2499999999999996,22.133680555555557,0.860329776915616,-0.8444733796296289,1.7048031565452448,0.18724101117223022,1.0,0.0078125,-0.625
1.0,1.0,1.0,32,29,3.2185982973959333,3.2185982973959333,3.4641016151377544,3.4641016151377544,0.9291292967074066,1.3333333333333333,20.04340277777778,0.8712921065862242,-0.6702835648148142,1.5415756714010385,0.1383364756379977,1.0,0.0078125,0.375
1.0,1.0,1.0,32,30,3.840572873934304,3.840572873934304,3.4641016151377544,3.4641016151377544,1.1086778913041726,2.291666666666667,27.305555555555554,0.844632768361582,-1.2754629629629561,2.120095731324538,0.023314309709956564,1.0,0.0078125,-0.5
1.0,1.0,1.0,32,31,3.5685256059050494,3.5685256059050494,3.4641016151377544,3.4641016151377544,1.0301446095896765,1.4166666666666665,30.22048611111111,0.8887525562372188,-1.5183738425925895,2.407126398829808,0.18034195958933275,1.0,0.0078125,-0.875
1.0,1.0,1.0,32,32,3.2307119958300214,3.2307119958300214,3.4641016151377544,3.4641016151377544,0.9326262202333081,0.625,24.03125,0.9401197604790419,-1.0026041666666665,1.9427239271457084,-0.032370540675089515,0.90625,0.007080078125,-0.75
1.0,1.0,1.0,32,33,3.3166247903554,3.3166247903554,3.4641016151377544,3.4641016151377544,0.9574271077563381,1.2916666666666665,23.82638888888889,0.8825757575757576,-0.9855324074074048,1.8681081649831623,0.03401655716655332,1.0,0.0078125,-1.0
1.0,1.0,1.0,32,34,2.7810744326608736,2.7810744326608736,3.4641016151377544,3.4641016151377544,0.8028270361665706,1.2666666666666668,13.668680555555554,0.8362289562289562,-0.1390567129629654,0.9752856691919216,0.2442277482706259,1.0,0.0078125,-0.875
1.0,1.0,1.0,32,35,2.817356917396161,2.817356917396161,3.4641016151377544,3.4641016151377544,0.813300887330964,1.125,15.09375,0.8582677165354331,-0.2578125,1.116080216535433,0.22788531344222138,1.0,0.0078125,-0.25
1.0,1.0,1.0,32,36,3.59687364248454,3.59687364248454,3.4641016151377544,3.4641016151377544,1.0383279828647594,0.65,23.415,0.9497584541062802,-0.951249999999997,1.9010084541062773,0.22649333010715542,1.0,0.0078125,0.25
1.0,1.0,1.0,32,37,3.2307119958300214,3.2307119958300214,3.4641016151377544,3.4641016151377544,0.9326262202333081,1.1,19.322499999999998,0.8946107784431138,-0.6102083333333386,1.5048191117764524,0.13492176805521622,1.0,0.0078125,0.75
1.0,1.0,1.0,32,38,2.958039891549808,2.958039891549808,3.4641016151377544,3.4641016151377544,0.8539125638299666,1.1666666666666667,19.30555555555555,0.8666666666666667,-0.6087962962963027,1.4754629629629694,0.08753346443589416,1.0,0.0078125,-0.5
1.0,1.0,1.0,32,39,3.872983346207417,3.872983346207417,3.4641016151377544,3.4641016151377544,1.118033988749895,1.6666666666666667,22.305555555555557,0.8888888888888888,-0.8587962962962956,1.7476851851851845,0.24216024843857537,1.0,0.0078125,-1.0
1.0,1.0,1.0,32,40,3.427827300200522,3.427827300200522,3.4641016151377544,3.4641016151377544,0.9895285072531598,1.3166666666666667,18.737222222222222,0.8879432624113475,-0.561435185185182,1.4493784475965295,0.21143042177772323,1.0,0.0078125,-0.5
1.0,1.0,1.0,32,41,3.119995993587171,3.119995993587171,3.4641016151377544,3.4641016151377544,0.9006652633840536,0.7333333333333334,20.07090277777778,0.9246655965757089,-0.6725752314814768,1.5972408280571857,0.16413436964394157,1.0,0.0078125,0.875
1.0,1.0,1.0,32,42,3.799671038392666,3.799671038392666,3.4641016151377544,3.4641016151377544,1.0968705484240153,1.7750000000000001,30.72125,0.8770562770562771,-1.5601041666666653,2.4371604437229424,0.08159129092682972,1.0,0.0078125,0.75
1.0,1.0,1.0,32,43,4.211220131980754,4.211220131980754,3.4641016151377544,3.4641016151377544,1.21567453840793,2.541666666666667,24.461805555555554,0.8566813509544787,-1.0384837962962883,1.8951651472507671,0.23369528895721994,1.0,0.0078125,0.875
1.0,1.0,1.0,32,44,3.570714214271425,3.570714214271425,3.4641016151377544,3.4641016151377544,1.0307764064044154,2.75,16.375,0.7843137254901961,-0.36458333333333326,1.1488970588235294,0.2808479051934131,1.0,0.0078125,-0.5
1.0,1.0,1.0,32,45,3.4641016151377544,3.4641016151377544,3.4641016151377544,3.4641016151377544,1.0,0.5833333333333334,21.111111111111114,0.9513888888888888,-0.759259259259262,1.7106481481481508,0.08776911980823,1.0,0.0078125,-1.0
1.0,1.0,1.0,32,46,3.059309562630104,3.059309562630104,3.4641016151377544,3.4641016151377544,0.8831465997594435,1.5,20.859375,0.8397328881469115,-0.73828125,1.5780141381469115,0.21901782273121273,0.96875,0.007568359375,-0.375
1.0,1.0,1.0,32,47,3.119995993587171,3.119995993587171,3.4641016151377544,3.4641016151377544,0.9006652633840536,1.4000000000000001,17.780625,0.8561797752808988,-0.4817187499999982,1.337898525280897,0.19934210348050624,0.96875,0.007568359375,-0.875
1.0,1.0,1.0,32,48,3.515590277606308,3.515590277606308,3.4641016151377544,3.4641016151377544,1.0148634965682166,1.5833333333333335,18.960069444444443,0.8718921196797302,-0.580005787037039,1.4518979067167692,0.21453415628882805,1.0,0.0078125,0.375
1.0,1.0,1.0,32,49,3.4641016151377544,3.4641016151377544,3.4641016151377544,3.4641016151377544,1.0,0.875,23.0625,0.9270833333333334,-0.921875,1.8489583333333335,0.21385353243127256,0.96875,0.007568359375,-1.0
1.0,1.0,1.0,32,50,4.166458328124739,4.166458328124739,3.4641016151377544,3.4641016151377544,1.2027529186550883,2.916666666666667,21.289930555555554,0.831983198319832,-0.7741608796296291,1.6061440779494611,0.16688067120611125,0.96875,0.007568359375,0.375
1.0,1.0,1.0,64,1,3.7117844428253104,3.7117844428253104,3.4641016151377544,3.4641016151377544,1.0714998736195291,3.318055555555556,18.00075424382716,0.7591658003339319,-0.5000628536522553,1.2592286539861872,0.25661975047791963,0.984375,0.015380859375,0.6875
1.0,1.0,1.0,64,2,3.707572487490973,3.707572487490973,3.4641016151377544,3.4641016151377544,1.0702839868464817,3.7642857142857142,18.047335246598635,0.7261559696342306,-0.5039446038832252,1.2301005735174557,0.17304556158794715,1.0,0.015625,-0.0625
1.0,1.0,1.0,64,3,3.635222654803967,3.635222654803967,3.4641016151377544,3.4641016151377544,1.0493983891576482,5.082142857142856,15.625677791950114,0.6154216460453529,-0.30213981599585216,0.917561462041205,0.32283890809464916,1.0,0.015625,0.1875
1.0,1.0,1.0,64,4,3.072051431861127,3.072051431861127,3.4641016151377544,3.4641016151377544,0.8868248605746986,3.133035714285715,15.04066609977324,0.66802270577105,-0.25338884164777076,0.9214115474188208,0.27163974013420916,1.0,0.015625,0.25
1.0,1.0,1.0,64,5,3.44544536308443,3.44544536308443,3.4641016151377544,3.4641016151377544,0.9946144039274718,3.895535714285712,13.798101615646255,0.6718469421332207,-0.14984180130385738,0.8216887434370781,0.3165081505024492,1.0,0.015625,-0.9375
1.0,1.0,1.0,64,6,3.835993189514288,3.835993189514288,3.4641016151377544,3.4641016151377544,1.1073558502878227,3.824999999999998,13.922725694444445,0.7400584019113354,-0.1602271412037084,0.9002855431150438,0.34623627134635004,1.0,0.015625,-0.1875
1.0,1.0,1.0,64,7,3.7332961307670196,3.7332961307670196,3.4641016151377544,3.4641016151377544,1.0777097630314636,4.421726190476188,14.718557256235828,0.6827461029254753,-0.22654643801965513,0.9092925409451305,0.24978152323560257,0.984375,0.015380859375,0.25
1.0,1.0,1.0,64,8,3.5701671879619306,3.5701671879619306,3.4641016151377544,3.4641016151377544,1.030618493510895,4.0148809523809526,17.5648472930839,0.6850108722618682,-0.46373727442365986,1.148748146685528,0.2463610040262757,1.0,0.015625,-0.0625
1.0,1.0,1.0,64,9,3.7080992435478315,3.7080992435478315,3.4641016151377544,3.4641016151377544,1.0704360482220943,5.049999999999999,16.779444444444444,0.6327272727272728,-0.39828703703704904,1.0310143097643218,0.25896373846916926,0.984375,0.015380859375,0.5
1.0,1.0,1.0,64,10,3.5333235062756425,3.5333235062756425,3.4641016151377544,3.4641016151377544,1.0199826387411373,3.95327380952381,15.53017786281179,0.6833422730794445,-0.29418148856765236,0.9775237616470969,0.29550161655862106,0.984375,0.015380859375,-0.125
1.0,1.0,1.0,64,11,3.6033838263498934,3.6033838263498934,3.4641016151377544,3.4641016151377544,1.0402073110683274,4.169345238095237,19.043077522675734,0.6788951922525931,-0.5869231268896344,1.2658183191422276,0.12033189224292312,0.96875,0.01513671875,-0.125
1.0,1.0,1.0,64,12,3.4135529511053435,3.4135529511053435,3.4641016151377544,3.4641016151377544,0.9854078576068558,2.819642857142857,19.93084148242631,0.7580192519515349,-0.6609034568688452,1.41892270882038,0.23231971396911036,1.0,0.015625,0.3125
1.0,1.0,1.0,64,13,3.774917217635375,3.774917217635375,3.4641016151377544,3.4641016151377544,1.0897247358851685,5.326785714285713,23.02326530612245,0.6261904761904762,-0.9186054421768735,1.5447959183673496,0.18853629691429122,1.0,0.015625,-0.5
1.0,1.0,1.0,64,14,3.5,3.5,3.4641016151377544,3.4641016151377544,1.0103629710818451,3.2976190476190466,15.10334467120181,0.7308066083576288,-0.25861205593349523,0.989418664291124,0.2881845255501676,0.984375,0.015380859375,-0.5
1.0,1.0,1.0,64,15,3.0413812651491097,3.0413812651491097,3.4641016151377544,3.4641016151377544,0.8779711460710615,3.2809523809523813,16.4924716553288,0.6453024453024453,-0.37437263794407705,1.0196750832465225,0.17879934927771576,1.0,0.015625,0.5
1.0,1.0,1.0,64,16,3.4798527267687636,3.4798527267687636,3.4641016151377544,3.4641016151377544,1.0045469542700995,5.019345238095236,14.56049815759637,0.585499231950845,-0.21337484646636073,0.7988740784172057,0.2576445981941095,1.0,0.015625,0.625
1.0,1.0,1.0,64,17,3.4072532926097527,3.4072532926097527,3.4641016151377544,3.4641016151377544,0.9835893028427398,3.657738095238095,18.442304421768704,0.6849323847977953,-0.5368587018140423,1.2217910866118376,0.24700397065901886,1.0,0.015625,-0.625
1.0,1.0,1.0,64,18,3.6651867278489374,3.6651867278489374,3.4641016151377544,3.4641016151377544,1.058048271976914,5.598809523809523,14.244164895124715,0.5832232514989131,-0.1870137412603905,0.7702369927593036,0.32563248729519445,0.984375,0.015380859375,-0.5625
1.0,1.0,1.0,64,19,3.427257467713799,3.427257467713799,3.4641016151377544,3.4641016151377544,0.9893640107833584,2.729166666666666,18.32387152777778,0.7676532535195655,-0.5269892939814931,1.2946425475010586,0.1268941708394275,1.0,0.015625,0.0625
1.0,1.0,1.0,64,20,3.3541019662496847,3.3541019662496847,3.4641016151377544,3.4641016151377544,0.9682458365518544,3.233333333333333,15.702222222222222,0.7125925925925927,-0.30851851851852374,1.0211111111111164,0.26151584338010186,1.0,0.015625,0.5
1.0,1.0,1.0,64,21,3.665719574653795,3.665719574653795,3.4641016151377544,3.4641016151377544,1.0582020916000245,3.091666666666666,17.153055555555554,0.7699224806201551,-0.42942129629630377,1.199343776916459,0.24735265758064715,0.984375,0.015380859375,0.25
1.0,1.0,1.0,64,22,3.196066918886399,3.196066918886399,3.4641016151377544,3.4641016151377544,0.9226250479835602,3.332142857142856,16.938028982426303,0.6737940453428026,-0.4115024152021969,1.0852964605449995,0.1670622251401693,1.0,0.015625,-0.1875
1.0,1.0,1.0,64,23,2.766286997041341,2.766286997041341,3.4641016151377544,3.4641016151377544,0.79855827119879,2.870535714285714,16.06629109977324,0.6248814993072267,-0.3388575916477683,0.963739090954995,0.07802786891831436,0.984375,0.015380859375,0.3125
1.0,1.0,1.0,64,24,3.570714214271425,3.570714214271425,3.4641016151377544,3.4641016151377544,1.0307764064044154,4.420238095238094,14.036768707482995,0.6533146591970123,-0.16973072562358515,0.8230453848205974,0.39568144494367086,0.984375,0.015380859375,-0.5
1.0,1.0,1.0,64,25,3.732772930409778,3.732772930409778,3.4641016151377544,3.4641016151377544,1.0775587280979169,5.309722222222223,16.335082947530864,0.6189265800703984,-0.3612569122942404,0.9801834923646388,0.29301260032979315,1.0,0.015625,0.5625
1.0,1.0,1.0,64,26,3.3819373146171707,3.3819373146171707,3.4641016151377544,3.4641016151377544,0.9762812094883319,3.8785714285714294,24.000657596371884,0.6608899297423887,-1.0000547996976556,1.6609447294400443,0.0566282341453371,1.0,0.015625,-0.25
1.0,1.0,1.0,64,27,3.278123510485839,3.278123510485839,3.4641016151377544,3.4641016151377544,0.9463127456079201,3.982142857142856,15.776957553854874,0.6294334527704213,-0.31474646282124197,0.9441799155916633,0.21884233041912218,1.0,0.015625,0.0625
1.0,1.0,1.0,64,28,3.6033838263498934,3.6033838263498934,3.4641016151377544,3.4641016151377544,1.0402073110683274,4.330357142857142,17.31816893424036,0.6664947567474644,-0.4431807445200293,1.1096755012674937,0.2728301013723633,1.0,0.015625,0.125
1.0,1.0,1.0,64,29,2.8722813232690143,2.8722813232690143,3.4641016151377544,3.4641016151377544,0.82915619758885,2.688888888888889,17.628827160493827,0.674074074074074,-0.4690689300411446,1.1431430041152186,0.16829891262710153,0.984375,0.015380859375,-0.5
1.0,1.0,1.0,64,30,3.1764514398932655,3.1764514398932655,3.4641016151377544,3.4641016151377544,0.9169625469450756,2.9205357142857142,18.330284155328798,0.7105469830208506,-0.5275236796107332,1.2380706626315838,0.19460675303165412,0.984375,0.015380859375,0.8125
1.0,1.0,1.0,64,31,2.9889118003045856,2.9889118003045856,3.4641016151377544,3.4641016151377544,0.8628245162449508,2.941666666666666,15.84092013888889,0.670718554146626,-0.32007667824076336,0.9907952323873893,0.18017808739361799,0.96875,0.01513671875,-0.5625
1.0,1.0,1.0,64,32,3.196066918886399,3.196066918886399,3.4641016151377544,3.4641016151377544,0.9226250479835602,2.9702380952380953,15.731776147959184,0.7092233451698079,-0.3109813456632722,1.0202046908330802,0.2247053660060892,0.96875,0.01513671875,-0.1875
1.0,1.0,1.0,64,33,3.956304304524615,3.956304304524615,3.4641016151377544,3.4641016151377544,1.142086677606681,5.6029761904761894,16.69236926020408,0.6420359608779874,-0.3910307716836705,1.0330667325616578,0.31011729061571525,1.0,0.015625,0.3125
1.0,1.0,1.0,64,34,3.278123510485839,3.278123510485839,3.4641016151377544,3.4641016151377544,0.9463127456079201,3.79047619047619,15.03966588718821,0.6472693912170466,-0.2533054905990155,0.9005748818160622,0.23634521479578352,1.0,0.015625,0.0625
1.0,1.0,1.0,64,35,3.9350190596742984,3.9350190596742984,3.4641016151377544,3.4641016151377544,1.1359421566846322,5.1125,19.696111111111108,0.6698284561049446,-0.6413425925926042,1.3111710486975487,0.21017253055765212,1.0,0.015625,0.125
1.0,1.0,1.0,64,36,3.5701671879619306,3.5701671879619306,3.4641016151377544,3.4641016151377544,1.030618493510895,5.166666666666665,15.463975694444446,0.5946470528143837,-0.2886646412037097,0.8833116940180934,0.21855589190837854,1.0,0.015625,-0.0625
1.0,1.0,1.0,64,37,3.840572873934304,3.840572873934304,3.4641016151377544,3.4641016151377544,1.1086778913041726,4.574999999999999,16.362222222222222,0.6898305084745764,-0.3635185185185339,1.0533490269931103,0.34269949772207037,1.0,0.015625,-0.5
1.0,1.0,1.0,64,38,3.2971341722774947,3.2971341722774947,3.4641016151377544,3.4641016151377544,0.9518006509593628,3.9821428571428568,17.079090490362812,0.6336943688722345,-0.4232575408635679,1.0569519097358024,0.2338447452073081,1.0,0.015625,0.9375
1.0,1.0,1.0,64,39,3.4725485957722753,3.4725485957722753,3.4641016151377544,3.4641016151377544,1.00243843327159,4.775,23.166649305555556,0.6040168448331713,-0.9305541087963067,1.534570953629478,0.08107512549932482,1.0,0.015625,-0.4375
1.0,1.0,1.0,64,40,3.42554740151118,3.42554740151118,3.4641016151377544,3.4641016151377544,0.9888703571921516,3.4166666666666665,16.07013888888889,0.7088326675543719,-0.3391782407407431,1.048010908295115,0.30581896016960897,1.0,0.015625,-0.875
1.0,1.0,1.0,64,41,3.639518340385167,3.639518340385167,3.4641016151377544,3.4641016151377544,1.0506384467709782,3.6357142857142857,16.375422689909296,0.7255255508278216,-0.36461855749244676,1.0901441083202683,0.27566466120743394,1.0,0.015625,-0.0625
1.0,1.0,1.0,64,42,3.4641016151377544,3.4641016151377544,3.4641016151377544,3.4641016151377544,1.0,3.495535714285715,14.853493480725625,0.7087053571428571,-0.23779112339380504,0.9464964805366621,0.29357426739640785,1.0,0.015625,0.0
1.0,1.0,1.0,64,43,3.151760420780742,3.151760420780742,3.4641016151377544,3.4641016151377544,0.9098348636794849,4.050000000000001,12.606961805555555,0.5922925678332678,-0.05058015046296749,0.6428727182962353,0.29288156797141746,1.0,0.015625,-0.5625
1.0,1.0,1.0,64,44,3.3819373146171707,3.3819373146171707,3.4641016151377544,3.4641016151377544,0.9762812094883319,2.4375,17.146527777777777,0.7868852459016393,-0.42887731481482017,1.2157625607164595,0.27200024381404225,0.984375,0.015380859375,0.25
1.0,1.0,1.0,64,45,3.427257467713799,3.427257467713799,3.4641016151377544,3.4641016151377544,0.9893640107833584,4.516666666666666,14.291614583333335,0.6154750027713114,-0.19096788194444114,0.8064428847157525,0.25695370223507674,0.984375,0.015380859375,0.0625
1.0,1.0,1.0,64,46,3.4135529511053435,3.4135529511053435,3.4641016151377544,3.4641016151377544,0.9854078576068558,4.201388888888889,15.24165702160494,0.6394382985063507,-0.2701380851337538,0.9095763836401045,0.2964339823294749,1.0,0.015625,0.3125
1.0,1.0,1.0,64,47,3.422695392523267,3.422695392523267,3.4641016151377544,3.4641016151377544,0.9880470531137,4.849404761904763,16.93888428287982,0.5860461423649153,-0.4115736902399816,0.9976198326048968,0.19486518429733177,1.0,0.015625,0.1875
1.0,1.0,1.0,64,48,3.557013318783049,3.557013318783049,3.4641016151377544,3.4641016151377544,1.0268212985552387,4.272916666666666,14.680625,0.6622825975095195,-0.22338541666665823,0.8856680141761777,0.28577002663860174,1.0,0.015625,-0.3125
1.0,1.0,1.0,64,49,3.640054944640259,3.640054944640259,3.4641016151377544,3.4641016151377544,1.050793351076541,3.9955357142857144,13.442283163265305,0.6984501347708895,-0.12019026360544527,0.8186403983763347,0.33811121123382987,0.984375,0.015380859375,0.5
1.0,1.0,1.0,64,50,3.1598061649411346,3.1598061649411346,3.4641016151377544,3.4641016151377544,0.9121574699579016,3.847321428571428,15.214075255102042,0.6146657724122513,-0.2678396045918412,0.8825053770040925,0.22235963712388968,1.0,0.015625,-0.125
1.0,1.0,1.0,128,1,3.3023133463528263,3.3023133463528263,3.4641016151377544,3.4641016151377544,0.9532957497326491,6.1704985986236,12.44641947870057,0.4341729591662429,-0.0372016232250485,0.4713745823912914,0.31858306222818544,0.984375,0.03076171875,-0.46875
1.0,1.0,1.0,128,2,3.2349410736518833,3.2349410736518833,3.4641016151377544,3.4641016151377544,0.9338470498427459,6.088198953823951,11.383802393393843,0.418223616207939,0.05134980055051319,0.36687381565742583,0.3412833426961326,0.9921875,0.031005859375,0.1875
1.0,1.0,1.0,128,3,3.42554740151118,3.42554740151118,3.4641016151377544,3.4641016151377544,0.9888703571921516,6.318682359307359,12.233360559444163,0.4615237403519694,-0.019446713287015083,0.4809704536389845,0.34886413663892624,0.9765625,0.030517578125,-0.125
1.0,1.0,1.0,128,4,3.7237361530457553,3.7237361530457553,3.4641016151377544,3.4641016151377544,1.0749500351760541,6.535445110445108,13.77413642309888,0.5286783722025642,-0.14784470192489652,0.6765230741274607,0.28902371401313465,0.984375,0.03076171875,0.09375
1.0,1.0,1.0,128,5,3.314268395890713,3.314268395890713,3.4641016151377544,3.4641016151377544,0.9567468752670861,5.0701407967032965,11.886310748165148,0.538422459475091,0.009474104319569854,0.5289483551555212,0.391213392523247,0.9921875,0.031005859375,-0.125
1.0,1.0,1.0,128,6,3.1805991475663826,3.1805991475663826,3.4641016151377544,3.4641016151377544,0.9181598870158727,5.327610930735931,12.71259379045753,0.47335905076999774,-0.059382815871446004,0.5327418666414437,0.2977076728409266,0.984375,0.03076171875,0.09375
1.0,1.0,1.0,128,7,3.376735664810025,3.376735664810025,3.4641016151377544,3.4641016151377544,0.974779622530139,6.19259906759907,11.60538936804468,0.4569012122968955,0.03288421932960117,0.42401699296729434,0.3290075917833383,0.9765625,0.030517578125,-0.3125
1.0,1.0,1.0,128,8,3.4860211918460853,3.4860211918460853,3.4641016151377544,3.4641016151377544,1.0063276367565388,6.7456855644355675,12.195231794703105,0.44490662022002403,-0.016269316225249186,0.4611759364452732,0.37723270957752286,1.0,0.03125,0.3125
1.0,1.0,1.0,128,9,3.1991209730174317,3.1991209730174317,3.4641016151377544,3.4641016151377544,0.9235066774708959,6.3826884920634885,13.384859070052526,0.3763479946686057,-0.11540492250437207,0.49175291717297775,0.2200027583390537,0.9921875,0.031005859375,-0.125
1.0,1.0,1.0,128,10,3.5143400429525884,3.5143400429525884,3.4641016151377544,3.4641016151377544,1.014502584911279,5.928132692470928,12.714119283847886,0.5200120283790439,-0.05950994032066781,0.5795219686997117,0.32209999006325435,0.9921875,0.031005859375,-0.15625
1.0,1.0,1.0,128,11,3.24037034920393,3.24037034920393,3.4641016151377544,3.4641016151377544,0.9354143466934854,5.707449494949494,11.299363731106151,0.4564333814333815,0.05838635574115081,0.3980470256922307,0.3606047498248713,0.984375,0.03076171875,0.0
1.0,1.0,1.0,128,12,3.5519305930015017,3.5519305930015017,3.4641016151377544,3.4641016151377544,1.025354042006142,5.144456931956933,12.482756795897263,0.5922343913364889,-0.04022973299143828,0.6324641243279272,0.3714914340936097,0.9921875,0.031005859375,0.09375
1.0,1.0,1.0,128,13,3.372539612443418,3.372539612443418,3.4641016151377544,3.4641016151377544,0.9735683265484418,7.304036935286934,10.623714476274431,0.357831731627559,0.11469046031046515,0.24314127131709384,0.3873752690786538,1.0,0.03125,0.03125
1.0,1.0,1.0,128,14,3.1399641717701177,3.1399641717701177,3.4641016151377544,3.4641016151377544,0.9064295799086289,5.854413295038296,11.920205384615667,0.40620847720689235,0.0066495512820136105,0.39955892592487874,0.3318721227537749,0.9921875,0.031005859375,0.375
1.0,1.0,1.0,128,15,3.123593433451287,3.123593433451287,3.4641016151377544,3.4641016151377544,0.901703754821024,5.691933760683759,12.776941411101067,0.41662094175356124,-0.06474511759175727,0.4813660593453185,0.2389907860669168,0.984375,0.03076171875,-0.34375
1.0,1.0,1.0,128,16,3.4458704905292072,3.4458704905292072,3.4641016151377544,3.4641016151377544,0.9947371276498128,5.3388573232323235,12.786610295111885,0.5503750391487869,-0.06555085792599802,0.615925897074785,0.3165010609265416,0.9921875,0.031005859375,-0.03125
1.0,1.0,1.0,128,17,3.788216722615009,3.788216722615009,3.4641016151377544,3.4641016151377544,1.0935639722752086,5.920368867243862,14.825717613008432,0.5874475862499002,-0.23547646775070086,0.8229240540006011,0.3381763240873583,0.953125,0.02978515625,0.15625
1.0,1.0,1.0,128,18,3.543810625583709,3.543810625583709,3.4641016151377544,3.4641016151377544,1.0230100093189052,6.42034978909979,12.54969724776517,0.48876841492704626,-0.045808103980431225,0.5345765189074775,0.33109033589063486,0.9921875,0.031005859375,0.4375
1.0,1.0,1.0,128,19,3.295356581616017,3.295356581616017,3.4641016151377544,3.4641016151377544,0.9512875047359063,6.311778846153846,10.970675359312034,0.4187714443829552,0.08577705339066444,0.3329943909922908,0.38507462465936737,0.984375,0.03076171875,-0.375
1.0,1.0,1.0,128,20,3.042504878796417,3.042504878796417,3.4641016151377544,3.4641016151377544,0.8782955053919306,5.1178841991342,11.278256990855915,0.44712380842774335,0.06014525076200894,0.3869785576657344,0.33473166242268726,0.9765625,0.030517578125,0.34375
1.0,1.0,1.0,128,21,3.353519606324078,3.353519606324078,3.4641016151377544,3.4641016151377544,0.9680777237219472,6.1851438492063515,11.223671441956412,0.45001846981701077,0.0646940465036363,0.38532442331337446,0.38670867207480447,0.9921875,0.031005859375,0.0625
1.0,1.0,1.0,128,22,3.3979256079996807,3.3979256079996807,3.4641016151377544,3.4641016151377544,0.9808966322324693,6.053610972360972,14.51949364360543,0.4756916488456707,-0.20995780363377659,0.6856494524794473,0.249377787047606,0.9921875,0.031005859375,0.28125
1.0,1.0,1.0,128,23,3.1467989687935263,3.1467989687935263,3.4641016151377544,3.4641016151377544,0.9084026158592896,5.651618867243867,12.23538399676522,0.4292645246491401,-0.019615333063762508,0.4488798577129026,0.29429084081352513,0.9921875,0.031005859375,-0.3125
1.0,1.0,1.0,128,24,3.2349410736518833,3.2349410736518833,3.4641016151377544,3.4641016151377544,0.9338470498427459,5.941801948051947,11.645316766341523,0.4322130277337445,0.0295569361382082,0.4026560915955363,0.35358654981816046,0.9765625,0.030517578125,0.1875
1.0,1.0,1.0,128,25,3.788216722615009,3.788216722615009,3.4641016151377544,3.4641016151377544,1.0935639722752086,7.3128652597402555,12.011955749371028,0.49041347220319687,-0.0009963124475966811,0.49140978465079355,0.41630528718043325,1.0,0.03125,0.15625
1.0,1.0,1.0,128,26,3.427257467713799,3.427257467713799,3.4641016151377544,3.4641016151377544,0.9893640107833584,6.792689255189255,12.764546248822233,0.42170653497557387,-0.06371218740185891,0.4854187223774328,0.3441544980451207,0.96875,0.0302734375,0.0625
1.0,1.0,1.0,128,27,3.2691742076555053,3.2691742076555053,3.4641016151377544,3.4641016151377544,0.9437293044088438,5.237148268398269,11.695470794837679,0.5099744310270625,0.025377433763518642,0.4845969972635439,0.40696226560049514,0.9765625,0.030517578125,0.25
1.0,1.0,1.0,128,28,3.059309562630104,3.059309562630104,3.4641016151377544,3.4641016151377544,0.8831465997594435,5.760433663558667,11.739260492135639,0.38452795581343124,0.02172829232204021,0.36279966349139103,0.3112505549211423,0.9921875,0.031005859375,0.375
1.0,1.0,1.0,128,29,3.278719262151,3.278719262151,3.4641016151377544,3.4641016151377544,0.9464847243000456,5.974284049284049,11.917879239475143,0.44425264657822805,0.006843396710392358,0.4374092498678357,0.32217335245702383,0.9921875,0.031005859375,0.0
1.0,1.0,1.0,128,30,3.5701671879619306,3.5701671879619306,3.4641016151377544,3.4641016151377544,1.030618493510895,6.914980158730154,14.065463710947341,0.4574824025023232,-0.1721219759122843,0.6296043784146075,0.2782533839061029,0.9921875,0.031005859375,-0.0625
1.0,1.0,1.0,128,31,3.370367190678191,3.370367190678191,3.4641016151377544,3.4641016151377544,0.9729412024029682,5.520604742479743,12.929305566594426,0.5140045343621684,-0.0774421305495343,0.5914466649117027,0.32193336617495594,0.96875,0.0302734375,0.625
1.0,1.0,1.0,128,32,3.506550789237196,3.506550789237196,3.4641016151377544,3.4641016151377544,1.012254021046595,5.947348137973142,11.267864144407902,0.5163144711869989,0.06101132129934006,0.45530314988765885,0.4062429025194698,0.984375,0.03076171875,-0.28125
1.0,1.0,1.0,128,33,3.372539612443418,3.372539612443418,3.4641016151377544,3.4641016151377544,0.9735683265484418,6.569471500721498,10.779459187854243,0.4224144572217039,0.10171173434547731,0.3207027228762266,0.40244883936798376,0.9765625,0.030517578125,0.03125
1.0,1.0,1.0,128,34,3.5143400429525884,3.5143400429525884,3.4641016151377544,3.4641016151377544,1.014502584911279,6.931678391053394,13.845494441669194,0.43875712244495335,-0.15379120347244357,0.5925483259173969,0.27594875213401493,1.0,0.03125,0.15625
1.0,1.0,1.0,128,35,3.536500521348753,3.536500521348753,3.4641016151377544,3.4641016151377544,1.0208997639949773,7.204522907647903,11.561650406140227,0.4239531929857536,0.036529132821644494,0.38742406016410913,0.35808220256514334,0.9921875,0.031005859375,0.34375
1.0,1.0,1.0,128,36,3.2733535937933746,3.2733535937933746,3.4641016151377544,3.4641016151377544,0.9449357892647169,6.297091797091797,12.394643739291643,0.4123020415401021,-0.032886978274293766,0.44518901981439585,0.2986683734109707,0.9921875,0.031005859375,-0.1875
1.0,1.0,1.0,128,37,3.3395125018481364,3.3395125018481364,3.4641016151377544,3.4641016151377544,0.9640342209520711,4.546338383838385,11.32465439640426,0.5923423375612517,0.05627880029965793,0.5360635372615937,0.4073938823699135,1.0,0.03125,0.3125
1.0,1.0,1.0,128,38,3.6721077053920954,3.6721077053920954,3.4641016151377544,3.4641016151377544,1.0600461861007127,6.644676677489176,11.65678926908229,0.5072313935581607,0.02860089424313461,0.4786304993150261,0.3961389338827661,0.9921875,0.031005859375,0.125
1.0,1.0,1.0,128,39,3.14105252065291,3.14105252065291,3.4641016151377544,3.4641016151377544,0.9067437591688551,5.248307768620269,11.437286029762276,0.46805234533632034,0.046892830853142,0.42115951448317834,0.3615323778752722,0.984375,0.03076171875,0.09375
1.0,1.0,1.0,128,40,3.4798527267687636,3.4798527267687636,3.4641016151377544,3.4641016151377544,1.0045469542700995,6.038346375846374,12.606132957173372,0.5013494605752671,-0.05051107976445057,0.5518605403397177,0.334999689282087,0.9609375,0.030029296875,-0.375
1.0,1.0,1.0,128,41,3.761960094153047,3.761960094153047,3.4641016151377544,3.4641016151377544,1.0859843365199457,7.005749458874461,11.982987393648923,0.5049760249870654,0.0014177171959284252,0.503558307791137,0.4234243847132401,0.9921875,0.031005859375,0.3125
1.0,1.0,1.0,128,42,3.8078865529319543,3.8078865529319543,3.4641016151377544,3.4641016151377544,1.09924216318941,7.396893037518037,13.067103699070689,0.4898694456884113,-0.08892530825590117,0.5787947539443125,0.356288367391046,0.984375,0.03076171875,0.0
1.0,1.0,1.0,128,43,3.8889617428691685,3.8889617428691685,3.4641016151377544,3.4641016151377544,1.1226465545568354,7.547853535353537,13.691559969167688,0.5009361386839271,-0.14096333076398015,0.6418994694479072,0.3620250149289762,0.9921875,0.031005859375,-0.03125
1.0,1.0,1.0,128,44,3.152380053229623,3.152380053229623,3.4641016151377544,3.4641016151377544,0.9100137361600649,4.842135295260295,12.791523516197175,0.5127411023637438,-0.06596029301643314,0.578701395380177,0.2988124100386957,0.9765625,0.030517578125,-0.25
1.0,1.0,1.0,128,45,3.534981435594818,3.534981435594818,3.4641016151377544,3.4641016151377544,1.020461241710499,5.909374999999999,12.05724537037037,0.5271022194435762,-0.004770447530870303,0.5318726669744465,0.384721992494936,0.984375,0.03076171875,0.0625
1.0,1.0,1.0,128,46,3.5701671879619306,3.5701671879619306,3.4641016151377544,3.4641016151377544,1.030618493510895,7.31984126984127,13.006918894872765,0.42571885838818113,-0.08390990790606634,0.5096287662942475,0.2703565397368574,0.9921875,0.031005859375,0.0625
1.0,1.0,1.0,128,47,3.1645929339332097,3.1645929339332097,3.4641016151377544,3.4641016151377544,0.9135392911409632,4.1734338578088535,13.166681299742649,0.583267062857507,-0.0972234416452269,0.6804905045027339,0.3704629578600547,0.96875,0.0302734375,-0.78125
1.0,1.0,1.0,128,48,3.3979256079996807,3.3979256079996807,3.4641016151377544,3.4641016151377544,0.9808966322324693,6.483582736707735,11.720120050600027,0.43845143175262447,0.023323329116663793,0.41512810263596067,0.34672713622506673,0.984375,0.03076171875,-0.28125
1.0,1.0,1.0,128,49,3.402520894498666,3.402520894498666,3.4641016151377544,3.4641016151377544,0.9822231771810656,5.520179126429129,13.973011249374746,0.5231831779448817,-0.16441760411454887,0.6876007820594305,0.3095620481513184,0.9765625,0.030517578125,0.21875
1.0,1.0,1.0,128,50,3.481956840269563,3.481956840269563,3.4641016151377544,3.4641016151377544,1.0051543595181456,7.017757936507937,11.20584944452318,0.4211692205409482,0.06617921295640017,0.354990007584548,0.3737562494248251,0.9921875,0.031005859375,-0.03125
1.0,1.0,1.0,256,1,3.4994419197923547,3.4994419197923547,3.4641016151377544,3.4641016151377544,1.0102018672027884,7.743450962307389,9.992469795538954,0.3676799214192372,0.16729418370508498,0.20038573771415225,0.44307576992746245,0.96875,0.060546875,-0.0625
1.0,1.0,1.0,256,2,3.4242642914208594,3.4242642914208594,3.4641016151377544,3.4641016151377544,0.9884999552141283,7.025771425265908,10.992420732033239,0.4008170284440502,0.08396493899723068,0.31685208944681953,0.3903602495238366,0.9609375,0.06005859375,-0.15625
1.0,1.0,1.0,256,3,3.4680460997512705,3.4680460997512705,3.4641016151377544,3.4641016151377544,1.001138674626714,8.066483516483519,9.80616608621588,0.3293212795648649,0.18281949281534882,0.14650178674951608,0.4569220978101423,0.984375,0.0615234375,-0.3125
1.0,1.0,1.0,256,4,3.6730383795299497,3.6730383795299497,3.4641016151377544,3.4641016151377544,1.0603148485827216,8.078372890761619,10.337733432661881,0.4012121722663845,0.1385222139448531,0.2626899583215314,0.4479415460511375,0.9765625,0.06103515625,-0.09375
1.0,1.0,1.0,256,5,3.616234013099816,3.616234013099816,3.4641016151377544,3.4641016151377544,1.0439168404579298,7.9170392838155985,10.181999072036046,0.39458978219496876,0.15150007733032733,0.24308970486464143,0.45130821179497865,0.96484375,0.060302734375,0.21875
1.0,1.0,1.0,256,6,3.4571879378332904,3.4571879378332904,3.4641016151377544,3.4641016151377544,0.9980041932735888,6.574260098776344,10.23544849403034,0.4499516021613713,0.14704595883080984,0.30290564333056147,0.4425023114728451,0.96875,0.060546875,-0.21875
1.0,1.0,1.0,256,7,3.6050095353549345,3.6050095353549345,3.4641016151377544,3.4641016151377544,1.0406766128341696,8.167252125692654,10.186618938658732,0.37156100265184266,0.15111508844509602,0.22044591420674664,0.4407236631153508,0.9765625,0.06103515625,0.0625
1.0,1.0,1.0,256,8,3.399470029927459,3.399470029927459,3.4641016151377544,3.4641016151377544,0.9813424684403419,8.128160447599779,11.026692105432911,0.2966526842005135,0.08110899121392656,0.21554369298658693,0.36560771796416514,0.95703125,0.059814453125,0.078125
1.0,1.0,1.0,256,9,3.434053670136068,3.434053670136068,3.4641016151377544,3.4641016151377544,0.9913259054323407,7.0499945047642365,9.625613432540558,0.40217424401146284,0.19786554728828099,0.20430869672318186,0.46224426115049994,0.9921875,0.06201171875,-0.140625
1.0,1.0,1.0,256,10,3.6068714260942265,3.6068714260942265,3.4641016151377544,3.4641016151377544,1.0412140943939356,8.015970184916702,11.038782206331259,0.3838381992339819,0.08010148280573659,0.3037367164282453,0.38374545277983824,0.984375,0.0615234375,-0.421875
1.0,1.0,1.0,256,11,3.6064991248439253,3.6064991248439253,3.4641016151377544,3.4641016151377544,1.0411066202803951,7.419112239884302,9.653576146643712,0.42959899890070385,0.19553532111301564,0.23406367778768822,0.48408494785166345,0.9765625,0.06103515625,-0.34375
1.0,1.0,1.0,256,12,3.3688818967685705,3.3688818967685705,3.4641016151377544,3.4641016151377544,0.9725124349836957,6.712437111065372,10.548027150726536,0.4085627722390396,0.1209977374394472,0.2875650347995924,0.4113282993198244,0.9609375,0.06005859375,-0.296875
1.0,1.0,1.0,256,13,3.4169485084465347,3.4169485084465347,3.4641016151377544,3.4641016151377544,0.9863880705793486,7.700562063441809,9.841439288904963,0.3404532921009211,0.17988005925793304,0.16057323284298808,0.4409817946955013,0.984375,0.0615234375,0.109375
1.0,1.0,1.0,256,14,3.42554740151118,3.42554740151118,3.4641016151377544,3.4641016151377544,0.9888703571921516,7.5414664052193014,9.861611761857894,0.35731844216506614,0.17819901984517872,0.17911942231988742,0.44887838351146603,0.98046875,0.061279296875,-0.125
1.0,1.0,1.0,256,15,3.1315166428385783,3.1315166428385783,3.4641016151377544,3.4641016151377544,0.9039909883573233,7.281095880222724,9.415614409047816,0.25751565400970255,0.21536546591269012,0.04215018809701243,0.46481446284902894,0.98046875,0.061279296875,-0.078125
1.0,1.0,1.0,256,16,3.612552713715746,3.612552713715746,3.4641016151377544,3.4641016151377544,1.0428541408627496,8.455785427807495,10.645608790867794,0.35207376087738285,0.11286593409435597,0.23920782678302688,0.41045351468885466,0.96484375,0.060302734375,0.109375
1.0,1.0,1.0,256,17,3.5671228230010525,3.5671228230010525,3.4641016151377544,3.4641016151377544,1.0297396610460579,7.775028846765972,9.82949325411261,0.38896528796881324,0.18087556215728606,0.20808972581152718,0.4609450716756239,0.96875,0.060546875,0.296875
1.0,1.0,1.0,256,18,3.459023525505428,3.459023525505428,3.4641016151377544,3.4641016151377544,0.9985340817919036,7.612318413709186,9.384630853721124,0.36377619526296057,0.21794742885657958,0.14582876640638098,0.4802706077125646,0.96484375,0.060302734375,0.1875
1.0,1.0,1.0,256,19,3.4931573737093493,3.4931573737093493,3.4641016151377544,3.4641016151377544,1.0083876750164096,7.81291866377731,10.946149839318124,0.35970958689812205,0.08782084672348078,0.27188874017464126,0.37129577019611393,0.96875,0.060546875,0.21875
1.0,1.0,1.0,256,20,3.396021051815639,3.396021051815639,3.4641016151377544,3.4641016151377544,0.9803468342196977,7.019661935286935,10.520790042499886,0.39133903581923224,0.12326749645833734,0.2680715393608949,0.41748267103754444,0.96875,0.060546875,0.171875
1.0,1.0,1.0,256,21,3.5266493814065214,3.5266493814065214,3.4641016151377544,3.4641016151377544,1.0180559848462412,7.958166618114861,10.26797460148849,0.36013484742165813,0.14433544987597058,0.21579939754568755,0.4198509763888259,0.9609375,0.06005859375,-0.015625
1.0,1.0,1.0,256,22,3.461845606031557,3.461845606031557,3.4641016151377544,3.4641016151377544,0.9993487462676214,7.568466677478866,9.680197727043709,0.36847214164452746,0.19331685607970428,0.17515528556482318,0.46855568877760645,0.97265625,0.060791015625,-0.125
1.0,1.0,1.0,256,23,3.2572035551988456,3.2572035551988456,3.4641016151377544,3.4641016151377544,0.9402736746997299,6.665542571195141,9.589189349759515,0.3717308916693829,0.20090088752003865,0.17083000414934424,0.4609453063068221,0.9453125,0.05908203125,-0.125
1.0,1.0,1.0,256,24,3.1168644099479206,3.1168644099479206,3.4641016151377544,3.4641016151377544,0.899761253055498,6.372957914226295,10.021469154623805,0.34399789865623986,0.16487757044801032,0.17912032820822954,0.42009191472402424,0.97265625,0.060791015625,-0.1875
1.0,1.0,1.0,256,25,3.415805118764096,3.415805118764096,3.4641016151377544,3.4641016151377544,0.9860580024088763,8.208079525017888,10.459688482052005,0.2965141190920201,0.12835929316232508,0.168154825929695,0.3927405500844104,0.96875,0.060546875,-0.140625
1.0,1.0,1.0,256,26,3.648328759086138,3.648328759086138,3.4641016151377544,3.4641016151377544,1.0531817955753178,7.851205341893221,10.064574691872915,0.4101407384509138,0.16128544234393571,0.2488552961069781,0.4475853447749638,0.9765625,0.06103515625,-0.046875
1.0,1.0,1.0,256,27,3.4871065526271203,3.4871065526271203,3.4641016151377544,3.4641016151377544,1.006640953426088,7.951576624501241,10.150116408457615,0.346082722228661,0.1541569659618608,0.1919257562668002,0.42940390866157924,0.96875,0.060546875,-0.390625
1.0,1.0,1.0,256,28,3.391164991562634,3.391164991562634,3.4641016151377544,3.4641016151377544,0.978945010372561,6.039724870229583,10.612156958290086,0.4748065330235145,0.11565358680915627,0.3591529462143582,0.4287090593142724,0.9609375,0.06005859375,0.0
1.0,1.0,1.0,256,29,3.359011608252493,3.359011608252493,3.4641016151377544,3.4641016151377544,0.9696631281178274,6.728154185656981,10.488960855868166,0.40368885547006395,0.12591992867763369,0.27776892679243026,0.4135401316029926,0.96484375,0.060302734375,-0.171875
1.0,1.0,1.0,256,30,3.4169485084465347,3.4169485084465347,3.4641016151377544,3.4641016151377544,0.9863880705793486,7.275762654700894,10.340644809533016,0.37683700659400576,0.1382795992055672,0.23855740738843856,0.4165355952839899,0.9765625,0.06103515625,0.109375
1.0,1.0,1.0,256,31,3.605551275463989,3.605551275463989,3.4641016151377544,3.4641016151377544,1.0408329997330663,8.630574845261375,10.358815155062565,0.33610962728758653,0.13676540374478086,0.19934422354280568,0.4151698419953428,0.96875,0.060546875,0.0
1.0,1.0,1.0,256,32,3.33644060901734,3.33644060901734,3.4641016151377544,3.4641016151377544,0.9631474418756802,7.135244183705869,10.73302325715953,0.3590235946912176,0.10558139523670607,0.2534421994545115,0.3778701271143801,0.98046875,0.061279296875,0.34375
1.0,1.0,1.0,256,33,3.2774904056877117,3.2774904056877117,3.4641016151377544,3.4641016151377544,0.9461299839951081,7.3765979890156474,10.080564015449895,0.3132901801630016,0.1599529987124918,0.15333718145050979,0.4230477629687,0.9765625,0.06103515625,-0.265625
1.0,1.0,1.0,256,34,3.4998604882909263,3.4998604882909263,3.4641016151377544,3.4641016151377544,1.0103226975204507,7.432031324520518,10.006555127196325,0.39325519602096703,0.16612040606696865,0.22713478995399838,0.4484649339563707,0.984375,0.0615234375,-0.03125
1.0,1.0,1.0,256,35,3.518783303572415,3.518783303572415,3.4641016151377544,3.4641016151377544,1.0157852437687473,7.530130956504786,10.562985173780074,0.39184051585606905,0.11975123551833511,0.27208928033773394,0.4214023790153183,0.97265625,0.060791015625,0.34375
1.0,1.0,1.0,256,36,3.4901857378046515,3.4901857378046515,3.4641016151377544,3.4641016151377544,1.0075298376216542,7.128402481624014,10.201891734012012,0.41481237469221444,0.14984235549899616,0.2649700191932183,0.4418346305852106,0.97265625,0.060791015625,0.078125
1.0,1.0,1.0,256,37,3.2673440451496685,3.2673440451496685,3.4641016151377544,3.4641016151377544,0.943200982001141,6.889033714447312,11.812122567332331,0.35468973187330044,0.015656452722285774,0.33903327915101467,0.31437586349170016,0.9765625,0.06103515625,-0.109375
1.0,1.0,1.0,256,38,3.334830392988525,3.334830392988525,3.4641016151377544,3.4641016151377544,0.9626826125468353,7.491615184953574,9.786786546557376,0.3263598569202266,0.1844344544535571,0.14192540246666951,0.44107136777382555,0.97265625,0.060791015625,-0.0625
1.0,1.0,1.0,256,39,3.550968177835448,3.550968177835448,3.4641016151377544,3.4641016151377544,1.0250762166785454,8.383967232726421,9.6794945734285,0.3351004920762194,0.19337545221428876,0.14172503986193064,0.45807975991279015,0.96875,0.060546875,-0.125
1.0,1.0,1.0,256,40,3.515590277606308,3.515590277606308,3.4641016151377544,3.4641016151377544,1.0148634965682166,7.726789100884496,9.756759030526872,0.3748236378551103,0.18693674745609135,0.18788689039901896,0.45621166160436616,0.9609375,0.06005859375,-0.125
1.0,1.0,1.0,256,41,3.549730403495454,3.549730403495454,3.4641016151377544,3.4641016151377544,1.0247189020043497,7.785240207526389,10.259148164121177,0.3821525247998898,0.14507098632323867,0.23708153847665114,0.43642985177396476,0.953125,0.0595703125,0.15625
1.0,1.0,1.0,256,42,3.534981435594818,3.534981435594818,3.4641016151377544,3.4641016151377544,1.020461241710499,6.999862714255129,10.367044275953607,0.439835931588211,0.13607964367054182,0.3037562879176692,0.4280704851671129,0.953125,0.0595703125,-0.0625
1.0,1.0,1.0,256,43,3.461845606031557,3.461845606031557,3.4641016151377544,3.4641016151377544,0.9993487462676214,7.089498716153128,10.011700070278657,0.4084381775308994,0.1656916608101171,0.2427465167207823,0.4461477376043079,0.97265625,0.060791015625,0.125
1.0,1.0,1.0,256,44,3.2185982973959333,3.2185982973959333,3.4641016151377544,3.4641016151377544,0.9291292967074066,6.362777379282801,9.980816876652987,0.3857952454387643,0.16826526027891653,0.21752998515984778,0.4385498423357481,0.95703125,0.059814453125,-0.125
1.0,1.0,1.0,256,45,3.4390621450476875,3.4390621450476875,3.4641016151377544,3.4641016151377544,0.9927717276015672,7.570303137318905,11.272192264011585,0.35992152484398,0.060650644665704356,0.29927088017827563,0.3758008586569053,0.96875,0.060546875,-0.21875
1.0,1.0,1.0,256,46,3.4072532926097527,3.4072532926097527,3.4641016151377544,3.4641016151377544,0.9835893028427398,7.035291375877366,10.441051089550191,0.393999127784453,0.12991240920413683,0.2640867185803162,0.4054244149546153,0.984375,0.0615234375,-0.375
1.0,1.0,1.0,256,47,3.33655036817594,3.33655036817594,3.4641016151377544,3.4641016151377544,0.9631791266155619,7.124159434315685,10.66328500283238,0.3600614697042249,0.11139291643063653,0.2486685532735884,0.3848003706222519,0.9765625,0.06103515625,-0.234375
1.0,1.0,1.0,256,48,3.3738062124809423,3.3738062124809423,3.4641016151377544,3.4641016151377544,0.973933962484752,6.905726116204057,9.814149241914397,0.39330686202149545,0.18215422984047536,0.2111526321810201,0.4600567529134788,0.98046875,0.061279296875,0.234375
1.0,1.0,1.0,256,49,3.239767545673609,3.239767545673609,3.4641016151377544,3.4641016151377544,0.9352403323032358,6.8808420289505845,10.541303267726411,0.34443782679145907,0.12155806102279476,0.2228797657686643,0.3867147991391372,0.9765625,0.06103515625,0.0625
1.0,1.0,1.0,256,50,3.4169485084465347,3.4169485084465347,3.4641016151377544,3.4641016151377544,0.9863880705793486,6.811171956698273,11.396000370846002,0.41662881177182265,0.05033330242950951,0.36629550934231314,0.3628155329770552,0.95703125,0.059814453125,-0.109375
1.0,1.0,1.0,512,1,3.408650243773186,3.408650243773186,3.4641016151377544,3.4641016151377544,0.9839925679078663,8.161946130007866,9.938373105914579,0.29752828584160407,0.17180224117377696,0.1257260446678271,0.43003311855312065,0.921875,0.115234375,-0.078125
1.0,1.0,1.0,512,2,3.6314597615834874,3.6314597615834874,3.4641016151377544,3.4641016151377544,1.0483121354507603,8.734982042626394,9.335471992935375,0.33763169345013133,0.22204400058872287,0.11558769286140846,0.48548978070208787,0.9453125,0.1181640625,0.0
1.0,1.0,1.0,512,3,3.2643818656590637,3.2643818656590637,3.4641016151377544,3.4641016151377544,0.9423458744379967,7.222992341177216,9.255193795250586,0.322178654582152,0.22873385039579153,0.09344480418636048,0.4826403928371643,0.947265625,0.118408203125,0.0078125
1.0,1.0,1.0,512,4,3.481220545207528,3.481220545207528,3.4641016151377544,3.4641016151377544,1.004941809442011,8.111918441550817,9.484336022921363,0.3306388537925392,0.20963866475655413,0.12100018903598508,0.4697371344093655,0.931640625,0.116455078125,0.078125
1.0,1.0,1.0,512,5,3.3212498676844158,3.3212498676844158,3.4641016151377544,3.4641016151377544,0.9587622525768033,7.6139425564496275,9.43949721811282,0.30974987221128725,0.2133752318239298,0.09637464038735744,0.4701209519118881,0.935546875,0.116943359375,0.0234375
1.0,1.0,1.0,512,6,3.344616929088255,3.344616929088255,3.4641016151377544,3.4641016151377544,0.9655077421726418,7.799626842118135,9.166370008433152,0.3027619848358867,0.2361358326305697,0.06662615220531698,0.48719599429006305,0.943359375,0.117919921875,0.1796875
1.0,1.0,1.0,512,7,3.3794819776853373,3.3794819776853373,3.4641016151377544,3.4641016151377544,0.9755724147690592,7.950649512238674,9.448575041285638,0.303850782340111,0.21261874655952895,0.09123203578058203,0.46705159372837574,0.943359375,0.117919921875,-0.28125
1.0,1.0,1.0,512,8,3.5188873752046965,3.5188873752046965,3.4641016151377544,3.4641016151377544,1.0158152866612036,7.898660871472483,9.503701032851474,0.3621144949712871,0.20802491392904487,0.15408958104224224,0.47169335431791853,0.939453125,0.117431640625,0.234375
1.0,1.0,1.0,512,9,3.5249875332226352,3.5249875332226352,3.4641016151377544,3.4641016151377544,1.0175762505980817,9.1188901273531,9.39975290696006,0.26611702600180187,0.2166872577533261,0.04942976824847578,0.4707348705371945,0.927734375,0.115966796875,-0.109375
1.0,1.0,1.0,512,10,3.3768712260528604,3.3768712260528604,3.4641016151377544,3.4641016151377544,0.9748187556901603,7.6098200707956645,9.625006601100823,0.33266271635908296,0.19791611657493735,0.1347465997841456,0.4554404945329499,0.93359375,0.11669921875,0.0546875
1.0,1.0,1.0,512,11,3.5300658274448296,3.5300658274448296,3.4641016151377544,3.4641016151377544,1.0190422278661857,8.052843785582606,9.887645531750604,0.3537751322055699,0.1760295390207841,0.17774559318478578,0.4414217956589023,0.94140625,0.11767578125,0.0859375
1.0,1.0,1.0,512,12,3.5485523979636753,3.5485523979636753,3.4641016151377544,3.4641016151377544,1.02437884109891,8.76154741333848,9.331040392529193,0.30420969885203575,0.22241330062256948,0.08179639822946627,0.4794266581865383,0.943359375,0.117919921875,-0.0390625
1.0,1.0,1.0,512,13,3.325446398605757,3.325446398605757,3.4641016151377544,3.4641016151377544,0.9599736867053528,7.648964125260141,9.633477226911033,0.3083239787825517,0.19721023109074898,0.11111374769180271,0.4517056191859323,0.931640625,0.116455078125,-0.0625
1.0,1.0,1.0,512,14,3.5482169818093143,3.5482169818093143,3.4641016151377544,3.4641016151377544,1.0242820147954046,8.210340110185898,9.971593193295533,0.3478600470966212,0.16903390055871415,0.17882614653790707,0.4429908033912354,0.9375,0.1171875,0.1875
1.0,1.0,1.0,512,15,3.481220545207528,3.481220545207528,3.4641016151377544,3.4641016151377544,1.004941809442011,8.113087605865887,9.20036967339156,0.33054237930605623,0.2333025272173822,0.09723985208867403,0.4913766389616825,0.943359375,0.117919921875,0.078125
1.0,1.0,1.0,512,16,3.4169485084465347,3.4169485084465347,3.4641016151377544,3.4641016151377544,0.9863880705793486,8.106773717981149,9.558385321899607,0.3056616032275101,0.20346788984169983,0.10219371338581029,0.4575526221249865,0.947265625,0.118408203125,0.109375
1.0,1.0,1.0,512,17,3.6463541294695996,3.6463541294695996,3.4641016151377544,3.4641016151377544,1.0526117691049885,8.736833821815429,9.235765301267977,0.34289255721344114,0.23035289156100003,0.11253966565244111,0.4908244938116756,0.9296875,0.1162109375,-0.28125
1.0,1.0,1.0,512,18,3.508882423133468,3.508882423133468,3.4641016151377544,3.4641016151377544,1.0129271057754272,8.365746633697544,9.579226217955927,0.32053502386180843,0.2017311485036718,0.11880387535813663,0.4704204958521031,0.92578125,0.11572265625,-0.015625
1.0,1.0,1.0,512,19,3.5266493814065214,3.5266493814065214,3.4641016151377544,3.4641016151377544,1.0180559848462412,8.043555304994346,9.365141159585342,0.3532692905942555,0.21957157003454453,0.13369772055971096,0.48115260780731844,0.931640625,0.116455078125,-0.015625
1.0,1.0,1.0,512,20,3.3815673227948233,3.3815673227948233,3.4641016151377544,3.4641016151377544,0.9761744020492167,7.951368202672821,9.69445048810215,0.3046462701955607,0.19212912599148357,0.1125171442040771,0.4474554029530134,0.943359375,0.117919921875,0.3984375
1.0,1.0,1.0,512,21,3.390841006944295,3.390841006944295,3.4641016151377544,3.4641016151377544,0.9788514840692553,7.640111984330195,9.184504177780564,0.33551547536221515,0.2346246518516284,0.10089082351058676,0.48892676660121887,0.958984375,0.119873046875,-0.046875
1.0,1.0,1.0,512,22,3.3760125795826057,3.3760125795826057,3.4641016151377544,3.4641016151377544,0.9745708858047902,7.777866221879063,9.196227546921325,0.31757904111008817,0.23364770442321958,0.08393133668686859,0.4905217445675024,0.947265625,0.118408203125,-0.40625
1.0,1.0,1.0,512,23,3.5720045224766652,3.5720045224766652,3.4641016151377544,3.4641016151377544,1.0311488862992317,7.820229662064322,9.628642242843487,0.3870916933356525,0.19761314642971106,0.18947854690594146,0.47230393748062943,0.947265625,0.118408203125,-0.1484375
1.0,1.0,1.0,512,24,3.3717794240393304,3.3717794240393304,3.4641016151377544,3.4641016151377544,0.9733488790585744,7.405056461201998,9.187559213520966,0.3486565321991242,0.23437006553992357,0.11428646665920061,0.49101061340324453,0.955078125,0.119384765625,-0.078125
1.0,1.0,1.0,512,25,3.5257060324626823,3.5257060324626823,3.4641016151377544,3.4641016151377544,1.0177836634629085,8.60469564095446,9.278952280354032,0.3077813182492751,0.22675397663716357,0.08102734161211156,0.48482759078621573,0.962890625,0.120361328125,-0.1953125
1.0,1.0,1.0,512,26,3.4531515129072674,3.4531515129072674,3.4641016151377544,3.4641016151377544,0.9968389777647872,8.756404738808948,9.701871875029548,0.2656644405623989,0.1915106770808731,0.0741537634815258,0.44478483365049565,0.939453125,0.117431640625,-0.2109375
1.0,1.0,1.0,512,27,3.468178091930077,3.468178091930077,3.4641016151377544,3.4641016151377544,1.0011767774866964,8.27818078654175,9.558686652677062,0.3117723358246519,0.2034427789435852,0.10832955688106671,0.4620299134760407,0.943359375,0.117919921875,0.0546875
1.0,1.0,1.0,512,28,3.3447355440116637,3.3447355440116637,3.4641016151377544,3.4641016151377544,0.9655419833516218,7.681477966836504,9.411032728528475,0.31337246028932364,0.2157472726226225,0.09762518766670114,0.47634745701733033,0.9375,0.1171875,0.015625
1.0,1.0,1.0,512,29,3.569483287185976,3.569483287185976,3.4641016151377544,3.4641016151377544,1.0304210683623467,8.553990013370903,9.620668669043491,0.3286360256233767,0.19827761091303298,0.1303584147103437,0.47326718894277175,0.939453125,0.117431640625,-0.09375
1.0,1.0,1.0,512,30,3.399470029927459,3.399470029927459,3.4641016151377544,3.4641016151377544,0.9813424684403419,8.0707231010791,9.521063326321277,0.3016228621100667,0.20657805613989455,0.09504480597017217,0.46240137392527925,0.9609375,0.1201171875,0.078125
1.0,1.0,1.0,512,31,3.5705689185819884,3.5705689185819884,3.4641016151377544,3.4641016151377544,1.030734463151711,8.968257489947733,9.440963583949756,0.29655000878353655,0.21325303467085577,0.08329697411268078,0.47271934295643603,0.93359375,0.11669921875,0.1796875
1.0,1.0,1.0,512,32,3.397458551531571,3.397458551531571,3.4641016151377544,3.4641016151377544,0.9807618046436744,7.495885996208149,9.221762321226647,0.35059647961106244,0.23151980656444204,0.1190766730466204,0.4895916160346424,0.94921875,0.11865234375,0.140625
1.0,1.0,1.0,512,33,3.4750699043103794,3.4750699043103794,3.4641016151377544,3.4641016151377544,1.0031662723531825,8.161365983247595,9.482483922603587,0.3241726503271153,0.20979300644970278,0.1143796438774125,0.46621333559153016,0.935546875,0.116943359375,0.1328125
1.0,1.0,1.0,512,34,3.5679012645522787,3.5679012645522787,3.4641016151377544,3.4641016151377544,1.0299643777656322,8.765490666830758,9.677916525028515,0.31142606891140434,0.19350695624763858,0.11791911266376576,0.45618083987426156,0.9375,0.1171875,0.2265625
1.0,1.0,1.0,512,35,3.513567106032522,3.513567106032522,3.4641016151377544,3.4641016151377544,1.0142794572418454,7.945670397597869,9.421865579207616,0.3563733169475214,0.21484453506603474,0.14152878188148665,0.4799854538132622,0.9453125,0.1181640625,0.3515625
1.0,1.0,1.0,512,36,3.557802549942169,3.557802549942169,3.4641016151377544,3.4641016151377544,1.027049129966324,8.54890439194275,9.261931086658672,0.3246222078539258,0.22817240944509232,0.0964497984088335,0.48533038233713593,0.947265625,0.118408203125,0.171875
1.0,1.0,1.0,512,37,3.3492124628177518,3.3492124628177518,3.4641016151377544,3.4641016151377544,0.9668343584905392,7.766587891283355,9.551058310350797,0.3076194424359898,0.20407847413744518,0.10354096829854464,0.4538625106294592,0.935546875,0.116943359375,0.0390625
1.0,1.0,1.0,512,38,3.4898009882370085,3.4898009882370085,3.4641016151377544,3.4641016151377544,1.0074187699884294,7.974915701027722,9.835353277549297,0.3451757134269595,0.18038722687089048,0.16478848655606904,0.44292952686308784,0.958984375,0.119873046875,-0.09375
1.0,1.0,1.0,512,39,3.3984195401824286,3.3984195401824286,3.4641016151377544,3.4641016151377544,0.9810392181718047,7.704674493222359,9.707384319988904,0.3328856064170047,0.19105130666759518,0.14183429974940953,0.45291906943862964,0.921875,0.115234375,0.2109375
1.0,1.0,1.0,512,40,3.390264957842528,3.390264957842528,3.4641016151377544,3.4641016151377544,0.9786851930172695,7.440039400402973,10.13515828899875,0.3526965019637083,0.1554034759167724,0.19729302604693588,0.42467427413270503,0.93359375,0.11669921875,-0.078125
1.0,1.0,1.0,512,41,3.628096737616019,3.628096737616019,3.4641016151377544,3.4641016151377544,1.047341314054306,8.252725374684497,9.275421414017766,0.3730402267470194,0.22704821549850862,0.1459920112485108,0.49290589481597297,0.947265625,0.118408203125,-0.15625
1.0,1.0,1.0,512,42,3.548345991774724,3.548345991774724,3.4641016151377544,3.4641016151377544,1.0243192567645334,8.428610301149364,9.28570166189511,0.3305717220472876,0.2261915281753879,0.10438019387189967,0.48571004004003754,0.9453125,0.1181640625,0.0546875
1.0,1.0,1.0,512,43,3.29297570061544,3.29297570061544,3.4641016151377544,3.4641016151377544,0.9506002035926104,8.193897966354035,9.431576707038438,0.24436250496307899,0.2140352744134696,0.030327230549609396,0.4627970042789639,0.939453125,0.117431640625,-0.0078125
1.0,1.0,1.0,512,44,3.586328954668513,3.586328954668513,3.4641016151377544,3.4641016151377544,1.0352839936902076,7.976235155236424,9.358498036911298,0.3798486345679787,0.2201251635907303,0.15972347097724837,0.48934292185169986,0.9296875,0.1162109375,-0.2109375
1.0,1.0,1.0,512,45,3.5205087606188044,3.5205087606188044,3.4641016151377544,3.4641016151377544,1.0162833403138514,8.239805628954317,9.40890222170752,0.335176888823727,0.2159248148576952,0.11925207396603177,0.4774237157925731,0.923828125,0.115478515625,-0.2734375
1.0,1.0,1.0,512,46,3.2547947653951623,3.2547947653951623,3.4641016151377544,3.4641016151377544,0.939578316978941,7.582095301620742,9.145860879540288,0.2842818656671242,0.23784492670498103,0.04643693896214318,0.48876225067673124,0.9375,0.1171875,-0.0078125
1.0,1.0,1.0,512,47,3.5794552658190883,3.5794552658190883,3.4641016151377544,3.4641016151377544,1.033299730636437,8.442455300449014,9.712144216927243,0.34107665947715016,0.1906546485893853,0.15042201088776486,0.46126112686197185,0.923828125,0.115478515625,0.25
1.0,1.0,1.0,512,48,3.358748124650574,3.358748124650574,3.4641016151377544,3.4641016151377544,0.9695870669535799,7.899076418172143,9.61431948328974,0.2998010721397796,0.198806709725856,0.10099436241392357,0.45545709406815243,0.947265625,0.118408203125,-0.0078125
1.0,1.0,1.0,512,49,3.353956385748032,3.353956385748032,3.4641016151377544,3.4641016151377544,0.9682038110809453,7.863946210131718,9.526215339598453,0.30092187523440583,0.20614872170014742,0.09477315353425841,0.4634715568325129,0.9375,0.1171875,0.03125
1.0,1.0,1.0,512,50,3.5608206019645245,3.5608206019645245,3.4641016151377544,3.4641016151377544,1.0279203665400918,8.752465442195138,9.336265872502441,0.3097121699965094,0.2219778439581458,0.08773432603836362,0.4813367888396668,0.939453125,0.117431640625,0.265625
1.0,1.0,1.0,1024,1,3.434477986257291,3.434477986257291,3.4641016151377544,3.4641016151377544,0.9914483949457455,8.391456987874758,9.139234155695366,0.2885966618018494,0.23839715369205738,0.05019950810979201,0.4893161322430722,0.890625,0.22265625,0.03515625
1.0,1.0,1.0,1024,2,3.439184157747072,3.439184157747072,3.4641016151377544,3.4641016151377544,0.9928069496339842,8.226058649827028,9.175333167154925,0.3045259363884518,0.23538890273709923,0.0691370336513526,0.48748113491276596,0.8857421875,0.221435546875,-0.01171875
1.0,1.0,1.0,1024,3,3.5235132856317484,3.5235132856317484,3.4641016151377544,3.4641016151377544,1.0171506719763563,9.024813101018898,9.181975395561388,0.2730803816085825,0.234835383703225,0.038244997905357514,0.4855180404076814,0.8916015625,0.222900390625,-0.08203125
1.0,1.0,1.0,1024,4,3.415910094317609,3.415910094317609,3.4641016151377544,3.4641016151377544,0.9860883062409158,7.977811149379842,9.157073654461051,0.31629164331020365,0.23691052879491703,0.07938111451528662,0.49216524561958275,0.873046875,0.21826171875,0.05859375
1.0,1.0,1.0,1024,5,3.5027542176657214,3.5027542176657214,3.4641016151377544,3.4641016151377544,1.0111580452372007,8.690592385190824,9.0691722103984,0.2916791083525696,0.24423564913346418,0.04744345921910542,0.49658738667507796,0.89453125,0.2236328125,0.109375
1.0,1.0,1.0,1024,6,3.4795874305042886,3.4795874305042886,3.4641016151377544,3.4641016151377544,1.0044703698352446,8.543299756940355,9.110383795738558,0.2943812087391814,0.24080135035512062,0.05357985838406076,0.49457068569342194,0.8701171875,0.217529296875,-0.04296875
1.0,1.0,1.0,1024,7,3.5717717033127885,3.5717717033127885,3.4641016151377544,3.4641016151377544,1.0310816771957634,8.910868486936662,9.435156803619238,0.30152213228668456,0.21373693303171626,0.0877851992549683,0.4701640393955853,0.8896484375,0.222412109375,-0.08984375
1.0,1.0,1.0,1024,8,3.3840639825638545,3.3840639825638545,3.4641016151377544,3.4641016151377544,0.9768951256440793,8.444475247942025,9.161094941419984,0.26261289994533255,0.23657542154832145,0.026037478397011093,0.4868069939612262,0.8837890625,0.220947265625,0.03515625
1.0,1.0,1.0,1024,9,3.3783778488571166,3.3783778488571166,3.4641016151377544,3.4641016151377544,0.9752536802309626,8.376454751938708,9.066237383072814,0.26608831039002456,0.2444802180772575,0.021608092312767058,0.4947469057653553,0.9013671875,0.225341796875,-0.19921875
1.0,1.0,1.0,1024,10,3.445932483899496,3.445932483899496,3.4641016151377544,3.4641016151377544,0.994755023594325,8.350758053708896,9.132491475823699,0.29674573786839153,0.23895904368135057,0.057786694187040966,0.4910953733798601,0.8935546875,0.223388671875,0.0234375
1.0,1.0,1.0,1024,11,3.4806156148867906,3.4806156148867906,3.4641016151377544,3.4641016151377544,1.0047671811002516,8.492446639949572,9.14697559338942,0.2989956735255519,0.23775203388421406,0.06124363964133783,0.4909322696098782,0.8955078125,0.223876953125,0.1015625
1.0,1.0,1.0,1024,12,3.4300856652419687,3.4300856652419687,3.4641016151377544,3.4641016151377544,0.9901804410854637,8.67567978488298,9.05085136249064,0.26261621893140896,0.24576238645911097,0.01685383247229799,0.4962376790273354,0.8798828125,0.219970703125,-0.01171875
1.0,1.0,1.0,1024,13,3.2670731687312653,3.2670731687312653,3.4641016151377544,3.4641016151377544,0.9431227867145999,7.748688052845538,9.233406901601022,0.27404373848305796,0.23054942486658414,0.04349431361647382,0.4803673393691763,0.892578125,0.22314453125,0.1171875
1.0,1.0,1.0,1024,14,3.3564099378500294,3.3564099378500294,3.4641016151377544,3.4641016151377544,0.9689120905642248,7.444689045350387,9.131347358203296,0.3391596295842678,0.23905438681639046,0.10010524276787736,0.49253377154701655,0.8779296875,0.219482421875,0.01171875
1.0,1.0,1.0,1024,15,3.5641250919262695,3.5641250919262695,3.4641016151377544,3.4641016151377544,1.0288742906245658,8.790789551257541,9.179368631768472,0.3079746450989195,0.23505261401928756,0.07292203107963191,0.49294564101148164,0.8916015625,0.222900390625,0.01171875
1.0,1.0,1.0,1024,16,3.5442842272585517,3.5442842272585517,3.4641016151377544,3.4641016151377544,1.023146726346135,8.810819717950524,9.146158852714988,0.2986105470500139,0.23782009560706452,0.06079045144294937,0.49326352999812767,0.8984375,0.224609375,-0.0234375
1.0,1.0,1.0,1024,17,3.68629979143636,3.68629979143636,3.4641016151377544,3.4641016151377544,1.0641430884497218,9.102464996929067,9.258928103758915,0.33014976482248914,0.22842265802010608,0.10172710680238306,0.49163724470029957,0.88671875,0.2216796875,-0.0703125
1.0,1.0,1.0,1024,18,3.2972730061891675,3.2972730061891675,3.4641016151377544,3.4641016151377544,0.9518407288575013,8.073884148247233,9.29010920160023,0.25736964140819385,0.22582423319997835,0.0315454082082155,0.47633523721112364,0.884765625,0.22119140625,0.0546875
1.0,1.0,1.0,1024,19,3.375,3.375,3.4641016151377544,3.4641016151377544,0.9742785792574935,8.113679086909297,9.231997151268395,0.287687981396166,0.23066690406096046,0.05702107733520556,0.4816481553479484,0.88671875,0.2216796875,0.125
1.0,1.0,1.0,1024,20,3.320588223845852,3.320588223845852,3.4641016151377544,3.4641016151377544,0.9585712524526521,8.507728121513095,9.165493991949516,0.22841539097799368,0.2362088340042091,-0.00779344302621543,0.48661136070788946,0.8798828125,0.219970703125,-0.0703125
1.0,1.0,1.0,1024,21,3.5275470594785743,3.5275470594785743,3.4641016151377544,3.4641016151377544,1.018315122184514,8.775943711421498,9.208354152111015,0.294741715147928,0.23263715399075757,0.062104561157170446,0.48730897264248924,0.890625,0.22265625,-0.09765625
1.0,1.0,1.0,1024,22,3.3561303371358733,3.3561303371358733,3.4641016151377544,3.4641016151377544,0.968831376790433,8.058567385014275,9.109314939181793,0.2845484898583318,0.2408904217348612,0.04365806812347062,0.49276476864115376,0.8896484375,0.222412109375,-0.1328125
1.0,1.0,1.0,1024,23,3.4126565862368774,3.4126565862368774,3.4641016151377544,3.4641016151377544,0.9851490993578053,8.219088266169196,9.052556594664889,0.29427017910104536,0.24562028377791123,0.04864989532313413,0.49645767351998565,0.8916015625,0.222900390625,0.16015625
1.0,1.0,1.0,1024,24,3.463881366486697,3.463881366486697,3.4641016151377544,3.4641016151377544,0.9999364196910118,8.453122018676975,9.12444771986675,0.29548358121504115,0.23962935667777396,0.05585422453726718,0.49166236068715763,0.8994140625,0.224853515625,0.0390625
1.0,1.0,1.0,1024,25,3.504322108125907,3.504322108125907,3.4641016151377544,3.4641016151377544,1.0116106562268248,8.92223160797347,9.151600913225316,0.27345008615786603,0.23736659056456189,0.03608349559330415,0.48881572936818973,0.8916015625,0.222900390625,0.03125
1.0,1.0,1.0,1024,26,3.534461257651007,3.534461257651007,3.4641016151377544,3.4641016151377544,1.020311079272556,8.725849347229289,9.083170194486211,0.3015082846648679,0.24306915045947142,0.05843913420539648,0.49727575806816154,0.8916015625,0.222900390625,0.15234375
1.0,1.0,1.0,1024,27,3.3560462250464367,3.3560462250464367,3.4641016151377544,3.4641016151377544,0.9688070957216939,8.084015798372729,9.070334420885256,0.2822531659355604,0.2441387982595694,0.03811436767599097,0.4946140487159604,0.8935546875,0.223388671875,-0.05078125
1.0,1.0,1.0,1024,28,3.4108967015425358,3.4108967015425358,3.4641016151377544,3.4641016151377544,0.9846410644067949,8.133557052523456,9.138184368030128,0.30089343048267825,0.23848463599748992,0.062408794485188324,0.4907361530272933,0.869140625,0.21728515625,0.1484375
1.0,1.0,1.0,1024,29,3.4186896561173477,3.4186896561173477,3.4641016151377544,3.4641016151377544,0.98689069661757,8.178731424768877,9.335159019908168,0.3002118385926289,0.2220700816743283,0.07814175691830061,0.47565874351124815,0.8935546875,0.223388671875,-0.0078125
1.0,1.0,1.0,1024,30,3.4468954519735493,3.4468954519735493,3.4641016151377544,3.4641016151377544,0.9950330085327128,8.05307611448418,9.13475103509133,0.3221937300355683,0.23877074707571555,0.08342298295985273,0.49315447329559353,0.8935546875,0.223388671875,0.09765625
1.0,1.0,1.0,1024,31,3.427257467713799,3.427257467713799,3.4641016151377544,3.4641016151377544,0.9893640107833584,8.179964782107639,9.138209808361886,0.30360126896589434,0.23848251596985037,0.06511875299604397,0.49222813254264913,0.880859375,0.22021484375,0.0625
1.0,1.0,1.0,1024,32,3.5178031446975186,3.5178031446975186,3.4641016151377544,3.4641016151377544,1.0155022962736122,8.523314097340718,9.100912746264129,0.31124394863240956,0.2415906044779873,0.06965334415442226,0.49603505107245344,0.873046875,0.21826171875,0.0078125
1.0,1.0,1.0,1024,33,3.3885880077878214,3.3885880077878214,3.4641016151377544,3.4641016151377544,0.9782010992345183,8.51079114850612,9.094055527699856,0.25880514816436917,0.24216203935834624,0.016643108806022933,0.49290633683202867,0.875,0.21875,-0.04296875
1.0,1.0,1.0,1024,34,3.370310598486946,3.370310598486946,3.4641016151377544,3.4641016151377544,0.9729248656445436,8.22505338431019,9.139087553657461,0.27589945690265805,0.2384093705285366,0.037490086374121434,0.48878356526337424,0.8828125,0.220703125,-0.01953125
1.0,1.0,1.0,1024,35,3.484611468993889,3.484611468993889,3.4641016151377544,3.4641016151377544,1.0059206848224396,8.833912900910919,9.569172149744512,0.2724809168026797,0.20256898752129127,0.06991192928138845,0.45614379052522785,0.884765625,0.22119140625,-0.1171875
1.0,1.0,1.0,1024,36,3.4560578608437678,3.4560578608437678,3.4641016151377544,3.4641016151377544,0.9976779681465358,8.42808623278022,9.11883918799941,0.29438637050388805,0.24009673433337497,0.05428963617051308,0.4934013930436107,0.8828125,0.220703125,-0.15625
1.0,1.0,1.0,1024,37,3.482088305147322,3.482088305147322,3.4641016151377544,3.4641016151377544,1.0051923101594271,9.146838160388972,9.146457977122646,0.24561779758972635,0.23779516857310867,0.007822629016617677,0.487795944300583,0.888671875,0.22216796875,0.0078125
1.0,1.0,1.0,1024,38,3.330872453834121,3.330872453834121,3.4641016151377544,3.4641016151377544,0.9615400539287196,7.752473029979639,9.116177513411722,0.3012460786260741,0.24031854054903146,0.06092753807704265,0.49242615690003977,0.8916015625,0.222900390625,-0.12109375
1.0,1.0,1.0,1024,39,3.3826027468169295,3.3826027468169295,3.4641016151377544,3.4641016151377544,0.976473303218161,8.097622170413269,9.081078987331594,0.29228970283877986,0.2432434177223689,0.04904628511641096,0.4940877223453869,0.8974609375,0.224365234375,0.10546875
1.0,1.0,1.0,1024,40,3.420481219428187,3.420481219428187,3.4641016151377544,3.4641016151377544,0.9874078763974616,8.094520536590675,9.111700130978324,0.3081424114399506,0.2406916557517983,0.06745075568815229,0.49411759883847745,0.8779296875,0.219482421875,0.05859375
1.0,1.0,1.0,1024,41,3.481341080355879,3.481341080355879,3.4641016151377544,3.4641016151377544,1.0049766049421847,8.356686354189563,9.099680811599086,0.31048939112305984,0.24169326570007266,0.06879612542298719,0.49486472502276396,0.8896484375,0.222412109375,0.14453125
1.0,1.0,1.0,1024,42,3.5088389366845765,3.5088389366845765,3.4641016151377544,3.4641016151377544,1.0129145523189402,8.946602738280456,9.176875953491422,0.273339946837001,0.23526033720905126,0.03807960962794976,0.487648610142499,0.8955078125,0.223876953125,-0.0234375
1.0,1.0,1.0,1024,43,3.548457796617426,3.548457796617426,3.4641016151377544,3.4641016151377544,1.0243515320425487,8.428251794247453,9.188311763897197,0.3306423781049429,0.23430735300856143,0.09633502509638148,0.49234850599067886,0.888671875,0.22216796875,-0.046875
1.0,1.0,1.0,1024,44,3.4615789296971746,3.4615789296971746,3.4641016151377544,3.4641016151377544,0.9992717634409003,8.614808898915806,9.076939278534454,0.2810525120123646,0.24358839345545713,0.037464118556907455,0.4957807243797605,0.892578125,0.22314453125,0.04296875
1.0,1.0,1.0,1024,45,3.5248057210424735,3.5248057210424735,3.4641016151377544,3.4641016151377544,1.0175237659425025,8.609455350380596,9.098461409472051,0.30704455975596423,0.24179488254399673,0.0652496772119675,0.4953090086221555,0.8994140625,0.224853515625,-0.2109375
1.0,1.0,1.0,1024,46,3.556704441526594,3.556704441526594,3.4641016151377544,3.4641016151377544,1.0267321333716584,8.67612592758074,9.144295771364199,0.31414818490069074,0.2379753523863144,0.07617283251437634,0.4942942261610997,0.8984375,0.224609375,-0.078125
1.0,1.0,1.0,1024,47,3.506635642645731,3.506635642645731,3.4641016151377544,3.4641016151377544,1.0122785161157246,8.752915223789575,9.086593832166688,0.2881779507108856,0.24278384731943314,0.045394103391452445,0.49556859433211137,0.8837890625,0.220947265625,0.01953125
1.0,1.0,1.0,1024,48,3.3850310277150713,3.3850310277150713,3.4641016151377544,3.4641016151377544,0.9771742875332661,8.270907460431472,9.370896296818273,0.27818175709532456,0.21909197526515445,0.05908978183017011,0.46966810976368,0.888671875,0.22216796875,0.1015625
1.0,1.0,1.0,1024,49,3.506635642645731,3.506635642645731,3.4641016151377544,3.4641016151377544,1.0122785161157246,8.665880261727207,9.157281361196146,0.29525598168354394,0.23689321990031065,0.0583627617832333,0.49133052931178056,0.8681640625,0.217041015625,-0.01953125
1.0,1.0,1.0,1024,50,3.41408931625624,3.41408931625624,3.4641016151377544,3.4641016151377544,0.9855626928889828,8.53243646270275,9.071690049864856,0.2679793948593414,0.24402582917793636,0.023953565681405053,0.49426172661122997,0.8876953125,0.221923828125,-0.015625
2.0,1.0,2.0,32,1,5.782516753110189,5.782516753110189,6.928203230275509,6.928203230275509,0.8346344010004221,5.166666666666667,76.26388888888889,0.8454828660436137,-0.588831018518519,1.4343138845621328,0.14119689685514053,1.0,0.0078125,-0.75
2.0,1.0,2.0,32,2,7.416198487095663,7.416198487095663,6.928203230275509,6.928203230275509,1.0704360482220943,2.8333333333333335,103.27777777777777,0.9484848484848485,-1.1516203703703702,2.1001052188552185,0.08828814192854584,1.0,0.0078125,-1.0
2.0,1.0,2.0,32,3,5.454356057317857,5.454356057317857,6.928203230275509,6.928203230275509,0.7872684844871327,2.8333333333333335,69.15277777777777,0.9047619047619048,-0.4406828703703727,1.3454447751322776,0.1769638929489424,1.0,0.0078125,-1.5
2.0,1.0,2.0,32,4,5.9107952087684446,5.9107952087684446,6.928203230275509,6.928203230275509,0.853149801226803,3.5,69.75,0.8998211091234347,-0.453125,1.3529461091234347,0.1350489296496041,0.96875,0.007568359375,1.75
2.0,1.0,2.0,32,5,7.211102550927978,7.211102550927978,6.928203230275509,6.928203230275509,1.0408329997330663,7.333333333333334,74.11111111111111,0.858974358974359,-0.5439814814814854,1.4029558404558444,0.19802607708944694,1.0,0.0078125,0.0
2.0,1.0,2.0,32,6,6.740734381356382,6.740734381356382,6.928203230275509,6.928203230275509,0.9729412024029682,1.3333333333333333,85.59027777777777,0.9706556625401193,-0.7831307870370354,1.7537864495771547,0.1183641980575678,1.0,0.0078125,-0.75
2.0,1.0,2.0,32,7,6.959705453537527,6.959705453537527,6.928203230275509,6.928203230275509,1.0045469542700995,3.666666666666667,71.65972222222223,0.9243010752688172,-0.4929108796296304,1.4172119548984476,0.22402095498173372,1.0,0.0078125,1.25
2.0,1.0,2.0,32,8,4.943429983321297,4.943429983321297,6.928203230275509,6.928203230275509,0.7135226578976546,6.066666666666668,63.76638888888888,0.7517476555839726,-0.3284664351851905,1.080214090769163,0.10055866356474315,1.0,0.0078125,1.25
2.0,1.0,2.0,32,9,6.777720855862979,6.777720855862979,6.928203230275509,6.928203230275509,0.978279740156158,11.999999999999998,74.52083333333331,0.7387755102040816,-0.5525173611111065,1.291292871315188,0.16648668101301103,0.96875,0.007568359375,-0.25
2.0,1.0,2.0,32,10,9.666307464590602,9.666307464590602,6.928203230275509,6.928203230275509,1.3952113041877683,15.666666666666668,151.21527777777777,0.8323299888517279,-2.1503182870370297,2.9826482758887574,0.05740168736622861,1.0,0.0078125,-0.75
2.0,1.0,2.0,32,11,9.324028099485759,9.324028099485759,6.928203230275509,6.928203230275509,1.3458075332924344,12.166666666666664,157.51388888888889,0.860052719865804,-2.2815393518518516,3.1415920717176555,0.07380698992297928,1.0,0.0078125,1.75
2.0,1.0,2.0,32,12,6.118619125260208,6.118619125260208,6.928203230275509,6.928203230275509,0.8831465997594435,4.333333333333333,90.54861111111111,0.884251530328325,-0.8864293981481495,1.7706809284764744,-0.007474142155514569,1.0,0.0078125,-0.75
2.0,1.0,2.0,32,13,6.855654600401044,6.855654600401044,6.928203230275509,6.928203230275509,0.9895285072531598,5.833333333333333,81.61111111111111,0.875886524822695,-0.7002314814814821,1.576118006304177,0.2474843988610658,1.0,0.0078125,1.0
2.0,1.0,2.0,32,14,5.267826876426369,5.267826876426369,6.928203230275509,6.928203230275509,0.7603453162872774,2.6666666666666674,55.47222222222223,0.9039039039039038,-0.15567129629629917,1.059575200200203,0.2460935096744242,1.0,0.0078125,0.5
2.0,1.0,2.0,32,15,7.344215410784191,7.344215410784191,6.928203230275509,6.928203230275509,1.0600461861007127,6.833333333333333,91.98611111111111,0.8733101583623021,-0.9163773148148096,1.7896874731771115,0.20078884012332324,1.0,0.0078125,0.25
2.0,1.0,2.0,32,16,6.304760106459246,6.304760106459246,6.928203230275509,6.928203230275509,0.9100137361600649,8.333333333333334,84.44444444444444,0.790356394129979,-0.7592592592592611,1.5496156533892402,-0.012327841818038724,0.96875,0.007568359375,-0.5
2.0,1.0,2.0,32,17,5.141740950300783,5.141740950300783,6.928203230275509,6.928203230275509,0.7421463804398699,6.666666666666667,47.201388888888886,0.747832939322301,0.01663773148148051,0.7311952078408205,0.3394522319057622,0.96875,0.007568359375,-2.75
2.0,1.0,2.0,32,18,8.351646544245034,8.351646544245034,6.928203230275509,6.928203230275509,1.2054563451241196,9.0,114.5,0.8709677419354839,-1.3854166666666665,2.2563844086021505,0.11631681318537329,1.0,0.0078125,1.5
2.0,1.0,2.0,32,19,6.036348233824818,6.036348233824818,6.928203230275509,6.928203230275509,0.8712718194302703,6.7666666666666675,68.99055555555556,0.8142938822184105,-0.4373032407407358,1.2515971229591463,0.1769022456883464,1.0,0.0078125,-1.25
2.0,1.0,2.0,32,20,6.359048670988452,6.359048670988452,6.928203230275509,6.928203230275509,0.9178496154962787,9.0,83.90972222222223,0.777434312210201,-0.7481192129629648,1.5255535251731658,0.12662224125120145,1.0,0.0078125,-1.25
2.0,1.0,2.0,32,21,6.928203230275509,6.928203230275509,6.928203230275509,6.928203230275509,1.0,10.400000000000002,103.99555555555554,0.7833333333333333,-1.1665740740740622,1.9499074074073954,0.033457035831357576,1.0,0.0078125,0.0
2.0,1.0,2.0,32,22,6.15934249737746,6.15934249737746,6.928203230275509,6.928203230275509,0.8890245122229946,3.933333333333334,93.07527777777779,0.8963207029104887,-0.9390682870370348,1.8353889899475235,0.10600304481556198,1.0,0.0078125,0.25
2.0,1.0,2.0,32,23,6.557438524302,6.557438524302,6.928203230275509,6.928203230275509,0.9464847243000456,3.6666666666666665,61.38888888888889,0.9147286821705426,-0.2789351851851902,1.193663867355733,0.3009558050246959,1.0,0.0078125,-1.0
2.0,1.0,2.0,32,24,7.14142842854285,7.14142842854285,6.928203230275509,6.928203230275509,1.0307764064044154,9.666666666666666,84.22222222222223,0.8104575163398693,-0.7546296296296271,1.5650871459694964,0.09055118559371013,1.0,0.0078125,-1.0
2.0,1.0,2.0,32,25,9.324028099485759,9.324028099485759,6.928203230275509,6.928203230275509,1.3458075332924344,15.333333333333332,112.59027777777777,0.8236280853103284,-1.345630787037034,2.1692588723473625,0.1329262672437792,1.0,0.0078125,1.75
2.0,1.0,2.0,32,26,8.511022265274601,8.511022265274601,6.928203230275509,6.928203230275509,1.2284602489837975,6.600000000000002,107.81416666666667,0.9088869715271786,-1.246128472222217,2.1550154437493956,0.26666654563232833,1.0,0.0078125,1.25
2.0,1.0,2.0,32,27,6.199798383818623,6.199798383818623,6.928203230275509,6.928203230275509,0.8948638164547722,4.000000000000001,116.70138888888889,0.8959349593495934,-1.4312789351851838,2.3272138945347773,0.030181880760645246,1.0,0.0078125,-2.75
2.0,1.0,2.0,32,28,7.310095758606723,7.310095758606723,6.928203230275509,6.928203230275509,1.0551214385083834,7.500000000000001,128.72222222222223,0.8596491228070176,-1.6817129629629597,2.5413620857699772,0.12089831801967911,1.0,0.0078125,-0.75
2.0,1.0,2.0,32,29,6.359048670988452,6.359048670988452,6.928203230275509,6.928203230275509,0.9178496154962787,2.8333333333333335,86.11111111111111,0.9299330242143226,-0.7939814814814816,1.723914505695804,0.11969117504017493,1.0,0.0078125,1.25
2.0,1.0,2.0,32,30,6.614378277661476,6.614378277661476,6.928203230275509,6.928203230275509,0.9547032697824667,3.5,83.625,0.92,-0.7421875,1.6621875,0.10352417342263842,1.0,0.0078125,0.5
2.0,1.0,2.0,32,31,7.483314773547883,7.483314773547883,6.928203230275509,6.928203230275509,1.0801234497346435,6.333333333333335,82.0,0.8869047619047619,-0.7083333333333286,1.5952380952380905,0.2224072182390068,0.96875,0.007568359375,-2.0
2.0,1.0,2.0,32,32,7.211102550927978,7.211102550927978,6.928203230275509,6.928203230275509,1.0408329997330663,11.0,73.0,0.7884615384615384,-0.5208333333333333,1.3092948717948718,0.18540496217739158,1.0,0.0078125,0.0
2.0,1.0,2.0,32,33,6.855654600401044,6.855654600401044,6.928203230275509,6.928203230275509,0.9895285072531598,4.2666666666666675,97.71555555555555,0.9092198581560283,-1.0357407407407373,1.9449605988967655,0.24777958566732924,1.0,0.0078125,-1.0
2.0,1.0,2.0,32,34,6.614378277661476,6.614378277661476,6.928203230275509,6.928203230275509,0.9547032697824667,9.333333333333334,86.19444444444443,0.7866666666666666,-0.7957175925925934,1.58238425925926,0.11937122007271667,1.0,0.0078125,0.5
2.0,1.0,2.0,32,35,5.695392874947259,5.695392874947259,6.928203230275509,6.928203230275509,0.8220591523728692,3.666666666666667,78.82638888888889,0.8869621066152857,-0.6422164351851745,1.5291785418004602,0.17349725885890288,1.0,0.0078125,-1.25
2.0,1.0,2.0,32,36,7.310095758606723,7.310095758606723,6.928203230275509,6.928203230275509,1.0551214385083834,7.466666666666667,91.38138888888889,0.8602729044834307,-0.9037789351851833,1.764051839668614,0.21136432131579252,1.0,0.0078125,0.75
2.0,1.0,2.0,32,37,6.928203230275509,6.928203230275509,6.928203230275509,6.928203230275509,1.0,7.0,90.0,0.8541666666666666,-0.875,1.7291666666666665,0.08164965809277261,1.0,0.0078125,0.0
2.0,1.0,2.0,32,38,7.729812416870153,7.729812416870153,6.928203230275509,6.928203230275509,1.1157023199163238,4.000000000000001,98.08333333333333,0.9330543933054394,-1.0434027777777675,1.9764571710832068,0.19667887986774285,1.0,0.0078125,-0.5
2.0,1.0,2.0,32,39,6.7638746292343415,6.7638746292343415,6.928203230275509,6.928203230275509,0.9762812094883319,3.5,68.375,0.9234972677595629,-0.42447916666666674,1.3479764344262297,0.2542872819425528,1.0,0.0078125,1.5
2.0,1.0,2.0,32,40,6.552671211040578,6.552671211040578,6.928203230275509,6.928203230275509,0.9457966219013473,6.166666666666667,66.22222222222223,0.856380397865114,-0.37962962962963576,1.2360100274947499,0.13622851016528187,1.0,0.0078125,-1.75
2.0,1.0,2.0,32,41,6.777720855862979,6.777720855862979,6.928203230275509,6.928203230275509,0.978279740156158,5.333333333333333,76.38194444444444,0.8839002267573697,-0.5912905092592604,1.47519073601663,0.17420142252373702,1.0,0.0078125,0.25
2.0,1.0,2.0,32,42,6.557438524302,6.557438524302,6.928203230275509,6.928203230275509,0.9464847243000456,5.0,88.0,0.8837209302325582,-0.8333333333333333,1.7170542635658914,0.15877132402714708,1.0,0.0078125,1.0
2.0,1.0,2.0,32,43,8.511022265274601,8.511022265274601,6.928203230275509,6.928203230275509,1.2284602489837975,6.166666666666667,117.80555555555556,0.9148691400632729,-1.454282407407399,2.369151547470672,0.1726657307225392,1.0,0.0078125,-1.25
2.0,1.0,2.0,32,44,7.774155902733106,7.774155902733106,6.928203230275509,6.928203230275509,1.1221027507912693,5.666666666666668,130.4513888888889,0.9062392278524647,-1.7177372685185097,2.6239764963709744,0.19594735305315905,1.0,0.0078125,1.25
2.0,1.0,2.0,32,45,6.118619125260208,6.118619125260208,6.928203230275509,6.928203230275509,0.8831465997594435,5.933333333333334,62.191944444444445,0.841513633834168,-0.2956655092592586,1.1371791430934266,0.28145449986357274,1.0,0.0078125,0.75
2.0,1.0,2.0,32,46,6.928203230275509,6.928203230275509,6.928203230275509,6.928203230275509,1.0,3.3333333333333335,74.77777777777777,0.9305555555555556,-0.5578703703703665,1.488425925925922,0.20335253340785847,1.0,0.0078125,2.0
2.0,1.0,2.0,32,47,4.795831523312719,4.795831523312719,6.928203230275509,6.928203230275509,0.6922186552431728,6.133333333333335,56.19111111111111,0.7333333333333333,-0.17064814814815343,0.9039814814814867,0.19570540323510383,0.96875,0.007568359375,-1.0
2.0,1.0,2.0,32,48,6.0,6.0,6.928203230275509,6.928203230275509,0.8660254037844387,8.666666666666666,92.72222222222223,0.7592592592592593,-0.9317129629629619,1.6909722222222212,0.0986223348598696,1.0,0.0078125,0.0
2.0,1.0,2.0,32,49,6.036348233824818,6.036348233824818,6.928203230275509,6.928203230275509,0.8712718194302703,6.433333333333334,69.63777777777779,0.8234419668381933,-0.45078703703703926,1.2742290038752326,0.1882919241431458,1.0,0.0078125,-1.25
2.0,1.0,2.0,32,50,4.795831523312719,4.795831523312719,6.928203230275509,6.928203230275509,0.6922186552431728,5.666666666666668,58.222222222222214,0.7536231884057971,-0.21296296296296235,0.9665861513687595,0.2190178227312122,1.0,0.0078125,-1.0
2.0,1.0,2.0,64,1,6.9988838395847095,6.9988838395847095,6.928203230275509,6.928203230275509,1.0102018672027884,16.47619047619047,70.37466695011338,0.6636439583808006,-0.46613889479404325,1.1297828531748437,0.25644796177667034,1.0,0.015625,0.125
2.0,1.0,2.0,64,2,6.091746465505603,6.091746465505603,6.928203230275509,6.928203230275509,0.8792678654236528,16.566666666666663,61.95118055555555,0.5535719298245615,-0.29064959490738995,0.8442215247319514,0.2479368319312459,1.0,0.015625,1.375
2.0,1.0,2.0,64,3,6.707039212648156,6.707039212648156,6.928203230275509,6.928203230275509,0.9680777237219472,14.830952380952379,67.71571570294785,0.6703088043136671,-0.410744077144759,1.0810528814584262,0.2208327464465151,1.0,0.015625,-0.125
2.0,1.0,2.0,64,4,6.782329983125268,6.782329983125268,6.928203230275509,6.928203230275509,0.978945010372561,13.283333333333335,68.55666666666666,0.711231884057971,-0.428263888888883,1.139495772946854,0.2531838191055595,1.0,0.015625,0.0
2.0,1.0,2.0,64,5,6.963072238602727,6.963072238602727,6.928203230275509,6.928203230275509,1.0050329078360238,17.107142857142854,66.04646400226758,0.6471617328852264,-0.37596800004724584,1.0231297329324722,0.172878199825265,1.0,0.015625,2.125
2.0,1.0,2.0,64,6,7.0,7.0,6.928203230275509,6.928203230275509,1.0103629710818451,18.478571428571424,73.8944671201814,0.6228862973760934,-0.5394680650037824,1.1623543623798758,0.247144888254909,1.0,0.015625,1.0
2.0,1.0,2.0,64,7,6.7627194973619895,6.7627194973619895,6.928203230275509,6.928203230275509,0.9761144805639689,14.497619047619049,60.1777196712018,0.683003888265248,-0.25370249315003846,0.9367063814152865,0.27690695309068086,1.0,0.015625,1.125
2.0,1.0,2.0,64,8,6.650892797211514,6.650892797211514,6.928203230275509,6.928203230275509,0.9599736867053528,14.255952380952383,62.80810657596372,0.6777177843938705,-0.3085022203325909,0.9862200047264614,0.30849243936657833,1.0,0.015625,-0.875
2.0,1.0,2.0,64,9,7.171994143890526,7.171994143890526,6.928203230275509,6.928203230275509,1.0351881874004036,16.832142857142856,64.3293112244898,0.6727651449401146,-0.3401939838435546,1.0129591287836692,0.2494152406772886,1.0,0.015625,-0.75
2.0,1.0,2.0,64,10,6.546707187586749,6.546707187586749,6.928203230275509,6.928203230275509,0.9449357892647169,18.716666666666665,63.41173611111111,0.5633005225422287,-0.32107783564816006,0.8843783581903888,0.2258680323478395,0.984375,0.015380859375,-0.375
2.0,1.0,2.0,64,11,6.343057228182637,6.343057228182637,6.928203230275509,6.928203230275509,0.9155414495441118,13.822222222222226,52.407415123456786,0.656457389428263,-0.09182114840535127,0.7482785378336143,0.3580102492645039,1.0,0.015625,-0.875
2.0,1.0,2.0,64,12,7.598313957714566,7.598313957714566,6.928203230275509,6.928203230275509,1.096722152218449,17.78571428571429,67.7235898526077,0.6919389135897931,-0.41090812192932646,1.1028470355191196,0.35407818194676377,0.984375,0.015380859375,1.125
2.0,1.0,2.0,64,13,7.287617923574205,7.287617923574205,6.928203230275509,6.928203230275509,1.0518770424816772,14.916666666666671,62.010763888888896,0.7191330783563792,-0.29189091435186443,1.0110239927082436,0.250267817832022,1.0,0.015625,1.375
2.0,1.0,2.0,64,14,6.628536791781426,6.628536791781426,6.928203230275509,6.928203230275509,0.9567468752670861,17.813095238095233,50.96555272108844,0.5945810472126263,-0.061782348356022476,0.6563633955686488,0.3396082101602243,1.0,0.015625,0.25
2.0,1.0,2.0,64,15,6.959705453537527,6.959705453537527,6.928203230275509,6.928203230275509,1.0045469542700995,19.859523809523807,71.31824829931972,0.5899969278033794,-0.4857968395691665,1.075793767372546,0.20169984899978483,1.0,0.015625,1.25
2.0,1.0,2.0,64,16,7.33143914930759,7.33143914930759,6.928203230275509,6.928203230275509,1.0582020916000245,13.649999999999999,68.04388888888889,0.746046511627907,-0.41758101851851825,1.1636275301464254,0.2873103334113497,1.0,0.015625,0.5
2.0,1.0,2.0,64,17,7.114026637566098,7.114026637566098,6.928203230275509,6.928203230275509,1.0268212985552387,18.007142857142856,58.9581108276644,0.644193534159573,-0.228293975576352,0.872487509735925,0.30473736243655014,0.984375,0.015380859375,0.625
2.0,1.0,2.0,64,18,6.9988838395847095,6.9988838395847095,6.928203230275509,6.928203230275509,1.0102018672027884,16.580952380952382,63.89865221088436,0.6615052783473836,-0.3312219210600953,0.9927271994074789,0.21936413189044648,0.984375,0.015380859375,-0.125
2.0,1.0,2.0,64,19,7.034513131695753,7.034513131695753,6.928203230275509,6.928203230275509,1.0153445125506253,14.245238095238099,64.85757227891156,0.7121265430706541,-0.3511994224773236,1.0633259655479779,0.3211219694287377,0.96875,0.01513671875,1.875
2.0,1.0,2.0,64,20,6.590713163232034,6.590713163232034,6.928203230275509,6.928203230275509,0.9512875047359063,15.35714285714286,67.55206916099773,0.646454265159301,-0.4073347741874589,1.05378903934676,0.20721247423939898,0.984375,0.015380859375,0.75
2.0,1.0,2.0,64,21,6.118619125260208,6.118619125260208,6.928203230275509,6.928203230275509,0.8831465997594435,15.969841269841268,60.90813744016124,0.5734266104883802,-0.2689195300033702,0.8423461404917504,0.16476433252975053,0.984375,0.015380859375,0.75
2.0,1.0,2.0,64,22,6.565772993334448,6.565772993334448,6.928203230275509,6.928203230275509,0.9476877012849048,11.647222222222222,85.45845679012345,0.7298215939752728,-0.780384516460894,1.5102061104361668,0.25175478422558617,1.0,0.015625,-1.375
2.0,1.0,2.0,64,23,5.861687043846677,5.861687043846677,6.928203230275509,6.928203230275509,0.8460616481675552,10.81666666666666,60.472708333333344,0.685190237986964,-0.25984809027777755,0.9450383282647415,0.1866151324600142,1.0,0.015625,-1.625
2.0,1.0,2.0,64,24,7.149082108914403,7.149082108914403,6.928203230275509,6.928203230275509,1.031881120010117,15.357142857142858,77.46610685941043,0.6995239551032886,-0.6138772262376866,1.3134011813409752,0.2830823666752967,0.96875,0.01513671875,1.375
2.0,1.0,2.0,64,25,6.15934249737746,6.15934249737746,6.928203230275509,6.928203230275509,0.8890245122229946,11.198809523809523,62.96772392290248,0.7048089746607045,-0.3118275817271343,1.0166365563878388,0.17938340698759764,0.984375,0.015380859375,-0.25
2.0,1.0,2.0,64,26,6.923691212063114,6.923691212063114,6.928203230275509,6.928203230275509,0.9993487462676214,12.285714285714285,68.26054421768708,0.7437139132054387,-0.4220946712018183,1.165808584407257,0.2960245337672624,0.96875,0.01513671875,0.25
2.0,1.0,2.0,64,27,6.233728819895841,6.233728819895841,6.928203230275509,6.928203230275509,0.899761253055498,11.023809523809526,62.958170351473925,0.7163153158328067,-0.31162854898903647,1.027943864821843,0.23979759580604346,1.0,0.015625,-0.375
2.0,1.0,2.0,64,28,7.416198487095663,7.416198487095663,6.928203230275509,6.928203230275509,1.0704360482220943,21.508333333333333,65.50861111111111,0.6089393939393939,-0.36476273148148053,0.9737021254208744,0.22992974408837075,0.984375,0.015380859375,-1.0
2.0,1.0,2.0,64,29,7.599342076785332,7.599342076785332,6.928203230275509,6.928203230275509,1.0968705484240153,9.942857142857141,70.98709750566894,0.8278293135435992,-0.4788978647014508,1.30672717824505,0.2613672243591189,1.0,0.015625,1.5
2.0,1.0,2.0,64,30,6.144102863722254,6.144102863722254,6.928203230275509,6.928203230275509,0.8868248605746986,14.428571428571425,48.474149659863954,0.6177861873226113,-0.009878117913827866,0.6276643052364391,0.3563340003871894,1.0,0.015625,-0.5
2.0,1.0,2.0,64,31,7.406711483512774,7.406711483512774,6.928203230275509,6.928203230275509,1.0690667172039983,11.904761904761905,67.527983276644,0.7829949410695637,-0.4068329849300858,1.1898279259996496,0.3035454377120429,1.0,0.015625,0.375
2.0,1.0,2.0,64,32,7.680128579652817,7.680128579652817,6.928203230275509,6.928203230275509,1.108531075718373,11.399999999999999,84.74145833333333,0.8067284768211921,-0.7654470486111096,1.5721755254323018,0.24980685585249132,1.0,0.015625,-0.125
2.0,1.0,2.0,64,33,5.91475908216049,5.91475908216049,6.928203230275509,6.928203230275509,0.8537219370692858,9.866666666666669,54.57784722222223,0.7179693315468214,-0.13703848379630412,0.8550078153431255,0.2439145310617307,1.0,0.015625,0.125
2.0,1.0,2.0,64,34,6.7638746292343415,6.7638746292343415,6.928203230275509,6.928203230275509,0.9762812094883319,14.530952380952384,60.35636054421768,0.682383554514702,-0.2574241780045403,0.9398077325192423,0.27180918541612165,1.0,0.015625,-0.5
2.0,1.0,2.0,64,35,6.590713163232034,6.590713163232034,6.928203230275509,6.928203230275509,0.9512875047359063,19.916666666666668,49.833333333333336,0.5414868105515587,-0.03819444444444797,0.5796812549960066,0.3331933949000739,1.0,0.015625,0.75
2.0,1.0,2.0,64,36,6.923691212063114,6.923691212063114,6.928203230275509,6.928203230275509,0.9993487462676214,16.116666666666667,81.21916666666667,0.6637983485441112,-0.6920659722222311,1.3558643207663423,0.11615199939214652,0.984375,0.015380859375,0.25
2.0,1.0,2.0,64,37,6.910137480542627,6.910137480542627,6.928203230275509,6.928203230275509,0.997392433632152,15.208333333333334,63.57777777777778,0.6815008726003491,-0.32453703703704595,1.006037909637395,0.33655334517848734,1.0,0.015625,-1.5
2.0,1.0,2.0,64,38,6.614378277661476,6.614378277661476,6.928203230275509,6.928203230275509,0.9547032697824667,15.172222222222214,56.1866049382716,0.6532063492063493,-0.170554269547319,0.8237606187536683,0.25786823061658315,1.0,0.015625,0.5
2.0,1.0,2.0,64,39,5.555121510822243,5.555121510822243,6.928203230275509,6.928203230275509,0.8018127249135757,10.508333333333331,52.01902777777779,0.6594767932489451,-0.08372974537036915,0.7432065386193143,0.2653437254219544,0.984375,0.015380859375,-0.375
2.0,1.0,2.0,64,40,6.401904013650939,6.401904013650939,6.928203230275509,6.928203230275509,0.9240352514018789,11.758333333333331,57.564166666666665,0.7131020460033042,-0.19925347222222545,0.9123555182255296,0.31579799526907293,0.984375,0.015380859375,0.125
2.0,1.0,2.0,64,41,7.280109889280518,7.280109889280518,6.928203230275509,6.928203230275509,1.050793351076541,17.705555555555556,66.13308641975308,0.6659329140461216,-0.37777263374486414,1.0437055477909858,0.290624557538838,1.0,0.015625,-1.0
2.0,1.0,2.0,64,42,7.00780814520489,7.00780814520489,6.928203230275509,6.928203230275509,1.0114899797658239,16.316666666666666,83.21368055555556,0.6677484356771661,-0.7336183449074076,1.4013667805845738,0.2299067493253908,1.0,0.015625,1.375
2.0,1.0,2.0,64,43,6.475916923494309,6.475916923494309,6.928203230275509,6.928203230275509,0.9347180947572732,14.773809523809526,67.85742630385488,0.6477184018167624,-0.41369638133030917,1.0614147831470717,0.1573850543684031,1.0,0.015625,-0.25
2.0,1.0,2.0,64,44,6.565772993334448,6.565772993334448,6.928203230275509,6.928203230275509,0.9476877012849048,9.495238095238095,77.41302862811791,0.7797407618357237,-0.6127714297524609,1.3925121915881846,0.10505641877332007,0.984375,0.015380859375,1.375
2.0,1.0,2.0,64,45,6.782329983125268,6.782329983125268,6.928203230275509,6.928203230275509,0.978945010372561,15.4,54.46333333333334,0.6652173913043478,-0.13465277777778062,0.7998701690821284,0.33268358916303054,1.0,0.015625,0.0
2.0,1.0,2.0,64,46,6.928203230275509,6.928203230275509,6.928203230275509,6.928203230275509,1.0,11.428571428571427,78.12018140589569,0.761904761904762,-0.6275037792894891,1.3894085411942512,0.1377143238599076,0.984375,0.015380859375,0.0
2.0,1.0,2.0,64,47,7.728801653555355,7.728801653555355,6.928203230275509,6.928203230275509,1.1155564287983524,16.840476190476192,59.81822987528345,0.7180773015457818,-0.24621312240173698,0.9642904239475187,0.37120931686285913,1.0,0.015625,-1.125
2.0,1.0,2.0,64,48,6.324555320336759,6.324555320336759,6.928203230275509,6.928203230275509,0.912870929175277,11.749999999999998,66.04999999999998,0.70625,-0.3760416666666655,1.0822916666666655,0.1867522467351108,1.0,0.015625,0.0
2.0,1.0,2.0,64,49,6.928203230275509,6.928203230275509,6.928203230275509,6.928203230275509,1.0,14.674999999999995,63.861388888888875,0.6942708333333334,-0.330445601851854,1.0247164351851874,0.23553387372435602,1.0,0.015625,0.0
2.0,1.0,2.0,64,50,6.243746871871088,6.243746871871088,6.928203230275509,6.928203230275509,0.9012072343066642,13.173809523809528,58.6035473356009,0.6620746254413588,-0.2209072361583575,0.8829818615997163,0.2492164797290877,1.0,0.015625,-0.125
2.0,1.0,2.0,128,1,7.314102388536819,7.314102388536819,6.928203230275509,6.928203230275509,1.0556997457255544,29.922402597402584,52.20252369376354,0.4406619156673923,-0.08755257695340557,0.5282144926207979,0.2933035469746855,0.9765625,0.030517578125,0.0625
2.0,1.0,2.0,128,2,6.398241946034863,6.398241946034863,6.928203230275509,6.928203230275509,0.9235066774708959,22.676461038961044,48.64384234272221,0.44607118072766916,-0.01341338214004284,0.459484562867712,0.3293942862857185,0.96875,0.0302734375,-0.25
2.0,1.0,2.0,128,3,7.416198487095663,7.416198487095663,6.928203230275509,6.928203230275509,1.0704360482220943,24.773534798534804,56.67101329683747,0.5495720945720945,-0.18064611035078326,0.7302182049228778,0.31433435527808357,0.96875,0.0302734375,0.0
2.0,1.0,2.0,128,4,6.323319934970869,6.323319934970869,6.928203230275509,6.928203230275509,0.9126926166568896,21.430591630591625,45.43210625633787,0.4640258443306511,0.0534977863262901,0.410528058004361,0.37433694454389954,1.0,0.03125,0.125
2.0,1.0,2.0,128,5,6.5141072872650785,6.5141072872650785,6.928203230275509,6.928203230275509,0.9402303989581491,21.331783494283474,57.02846930301533,0.4972901984224828,-0.18809311047949784,0.6853833089019806,0.2294318595907397,1.0,0.03125,-1.4375
2.0,1.0,2.0,128,6,6.450532923720334,6.450532923720334,6.928203230275509,6.928203230275509,0.9310542299816197,23.12090964590965,47.058141244608734,0.444334127924064,0.01962205740398082,0.4247120705200832,0.3192134052459906,0.96875,0.0302734375,0.625
2.0,1.0,2.0,128,7,6.546707187586749,6.546707187586749,6.928203230275509,6.928203230275509,0.9449357892647169,21.3644660894661,45.80725559683623,0.5015217536544548,0.045682175065914876,0.45583957858853996,0.36448037603598465,0.984375,0.03076171875,0.375
2.0,1.0,2.0,128,8,6.9450971915445505,6.9450971915445505,6.928203230275509,6.928203230275509,1.00243843327159,23.331295093795088,50.46042426949353,0.5162932018131242,-0.05125883894779082,0.567552040760915,0.35836499680675765,0.9765625,0.030517578125,-0.875
2.0,1.0,2.0,128,9,6.770512812926359,6.770512812926359,6.928203230275509,6.928203230275509,0.977239348773711,27.677104839604837,49.57380765195133,0.39622165837760215,-0.03278765941566042,0.42900931779326257,0.2949650456865619,0.9609375,0.030029296875,-0.8125
2.0,1.0,2.0,128,10,6.479535091347218,6.479535091347218,6.928203230275509,6.928203230275509,0.9352403323032358,19.516612554112562,54.642866349018945,0.5351458118856702,-0.13839304893787818,0.6735388608235484,0.30520814848373523,0.9921875,0.031005859375,0.125
2.0,1.0,2.0,128,11,7.137051211810099,7.137051211810099,6.928203230275509,6.928203230275509,1.0301446095896765,20.83118131868131,55.22831825531001,0.5910442931301829,-0.15058996365228494,0.7416342567824679,0.33906472389701725,0.984375,0.03076171875,-0.25
2.0,1.0,2.0,128,12,6.689544080129826,6.689544080129826,6.928203230275509,6.928203230275509,0.9655525188547057,21.309992784992783,47.288973730294074,0.5237990439107758,0.014813047285541114,0.5089859966252347,0.3628736048656535,0.9609375,0.030029296875,1.5
2.0,1.0,2.0,128,13,7.031180555212616,7.031180555212616,6.928203230275509,6.928203230275509,1.0148634965682166,19.519751082251084,48.54427683607878,0.6051630628116089,-0.011339100751628806,0.6165021635632377,0.4061302162684635,0.9609375,0.030029296875,-1.25
2.0,1.0,2.0,128,14,6.884936001881209,6.884936001881209,6.928203230275509,6.928203230275509,0.9937549135098654,21.254924242424238,44.389144921111225,0.5516060481202634,0.07522614747684564,0.47637990064341773,0.41163434682757155,0.9921875,0.031005859375,0.3125
2.0,1.0,2.0,128,15,6.239991987174342,6.239991987174342,6.928203230275509,6.928203230275509,0.9006652633840536,21.516414141414135,45.96345525966739,0.4474115148272453,0.04242801542360386,0.4049834994036414,0.3321898905871789,0.9921875,0.031005859375,0.25
2.0,1.0,2.0,128,16,6.818804422330941,6.818804422330941,6.928203230275509,6.928203230275509,0.9842096421960449,25.033531746031734,46.94944157060973,0.4615992500223369,0.021886633945630063,0.43971261607670686,0.3444585847763155,0.9765625,0.030517578125,0.0625
2.0,1.0,2.0,128,17,6.816512579758069,6.816512579758069,6.928203230275509,6.928203230275509,0.9838788432144479,27.96641275391276,41.783838018441074,0.3981167158468545,0.12950337461581318,0.2686133412310413,0.43171369452193803,0.984375,0.03076171875,0.1875
2.0,1.0,2.0,128,18,6.936092199502541,6.936092199502541,6.928203230275509,6.928203230275509,1.001138674626714,22.80399877899878,54.43360198062351,0.5259967775719643,-0.13403337459633002,0.6600301521682943,0.2836552997498767,0.9765625,0.030517578125,-1.375
2.0,1.0,2.0,128,19,6.64707407435783,6.64707407435783,6.928203230275509,6.928203230275509,0.959422501538469,21.904523254523262,53.49223682451731,0.5042385330069883,-0.11442160051079786,0.6186601335177861,0.2539361849929382,0.9765625,0.030517578125,-0.5625
2.0,1.0,2.0,128,20,6.277128623025021,6.277128623025021,6.928203230275509,6.928203230275509,0.9060254750603502,20.961111111111112,47.11657883755355,0.4680237489397795,0.018404607550962404,0.4496191413888171,0.31479462862586277,0.984375,0.03076171875,-0.3125
2.0,1.0,2.0,128,21,7.227335262736882,7.227335262736882,6.928203230275509,6.928203230275509,1.0431759898662034,26.72947330447331,45.97874190914504,0.4882781060465774,0.04210954355947816,0.44616856248709924,0.38525653238493374,0.984375,0.03076171875,-0.875
2.0,1.0,2.0,128,22,6.845390785046534,6.845390785046534,6.928203230275509,6.928203230275509,0.9880470531137,24.619788544788555,52.81737102121156,0.4746027119484937,-0.10036189627524927,0.574964608223743,0.3681512899951,1.0,0.03125,0.375
2.0,1.0,2.0,128,23,7.176077880708932,7.176077880708932,6.928203230275509,6.928203230275509,1.0357776240382552,27.982826895326912,52.281837259259575,0.45660292155020177,-0.08920494290124226,0.545807864451444,0.35995592145601363,1.0,0.03125,-0.0625
2.0,1.0,2.0,128,24,7.211102550927978,7.211102550927978,6.928203230275509,6.928203230275509,1.0408329997330663,24.686273448773456,49.85238720434609,0.525263972138972,-0.03859140009055895,0.563855372229531,0.4011911134935383,0.984375,0.03076171875,0.0
2.0,1.0,2.0,128,25,7.436974771370412,7.436974771370412,6.928203230275509,6.928203230275509,1.0734348465517909,25.41312576312576,57.157707394334565,0.5405212094526313,-0.1907855707153201,0.7313067801679514,0.2997562002373625,1.0,0.03125,-0.4375
2.0,1.0,2.0,128,26,6.805041788997332,6.805041788997332,6.928203230275509,6.928203230275509,0.9822231771810656,26.504004329004317,57.53211362523659,0.4276655328363471,-0.1985857005257674,0.6262512333621145,0.2681884093320103,0.984375,0.03076171875,-0.4375
2.0,1.0,2.0,128,27,6.854514935427598,6.854514935427598,6.928203230275509,6.928203230275509,0.9893640107833584,23.05191197691198,45.69546165244488,0.5093706795735395,0.04801121557406418,0.46135946399947536,0.3797248343510576,1.0,0.03125,-0.125
2.0,1.0,2.0,128,28,6.67053923982162,6.67053923982162,6.928203230275509,6.928203230275509,0.9628094064377436,24.447574647574644,48.7224867303046,0.450568070425853,-0.015051806881356766,0.4656198773072098,0.35818380137544725,1.0,0.03125,0.0625
2.0,1.0,2.0,128,29,6.75347132962005,6.75347132962005,6.928203230275509,6.928203230275509,0.974779622530139,23.818578643578654,48.44976841050165,0.477770115385737,-0.009370175218785581,0.4871402906045226,0.34832146607241676,0.984375,0.03076171875,0.625
2.0,1.0,2.0,128,30,7.428566062841469,7.428566062841469,6.928203230275509,6.928203230275509,1.0722211540186102,25.6376678876679,53.33484944642168,0.5354114122430111,-0.11114269680046318,0.6465541090434743,0.3136890841554327,0.9765625,0.030517578125,0.5625
2.0,1.0,2.0,128,31,6.887488656977955,6.887488656977955,6.928203230275509,6.928203230275509,0.9941233575366791,20.92582972582973,52.155420006080185,0.5588757897058292,-0.086571250126666,0.6454470398324952,0.33842201826173063,0.984375,0.03076171875,0.75
2.0,1.0,2.0,128,32,6.339053064141363,6.339053064141363,6.928203230275509,6.928203230275509,0.9149634982473346,23.2757215007215,44.62862394071878,0.42076555806506233,0.07023700123503385,0.3505285568300285,0.36549075011296245,0.9921875,0.031005859375,-0.5625
2.0,1.0,2.0,128,33,7.022007814720801,7.022007814720801,6.928203230275509,6.928203230275509,1.0135395255201776,26.888295038295055,59.51564904452002,0.45469353324855155,-0.23990935509418532,0.6946028883427369,0.25011640344224984,0.9921875,0.031005859375,0.4375
2.0,1.0,2.0,128,34,5.797359312652615,5.797359312652615,6.928203230275509,6.928203230275509,0.8367767399372428,17.208978521478517,48.74565952903241,0.48797088546042533,-0.015534573521495343,0.5035054589819207,0.27909490405255993,0.9765625,0.030517578125,-0.625
2.0,1.0,2.0,128,35,7.539220367518117,7.539220367518117,6.928203230275509,6.928203230275509,1.0881927271666236,29.81181457431457,55.407267259731405,0.47551202453271046,-0.15431806791107117,0.6298300924437816,0.3367213051004743,0.984375,0.03076171875,-0.8125
2.0,1.0,2.0,128,36,6.614378277661476,6.614378277661476,6.928203230275509,6.928203230275509,0.9547032697824667,27.200545288045294,45.70994004996004,0.37827325055896466,0.04770958229250244,0.3305636682664622,0.3529678607447628,0.9921875,0.031005859375,0.5
2.0,1.0,2.0,128,37,7.169542785282755,7.169542785282755,6.928203230275509,6.928203230275509,1.0348343642623845,24.057692307692314,53.2642335722504,0.5319728527419081,-0.10967153275523978,0.6416443854971479,0.2464772511273148,1.0,0.03125,0.3125
2.0,1.0,2.0,128,38,6.361198295132765,6.361198295132765,6.928203230275509,6.928203230275509,0.9181598870158727,21.852988677988694,47.42119500540877,0.45995124031614,0.012058437387315712,0.4478928029288243,0.33182365799028013,0.9609375,0.030029296875,-0.1875
2.0,1.0,2.0,128,39,6.837397165588672,6.837397165588672,6.928203230275509,6.928203230275509,0.986893273527251,24.883426704014934,53.19164777457824,0.46773418814941314,-0.10815932863704569,0.5758935167864588,0.2836870104363442,0.9765625,0.030517578125,0.5
2.0,1.0,2.0,128,40,6.67053923982162,6.67053923982162,6.928203230275509,6.928203230275509,0.9628094064377436,22.607371794871792,46.47884358563445,0.49192457383134236,0.03169075863260795,0.4602338151987344,0.373549430570377,0.9921875,0.031005859375,-0.0625
2.0,1.0,2.0,128,41,7.406711483512774,7.406711483512774,6.928203230275509,6.928203230275509,1.0690667172039983,26.323989898989893,51.37120289292638,0.5201551257375809,-0.07023339360263114,0.5903885193402121,0.33299288432664464,1.0,0.03125,0.375
2.0,1.0,2.0,128,42,7.338894671542848,7.338894671542848,6.928203230275509,6.928203230275509,1.0592782035423933,28.751226551226544,54.72301773793386,0.46617972170626665,-0.14006286954030278,0.6062425912465694,0.2960075532827679,0.9921875,0.031005859375,0.375
2.0,1.0,2.0,128,43,6.957179295519126,6.957179295519126,6.928203230275509,6.928203230275509,1.0041823347671146,27.28544372294373,51.05412434584716,0.43627846073169274,-0.06362759053848355,0.4999060512701763,0.298642059977598,0.9921875,0.031005859375,0.3125
2.0,1.0,2.0,128,44,7.621669354544318,7.621669354544318,6.928203230275509,6.928203230275509,1.100093213380121,32.336671661671666,49.87511358731248,0.44333347149566626,-0.03906486640233564,0.4823983378980019,0.339097161062767,0.9765625,0.030517578125,1.1875
2.0,1.0,2.0,128,45,6.59278725198986,6.59278725198986,6.928203230275509,6.928203230275509,0.9515868736615697,23.355845543345545,52.625635349951395,0.4626497295680364,-0.09636740312397829,0.5590171326920147,0.2627715102159626,0.96875,0.0302734375,0.1875
2.0,1.0,2.0,128,46,6.527585694573454,6.527585694573454,6.928203230275509,6.928203230275509,0.9421758394800835,23.139141414141417,45.876170261416476,0.4569471761991013,0.04424645288715379,0.4127007233119475,0.36821977282261814,0.984375,0.03076171875,-0.625
2.0,1.0,2.0,128,47,6.552671211040578,6.552671211040578,6.928203230275509,6.928203230275509,0.9457966219013473,27.321176046176056,46.89175956118598,0.3636989567120569,0.023088342475293455,0.3406106142367634,0.3274768232116548,0.9765625,0.030517578125,-0.25
2.0,1.0,2.0,128,48,6.900803848103495,6.900803848103495,6.928203230275509,6.928203230275509,0.9960452398318396,26.089393939393947,47.69833060720845,0.4521462678627799,0.006284779016492048,0.44586148884628785,0.37585958390135277,1.0,0.03125,0.9375
2.0,1.0,2.0,128,49,6.461423991660043,6.461423991660043,6.928203230275509,6.928203230275509,0.9326262202333081,23.540654666970465,47.61843506123488,0.4361519840246595,0.007949269557605998,0.4282027144670535,0.33441406616052244,0.9765625,0.030517578125,0.5
2.0,1.0,2.0,128,50,6.441746172428715,6.441746172428715,6.928203230275509,6.928203230275509,0.9297859716757401,21.619047619047606,49.38275640117159,0.4790100545536866,-0.028807425024410804,0.5078174795780974,0.2841116293297849,0.96875,0.0302734375,0.0625
2.0,1.0,2.0,256,1,6.918047051010856,6.918047051010856,6.928203230275509,6.928203230275509,0.9985340817919036,25.88252223460234,39.28591397519353,0.4591964012358636,0.18154345885013523,0.27765294238572835,0.47151313630705716,0.98828125,0.061767578125,-0.375
2.0,1.0,2.0,256,2,6.519202405202649,6.519202405202649,6.928203230275509,6.928203230275509,0.9409658158863513,27.700965354090314,38.484080088368906,0.3482125799037573,0.19824833149231502,0.1499642484114423,0.45716045398065447,0.98828125,0.061767578125,0.0
2.0,1.0,2.0,256,3,7.210019070709869,7.210019070709869,6.928203230275509,6.928203230275509,1.0406766128341696,29.423806592014778,38.00975890067235,0.4339874896636773,0.20813002290266647,0.22585746676101082,0.48986579552694265,0.96484375,0.060302734375,0.125
2.0,1.0,2.0,256,4,6.758024743776838,6.758024743776838,6.928203230275509,6.928203230275509,0.9754368512524274,30.53133461245497,40.05592267808867,0.33149257717719993,0.16550161087316184,0.1659909663040381,0.43435236662328985,0.96875,0.060546875,0.28125
2.0,1.0,2.0,256,5,6.625884374934413,6.625884374934413,6.928203230275509,6.928203230275509,0.9563640318719298,31.85140055163277,42.665838233764894,0.2744943018757906,0.11112837012990895,0.16336593174588165,0.3686244507937675,0.97265625,0.060791015625,0.3125
2.0,1.0,2.0,256,6,6.475916923494309,6.475916923494309,6.928203230275509,6.928203230275509,0.9347180947572732,26.807555570495165,47.323323359059835,0.3607736376633046,0.014097430019575086,0.34667620764372953,0.2988162446675502,0.96484375,0.060302734375,0.25
2.0,1.0,2.0,256,7,6.409755138653894,6.409755138653894,6.928203230275509,6.928203230275509,0.9251684636853532,26.04587447754008,44.06278783904658,0.3660484546361854,0.08202525335319943,0.28402320128298597,0.3636386236316882,0.96484375,0.060302734375,-0.40625
2.0,1.0,2.0,256,8,6.961880021768545,6.961880021768545,6.928203230275509,6.928203230275509,1.0048608261584868,29.97716687552216,42.799039764363336,0.3815031153808166,0.10835333824244364,0.27314977713837296,0.39471599926087847,0.98046875,0.061279296875,0.53125
2.0,1.0,2.0,256,9,6.848172087316439,6.848172087316439,6.928203230275509,6.928203230275509,0.988448499517257,31.639118149166627,38.10800925583169,0.3253554133488823,0.20608314050349386,0.11927227284538844,0.4615826742801653,0.9609375,0.06005859375,0.59375
2.0,1.0,2.0,256,10,6.923691212063114,6.923691212063114,6.928203230275509,6.928203230275509,0.9993487462676214,30.648525154288862,40.56751883310746,0.36065658087533015,0.1548433576435947,0.20581322323173545,0.4217956477453961,0.98046875,0.061279296875,-0.25
2.0,1.0,2.0,256,11,6.556247020971678,6.556247020971678,6.928203230275509,6.928203230275509,0.9463127456079201,30.127533321941215,41.50441460470033,0.2991050045059114,0.13532469573540007,0.1637803087705113,0.39542119764367556,0.9765625,0.06103515625,-0.125
2.0,1.0,2.0,256,12,7.066647012551285,7.066647012551285,6.928203230275509,6.928203230275509,1.0199826387411373,32.3245461409935,44.07950885006079,0.3526999521202804,0.08167689895705277,0.2710230531632276,0.3684532211113639,0.9609375,0.06005859375,-0.25
2.0,1.0,2.0,256,13,7.1588423252296876,7.1588423252296876,6.928203230275509,6.928203230275509,1.0332898858893618,30.903855084543924,41.10594021075903,0.39698645922039333,0.14362624560918447,0.25336021361120886,0.4365203142717706,0.9765625,0.06103515625,0.03125
2.0,1.0,2.0,256,14,7.499414039610028,7.499414039610028,6.928203230275509,6.928203230275509,1.0824471786333272,34.148437081709105,40.93456677309718,0.3928218025095914,0.14719652556047091,0.2456252769491205,0.4521727196870627,0.9765625,0.06103515625,-0.09375
2.0,1.0,2.0,256,15,7.227267702078013,7.227267702078013,6.928203230275509,6.928203230275509,1.0431662383250573,28.909794720243628,39.37714488079692,0.446526636499907,0.1796428149833913,0.2668838215165157,0.4777071123733614,0.96484375,0.060302734375,-0.71875
2.0,1.0,2.0,256,16,7.057727923170459,7.057727923170459,6.928203230275509,6.928203230275509,1.0186952790774009,34.64189929493637,39.740191836272345,0.3045404576231724,0.17207933674433284,0.13246112087883954,0.4329051816585312,0.96484375,0.060302734375,0.96875
2.0,1.0,2.0,256,17,6.707912771496064,6.707912771496064,6.928203230275509,6.928203230275509,0.9682038110809453,29.54479903803624,42.97988873218886,0.3433919130360902,0.10458565141274045,0.23880626162334972,0.38487344510751875,0.96875,0.060546875,-0.0625
2.0,1.0,2.0,256,18,6.8058310247537,6.8058310247537,6.928203230275509,6.928203230275509,0.9823370935501639,28.359175898920483,40.09040718803389,0.3877464923679751,0.16478318358263,0.2229633087853451,0.4382109885508957,0.98046875,0.061279296875,0.65625
2.0,1.0,2.0,256,19,6.909501497032908,6.909501497032908,6.928203230275509,6.928203230275509,0.9973006373195179,28.157448504797564,41.857915978964385,0.41020665475662843,0.1279600837715824,0.282246570985046,0.4154961004251771,0.9765625,0.06103515625,0.09375
2.0,1.0,2.0,256,20,7.0477583980653025,7.0477583980653025,6.928203230275509,6.928203230275509,1.017256302076612,31.283169055102135,41.74391665981703,0.3701911976795591,0.13033506958712093,0.23985612809243817,0.41957932113283725,0.9765625,0.06103515625,0.28125
2.0,1.0,2.0,256,21,6.927921315228688,6.927921315228688,6.928203230275509,6.928203230275509,0.9999593090679574,31.821673710276627,43.98542490218935,0.33699450884424054,0.08363698120438567,0.25335752763985486,0.3577267641697836,0.96875,0.060546875,0.0625
2.0,1.0,2.0,256,22,7.025622748198198,7.025622748198198,6.928203230275509,6.928203230275509,1.014061296224247,30.335440009337074,38.873495613386964,0.38541685324546604,0.19013550805443413,0.1952813451910319,0.4610685877506708,0.9921875,0.06201171875,-0.375
2.0,1.0,2.0,256,23,7.206767652699787,7.206767652699787,6.928203230275509,6.928203230275509,1.0402073110683274,29.740981014758155,40.734314600437415,0.4273697999565217,0.1513684458242106,0.2760013541323111,0.45889298683584795,0.96484375,0.060302734375,-0.75
2.0,1.0,2.0,256,24,6.908936129209764,6.908936129209764,6.928203230275509,6.928203230275509,0.9972190335032972,33.03556459987382,42.96149812190116,0.307915093388351,0.10496878912707797,0.20294630426127303,0.3855641715410908,0.9765625,0.06103515625,0.71875
2.0,1.0,2.0,256,25,6.940525804108792,6.940525804108792,6.928203230275509,6.928203230275509,1.0017786103299389,33.65746168069116,41.76528368898728,0.30129055565860985,0.12988992314609804,0.1714006325125118,0.3867932735851638,0.97265625,0.060791015625,-0.28125
2.0,1.0,2.0,256,26,6.795851215999361,6.795851215999361,6.928203230275509,6.928203230275509,0.9808966322324693,28.075540413533822,41.472106228918165,0.39208844236956286,0.1359977868975374,0.2560906554720255,0.4238030708358477,0.953125,0.0595703125,-0.5625
2.0,1.0,2.0,256,27,7.09911691251102,7.09911691251102,6.928203230275509,6.928203230275509,1.0246692651117157,28.119902727990972,40.43133219109156,0.44203731289432135,0.15768057935226754,0.2843567335420538,0.4573410664055168,0.97265625,0.060791015625,0.59375
2.0,1.0,2.0,256,28,7.210831696136029,7.210831696136029,6.928203230275509,6.928203230275509,1.0407939052113055,31.336771867838035,46.9479025941647,0.39732449867278663,0.021918695954889045,0.3754058027178976,0.3614232125207024,0.98046875,0.061279296875,0.0625
2.0,1.0,2.0,256,29,7.206767652699787,7.206767652699787,6.928203230275509,6.928203230275509,1.0402073110683274,32.94078150199476,41.13979078085797,0.3657611263153836,0.14292102539879015,0.22284010091659345,0.42414594147616674,0.9765625,0.06103515625,-0.25
2.0,1.0,2.0,256,30,7.277694947577839,7.277694947577839,6.928203230275509,6.928203230275509,1.0504447842660112,30.59011572512379,45.676521173036875,0.4224448981759945,0.0484058088950543,0.3740390892809402,0.3779157810606195,0.94140625,0.058837890625,0.1875
2.0,1.0,2.0,256,31,6.901582132924305,6.901582132924305,6.928203230275509,6.928203230275509,0.9961575755695398,32.84767224197369,37.90719942665894,0.3103840825057702,0.2102666786112729,0.1001174038944973,0.46560020967315113,0.9765625,0.06103515625,-0.34375
2.0,1.0,2.0,256,32,7.245688373094719,7.245688373094719,6.928203230275509,6.928203230275509,1.0458250331675945,34.04836098713807,40.774040701098926,0.3514597907211796,0.150540818727102,0.2009189719940776,0.43134600694965264,0.9765625,0.06103515625,0.0
2.0,1.0,2.0,256,33,6.837397165588672,6.837397165588672,6.928203230275509,6.928203230275509,0.986893273527251,32.152380003037884,38.7705844784422,0.3122485560847511,0.19227949003243727,0.11996906605231383,0.45011329707925785,0.97265625,0.060791015625,-0.5
2.0,1.0,2.0,256,34,7.051637110451728,7.051637110451728,6.928203230275509,6.928203230275509,1.017816145986715,27.70546663411408,42.288261321344294,0.44283277689403133,0.11899455580532026,0.3238382210887111,0.418423038878341,0.94921875,0.059326171875,0.15625
2.0,1.0,2.0,256,35,6.873792507597243,6.873792507597243,6.928203230275509,6.928203230275509,0.9921464886537253,27.294494013020216,43.21631137360162,0.42232681170384845,0.09966017971663577,0.3226666319872127,0.38961440273538567,0.9765625,0.06103515625,-0.03125
2.0,1.0,2.0,256,36,6.723254304092625,6.723254304092625,6.928203230275509,6.928203230275509,0.9704181705745468,24.750267630975827,44.44565116881593,0.45245373314063886,0.07404893398300871,0.37840479915763015,0.37739648376118873,0.96875,0.060546875,0.21875
2.0,1.0,2.0,256,37,7.0477583980653025,7.0477583980653025,6.928203230275509,6.928203230275509,1.017256302076612,33.53468080974216,39.15345263831149,0.3248626083955729,0.18430307003517854,0.14055953836039436,0.44927886534532163,0.97265625,0.060791015625,0.28125
2.0,1.0,2.0,256,38,6.835611599374265,6.835611599374265,6.928203230275509,6.928203230275509,0.9866355492436151,30.001130121383593,41.74913354356686,0.3579292903568291,0.13022638450900414,0.22770290584782493,0.4101949431322051,0.97265625,0.060791015625,0.15625
2.0,1.0,2.0,256,39,6.685966529792084,6.685966529792084,6.928203230275509,6.928203230275509,0.9650361439420719,27.94200554562399,41.958019165124576,0.37492924787069437,0.1258746007265743,0.24905464714412007,0.4212276073369028,0.96484375,0.060302734375,0.21875
2.0,1.0,2.0,256,40,7.273064068018376,7.273064068018376,6.928203230275509,6.928203230275509,1.049776374375951,29.21092284273065,42.441835283598664,0.4477821368922742,0.11579509825836143,0.33198703863391277,0.4318663864485088,0.953125,0.0595703125,-0.59375
2.0,1.0,2.0,256,41,6.909501497032908,6.909501497032908,6.928203230275509,6.928203230275509,0.9973006373195179,30.49288340336134,42.92005613080609,0.36128801920670095,0.10583216394153461,0.25545585526516634,0.38903217259378414,0.97265625,0.060791015625,-0.09375
2.0,1.0,2.0,256,42,7.103861186003003,7.103861186003003,6.928203230275509,6.928203230275509,1.025354042006142,29.204702165954103,43.23118171729084,0.42128618666427353,0.0993503808897721,0.3219358057745014,0.41383381523772006,0.9375,0.05859375,-0.1875
2.0,1.0,2.0,256,43,6.418889969262598,6.418889969262598,6.928203230275509,6.928203230275509,0.9264869629130875,27.074530075187987,40.36217062005146,0.34288547801681646,0.15912144541559792,0.18376403260121854,0.4270760673294828,0.96875,0.060546875,-0.21875
2.0,1.0,2.0,256,44,6.595156840439809,6.595156840439809,6.928203230275509,6.928203230275509,0.9519288942939313,29.091626832919395,40.68165152444111,0.33116690891536904,0.15246559324081022,0.17870131567455882,0.4165647292380835,0.96875,0.060546875,-0.0625
2.0,1.0,2.0,256,45,6.7476124249618845,6.7476124249618845,6.928203230275509,6.928203230275509,0.973933962484752,29.318161907751676,44.993133891435136,0.35607323008948977,0.06264304392844444,0.2934301861610453,0.3400730057094525,0.96484375,0.060302734375,-0.46875
2.0,1.0,2.0,256,46,6.452879081270623,6.452879081270623,6.928203230275509,6.928203230275509,0.9313928686549249,24.799222893652214,40.293047664856445,0.4044324622270722,0.1605615069821541,0.2438709552449181,0.4262542618938788,0.97265625,0.060791015625,0.78125
2.0,1.0,2.0,256,47,6.85330383373596,6.85330383373596,6.928203230275509,6.928203230275509,0.9891892033114377,29.41804616774245,40.71048044336345,0.3736546569130207,0.15186499076326543,0.22178966614975526,0.4503637141090885,0.984375,0.0615234375,0.53125
2.0,1.0,2.0,256,48,7.025622748198198,7.025622748198198,6.928203230275509,6.928203230275509,1.014061296224247,30.02420961105168,44.01088570453809,0.39172224909550246,0.08310654782212534,0.3086157012733771,0.37052284700867233,0.97265625,0.060791015625,0.375
2.0,1.0,2.0,256,49,6.97365298373098,6.97365298373098,6.928203230275509,6.928203230275509,1.0065601068480297,30.393686086205708,40.18330686188781,0.37502490908904507,0.16284777371067172,0.21217713537837335,0.44180960821627974,0.9609375,0.06005859375,0.34375
2.0,1.0,2.0,256,50,6.946221994724902,6.946221994724902,6.928203230275509,6.928203230275509,1.0026007846263305,30.840895950654744,43.13661503999684,0.36081044661855455,0.10132052000007097,0.2594899266184836,0.40164909711322394,0.96875,0.060546875,0.5
2.0,1.0,2.0,512,1,6.772225417791038,6.772225417791038,6.928203230275509,6.928203230275509,0.9774865419936204,31.794290989846914,38.09440808725327,0.30675565785093306,0.20636649818223385,0.10038915966869921,0.4598354763728803,0.923828125,0.115478515625,0.109375
2.0,1.0,2.0,512,2,6.9450971915445505,6.9450971915445505,6.928203230275509,6.928203230275509,1.00243843327159,33.9685172789421,37.2067014186607,0.29576122259400894,0.22486038711123724,0.0709008354827717,0.4795293130907964,0.939453125,0.117431640625,-0.125
2.0,1.0,2.0,512,3,6.918047051010856,6.918047051010856,6.928203230275509,6.928203230275509,0.9985340817919036,31.596898196082428,36.78887732833529,0.3397970993962536,0.23356505565967545,0.10623204373657813,0.4926332249523731,0.9453125,0.1181640625,0.375
2.0,1.0,2.0,512,4,7.106335201775948,7.106335201775948,6.928203230275509,6.928203230275509,1.0257111354242643,37.11626738524758,38.73899029991554,0.26502440821291917,0.19293770208509997,0.0720867061278192,0.446180240659666,0.935546875,0.116943359375,0.0
2.0,1.0,2.0,512,5,7.339942497007384,7.339942497007384,6.928203230275509,6.928203230275509,1.059429444120897,34.478798329569145,39.161640948322216,0.36001940464349547,0.18413248024328988,0.1758869244002056,0.459617816028302,0.93359375,0.11669921875,0.015625
2.0,1.0,2.0,512,6,6.691587535854254,6.691587535854254,6.928203230275509,6.928203230275509,0.9658474662828496,31.192426828228406,36.6721866460237,0.30338818214896,0.2359961115411625,0.0673920706077975,0.4875749567241212,0.9296875,0.1162109375,-0.6875
2.0,1.0,2.0,512,7,7.016721100343094,7.016721100343094,6.928203230275509,6.928203230275509,1.0127764540279032,32.75776245909825,37.333841193673216,0.3346566812496705,0.2222116417984693,0.11244503945120121,0.48160921572977433,0.9453125,0.1181640625,-0.125
2.0,1.0,2.0,512,8,6.62925497204437,6.62925497204437,6.928203230275509,6.928203230275509,0.9568505356591206,31.935042152503534,37.44785371442897,0.2733286335717251,0.21983638094938984,0.05349225262233526,0.4705239804277228,0.95703125,0.11962890625,0.421875
2.0,1.0,2.0,512,9,7.279824833701357,7.279824833701357,6.928203230275509,6.928203230275509,1.0507522068477004,33.55701375166813,37.19261785229961,0.3667992116550223,0.2251537947437624,0.14164541691125987,0.4901092559145436,0.935546875,0.116943359375,0.359375
2.0,1.0,2.0,512,10,7.123834882807153,7.123834882807153,6.928203230275509,6.928203230275509,1.0282369968127891,33.47865326537051,37.35723595306121,0.3403094089760924,0.22172425097788662,0.11858515799820579,0.48821226789410416,0.94921875,0.11865234375,-0.03125
2.0,1.0,2.0,512,11,6.909837162290802,6.909837162290802,6.928203230275509,6.928203230275509,0.9973490864262686,33.5903030593122,37.508363553906904,0.29647700618743056,0.21857575929361506,0.0779012468938155,0.4708920446528962,0.94921875,0.11865234375,-0.359375
2.0,1.0,2.0,512,12,6.882080870592484,6.882080870592484,6.928203230275509,6.928203230275509,0.9933428108053362,31.57146726706368,37.73265993267819,0.3334154819050983,0.21390291806919481,0.11951256383590347,0.4753936488622002,0.943359375,0.117919921875,-0.109375
2.0,1.0,2.0,512,13,6.932131227795316,6.932131227795316,6.928203230275509,6.928203230275509,1.0005669576063592,32.74045689841588,38.23949591317032,0.31867992615029417,0.20334383514228893,0.11533609100800524,0.4587761959240143,0.9453125,0.1181640625,0.265625
2.0,1.0,2.0,512,14,7.042404346838869,7.042404346838869,6.928203230275509,6.928203230275509,1.016483511347403,33.98700860009183,36.90409020809149,0.3147153127305585,0.23116478733142598,0.08355052539913255,0.49183380333520965,0.94140625,0.11767578125,0.171875
2.0,1.0,2.0,512,15,6.4101360164976215,6.4101360164976215,6.928203230275509,6.928203230275509,0.9252234386667544,29.388301169559313,37.5309314293698,0.2847794372652168,0.21810559522145379,0.06667384204376303,0.4720632537816329,0.94140625,0.11767578125,0.8125
2.0,1.0,2.0,512,16,6.800735254367722,6.800735254367722,6.928203230275509,6.928203230275509,0.9816015824491456,28.14664782476727,37.32846836315508,0.39142383081584275,0.22232357576759332,0.16910025504824944,0.4883990451534778,0.9453125,0.1181640625,0.0
2.0,1.0,2.0,512,17,7.123834882807153,7.123834882807153,6.928203230275509,6.928203230275509,1.0282369968127891,35.85414488628693,36.88363885735515,0.2935007915877803,0.23159085713842276,0.06190993444935755,0.48661320263013164,0.955078125,0.119384765625,-0.03125
2.0,1.0,2.0,512,18,6.782257989600514,6.782257989600514,6.928203230275509,6.928203230275509,0.9789346190023368,32.17909270597135,38.58407776264566,0.3004396549919397,0.19616504661155199,0.10427460838038771,0.4542053214373216,0.931640625,0.116455078125,0.03125
2.0,1.0,2.0,512,19,6.973005287132299,6.973005287132299,6.928203230275509,6.928203230275509,1.0064666198966292,31.433371162138698,37.5302769715108,0.3535261360012849,0.21811922976020026,0.13540690624108465,0.4848744299890083,0.9296875,0.1162109375,0.046875
2.0,1.0,2.0,512,20,6.800089038939123,6.800089038939123,6.928203230275509,6.928203230275509,0.9815083092862316,30.934301378916132,39.619627626984666,0.33102311224662373,0.174591091104491,0.15643202114213273,0.43764729308034156,0.943359375,0.117919921875,-0.09375
2.0,1.0,2.0,512,21,6.889473401501744,6.889473401501744,6.928203230275509,6.928203230275509,0.9944098307329496,33.05061021784152,37.13550158814812,0.303682312915198,0.22634371691358446,0.07733859600161352,0.48214653025946724,0.9453125,0.1181640625,0.1875
2.0,1.0,2.0,512,22,6.963913680539126,6.963913680539126,6.928203230275509,6.928203230275509,1.0051543595181456,31.369171089174277,37.81573707449596,0.35316087000977725,0.21217214428133613,0.14098872572844112,0.4715190126797528,0.95703125,0.11962890625,0.0625
2.0,1.0,2.0,512,23,6.378675411086537,6.378675411086537,6.928203230275509,6.928203230275509,0.9206824914160148,29.074872378299265,37.104199460111964,0.28541020268388906,0.22699584458100464,0.05841435810288442,0.47653973306956193,0.9375,0.1171875,-0.25
2.0,1.0,2.0,512,24,7.1662559687311616,7.1662559687311616,6.928203230275509,6.928203230275509,1.0343599531571748,35.49910303968122,38.65380513218679,0.3087538160002363,0.19471239307943844,0.11404142292079789,0.45224593867504265,0.94140625,0.11767578125,0.140625
2.0,1.0,2.0,512,25,6.888551984089254,6.888551984089254,6.928203230275509,6.928203230275509,0.9942768355851654,32.617423914850534,37.63654679773211,0.3126249287150512,0.21590527504724077,0.09671965366781043,0.4700992411204628,0.958984375,0.119873046875,-0.21875
2.0,1.0,2.0,512,26,7.041572284254064,7.041572284254064,6.928203230275509,6.928203230275509,1.016363413458073,32.20009208446715,38.073292230163894,0.3505917074375172,0.20680641187159488,0.14378529556592234,0.46994675725225454,0.94921875,0.11865234375,-0.203125
2.0,1.0,2.0,512,27,7.274675143090583,7.274675143090583,6.928203230275509,6.928203230275509,1.050008913032607,34.54921038975105,37.545474617640146,0.34715374436520685,0.21780261213250218,0.12935113223270467,0.4858968703894793,0.935546875,0.116943359375,-0.28125
2.0,1.0,2.0,512,28,6.733124158776518,6.733124158776518,6.928203230275509,6.928203230275509,0.9718427613891989,31.93918401591416,36.98576404008669,0.29548447036391223,0.22946324916486105,0.06602122119905118,0.479975060532621,0.947265625,0.118408203125,-0.40625
2.0,1.0,2.0,512,29,6.460743837786792,6.460743837786792,6.928203230275509,6.928203230275509,0.9325280484778551,30.89848232718693,37.81764960795981,0.2597607584156607,0.21213229983417625,0.047628458581484456,0.4634425746710795,0.927734375,0.115966796875,-0.09375
2.0,1.0,2.0,512,30,6.735643731995851,6.735643731995851,6.928203230275509,6.928203230275509,0.9722064304583051,31.855967090795247,38.0226253156684,0.2978456705076261,0.20786197259023786,0.08998369791738825,0.46401368262708204,0.943359375,0.117919921875,-0.078125
2.0,1.0,2.0,512,31,6.978325120283161,6.978325120283161,6.928203230275509,6.928203230275509,1.0072344716720527,32.81568988219868,38.717550541256145,0.3261253176905702,0.1933843637238546,0.1327409539667156,0.4566750133238246,0.9296875,0.1162109375,-0.421875
2.0,1.0,2.0,512,32,6.9889526385843395,6.9889526385843395,6.928203230275509,6.928203230275509,1.0087684218100534,33.302187747490116,37.55955986506825,0.31821322923502404,0.2175091694777388,0.10070405975728525,0.47609201147619307,0.927734375,0.115966796875,-0.171875
2.0,1.0,2.0,512,33,6.807749920816349,6.807749920816349,6.928203230275509,6.928203230275509,0.9826140623397431,33.35980214091402,36.41218205020745,0.2801926473063734,0.24141287395399458,0.03877977335237881,0.4947150640127345,0.935546875,0.116943359375,-0.171875
2.0,1.0,2.0,512,34,7.257471904010377,7.257471904010377,6.928203230275509,6.928203230275509,1.0475258393541342,34.44889863153811,37.19363293358193,0.3459595402114578,0.22513264721704784,0.12082689299440996,0.4883377833610801,0.939453125,0.117431640625,-0.28125
2.0,1.0,2.0,512,35,6.85330383373596,6.85330383373596,6.928203230275509,6.928203230275509,0.9891892033114377,30.745438218807834,36.81626781555555,0.34539289456161304,0.232994420509257,0.11239847405235603,0.4868555282302557,0.9375,0.1171875,0.53125
2.0,1.0,2.0,512,36,6.837397165588672,6.837397165588672,6.928203230275509,6.928203230275509,0.986893273527251,32.56781251342045,36.37854088368377,0.30336229917817226,0.2421137315899089,0.06124856758826336,0.49419587851957675,0.9453125,0.1181640625,0.0
2.0,1.0,2.0,512,37,6.790658076311529,6.790658076311529,6.928203230275509,6.928203230275509,0.9801470670832919,31.989151482641727,36.82141175513423,0.3062883408271935,0.23288725510137065,0.07340108572582282,0.48899611569003065,0.94140625,0.11767578125,0.109375
2.0,1.0,2.0,512,38,6.97365298373098,6.97365298373098,6.928203230275509,6.928203230275509,1.0065601068480297,31.949222781707963,38.09897531397057,0.3430389339450801,0.2062713476256196,0.1367675863194605,0.4685404894111109,0.955078125,0.119384765625,-0.34375
2.0,1.0,2.0,512,39,7.1545440106270926,7.1545440106270926,6.928203230275509,6.928203230275509,1.0326694776161442,32.89200876894255,38.190259478182355,0.3574210741110124,0.20436959420453682,0.1530514799064756,0.47904866326154916,0.939453125,0.117431640625,-0.25
2.0,1.0,2.0,512,40,6.89089072616886,6.89089072616886,6.928203230275509,6.928203230275509,0.9946144039274718,30.75044901071679,37.53320308043028,0.3524091027687152,0.21805826915769577,0.1343508336110194,0.48040863991135013,0.943359375,0.117919921875,-0.125
2.0,1.0,2.0,512,41,7.0522602759682655,7.0522602759682655,6.928203230275509,6.928203230275509,1.0179060921813956,32.65476863492462,36.94151416908753,0.343416527604406,0.2303851214773548,0.1130314061270512,0.49027207620053104,0.955078125,0.119384765625,-0.125
2.0,1.0,2.0,512,42,6.798940059854918,6.798940059854918,6.928203230275509,6.928203230275509,0.9813424684403419,32.33519969980641,36.790550416415385,0.3004912962374192,0.23353019965802935,0.06696109657938987,0.4865000569342063,0.931640625,0.116455078125,0.15625
2.0,1.0,2.0,512,43,6.771648588739303,6.771648588739303,6.928203230275509,6.928203230275509,0.9774032838915466,32.10783962421571,37.29896182344623,0.2997997524222936,0.2229382953448833,0.07686145707741032,0.47731532400198506,0.935546875,0.116943359375,0.140625
2.0,1.0,2.0,512,44,7.15862064991399,7.15862064991399,6.928203230275509,6.928203230275509,1.033257889813564,36.011162359146205,38.228558040875825,0.2972862654508851,0.20357170748175024,0.09371455796913486,0.46167264289263393,0.953125,0.119140625,0.359375
2.0,1.0,2.0,512,45,7.304466072847146,7.304466072847146,6.928203230275509,6.928203230275509,1.054308863361197,35.19261905089439,38.03105829400755,0.34040912940490686,0.20768628554149615,0.1327228438634107,0.47513123184859907,0.94140625,0.11767578125,0.140625
2.0,1.0,2.0,512,46,6.9161940570211735,6.9161940570211735,6.928203230275509,6.928203230275509,0.9982666251472162,33.43048553741694,37.98981970255939,0.30111077717078405,0.2085454228633391,0.09256535430744495,0.46591364919202993,0.9296875,0.1162109375,-0.203125
2.0,1.0,2.0,512,47,7.129778414114635,7.129778414114635,6.928203230275509,6.928203230275509,1.029094871662867,35.86242083664428,37.56971808269138,0.29451540116276453,0.2172975399439233,0.07721786121884122,0.4718613571072469,0.94921875,0.11865234375,0.203125
2.0,1.0,2.0,512,48,6.5466885414975255,6.5466885414975255,6.928203230275509,6.928203230275509,0.9449330979335587,30.144990018259115,36.410305352753255,0.29664952569458825,0.24145197181765587,0.05519755387693237,0.49424225147814793,0.931640625,0.116455078125,0.515625
2.0,1.0,2.0,512,49,6.6661458129866915,6.6661458129866915,6.928203230275509,6.928203230275509,0.9621752698962908,27.825170948671914,37.81520277079579,0.37383581550105394,0.21218327560842642,0.1616525398926275,0.47286843319906796,0.95703125,0.11962890625,-0.25
2.0,1.0,2.0,512,50,6.927921315228688,6.927921315228688,6.928203230275509,6.928203230275509,0.9999593090679574,32.20744225110276,38.11997686956569,0.3289570101503779,0.2058338152173782,0.12312319493299972,0.469204370534027,0.953125,0.119140625,-0.0625
2.0,1.0,2.0,1024,1,6.76906577489418,6.76906577489418,6.928203230275509,6.928203230275509,0.9770304868243594,33.330565835031386,36.295721620720386,0.2725800324207137,0.24383913290165837,0.02874089951905534,0.49484927471889795,0.8857421875,0.221435546875,-0.4921875
2.0,1.0,2.0,1024,2,6.909501497032908,6.909501497032908,6.928203230275509,6.928203230275509,0.9973006373195179,35.442367705661766,36.30325266337067,0.2576148151738161,0.2436822361797869,0.013932578994029221,0.49490133708905476,0.896484375,0.22412109375,0.09375
2.0,1.0,2.0,1024,3,6.977065526378192,6.977065526378192,6.928203230275509,6.928203230275509,1.0070526649520268,34.19649644703659,36.89532442452608,0.2975166910890569,0.2313474078223764,0.06616928326668048,0.4883284189281304,0.884765625,0.22119140625,0.265625
2.0,1.0,2.0,1024,4,6.823452885258588,6.823452885258588,6.928203230275509,6.928203230275509,0.9848805900266936,32.814779961600884,36.4658185492752,0.2952077787991457,0.24029544689009708,0.05491233190904865,0.4917790513184673,0.8857421875,0.221435546875,-0.0546875
2.0,1.0,2.0,1024,5,7.044224141096023,7.044224141096023,6.928203230275509,6.928203230275509,1.0167461760234624,33.84972592812558,36.70739682875265,0.3178359570495042,0.2352625660676595,0.08257339098184469,0.4902116575542933,0.876953125,0.21923828125,-0.0625
2.0,1.0,2.0,1024,6,6.90108687092113,6.90108687092113,6.928203230275509,6.928203230275509,0.9960860906568267,32.890580222130374,36.37916541629016,0.30938414231747247,0.24210072049396303,0.06728342182350944,0.4963754683604721,0.8994140625,0.224853515625,0.0
2.0,1.0,2.0,1024,7,6.751084982245446,6.751084982245446,6.928203230275509,6.928203230275509,0.9744351829553621,32.16580920327129,36.356551308403226,0.29425577716033946,0.24257184774159635,0.05168392941874311,0.493737075355831,0.884765625,0.22119140625,0.21875
2.0,1.0,2.0,1024,8,6.972725183482782,6.972725183482782,6.928203230275509,6.928203230275509,1.0064261904172669,34.20926147702696,36.35059134105663,0.29637931029510234,0.2426960137279789,0.05368329656712345,0.4947605110190305,0.884765625,0.22119140625,-0.078125
2.0,1.0,2.0,1024,9,6.8966588873594254,6.8966588873594254,6.928203230275509,6.928203230275509,0.9954469662814973,33.27180208052155,36.538745611471825,0.3004821005774957,0.23877613309434087,0.06170596748315482,0.4913207674584817,0.896484375,0.22412109375,0.3515625
2.0,1.0,2.0,1024,10,6.715315255769829,6.715315255769829,6.928203230275509,6.928203230275509,0.9692722676529779,32.5625594221402,36.43518162936379,0.2779193259032421,0.24093371605493408,0.03698560984830801,0.491396697886255,0.8740234375,0.218505859375,-0.171875
2.0,1.0,2.0,1024,11,6.91831172392333,6.91831172392333,6.928203230275509,6.928203230275509,0.9985722840362197,33.053844008148005,36.6001384821933,0.3094077182646292,0.23749711495431158,0.07191060331031762,0.4917557044158896,0.875,0.21875,-0.109375
2.0,1.0,2.0,1024,12,6.816924452007298,6.816924452007298,6.928203230275509,6.928203230275509,0.9839382918529389,33.84068119820123,36.52911896632739,0.2717807842272516,0.23897668820152296,0.032804096025728646,0.490004357478362,0.8779296875,0.219482421875,-0.171875
2.0,1.0,2.0,1024,13,6.595156840439809,6.595156840439809,6.928203230275509,6.928203230275509,0.9519288942939313,30.3623984717173,36.32818646127579,0.3019511442514927,0.24316278205674646,0.05878836219474626,0.4945089285479026,0.8779296875,0.219482421875,0.0625
2.0,1.0,2.0,1024,14,7.101828927895529,7.101828927895529,6.928203230275509,6.928203230275509,1.0250607108147887,34.706749740865014,36.644269484156546,0.3118651846093784,0.23657771908006364,0.07528746552931476,0.4933382290614445,0.8974609375,0.224365234375,0.0390625
2.0,1.0,2.0,1024,15,7.079280396869445,7.079280396869445,6.928203230275509,6.928203230275509,1.0218061107003538,35.00855293067124,36.54465714671585,0.30145251854074806,0.23865297611008185,0.06279954243066621,0.4920906182387651,0.8828125,0.220703125,0.09375
2.0,1.0,2.0,1024,16,6.76845260628999,6.76845260628999,6.928203230275509,6.928203230275509,0.9769419835596874,33.825338131119175,36.457834562425695,0.26164815891079796,0.24046177994944762,0.02118637896135034,0.49046192646327574,0.9013671875,0.225341796875,0.0234375
2.0,1.0,2.0,1024,17,6.928044654473223,6.928044654473223,6.928203230275509,6.928203230275509,0.9999771115544659,35.08661264902868,36.30305776079072,0.26899544041210044,0.24368629665018393,0.02530914376191651,0.4955105444775985,0.8896484375,0.222412109375,0.046875
2.0,1.0,2.0,1024,18,6.958964366814487,6.958964366814487,6.928203230275509,6.928203230275509,1.0044399876153396,33.71651803816012,37.23170584172549,0.3037687819895928,0.22433946163071639,0.0794293203588764,0.4799812434485724,0.8798828125,0.219970703125,0.1015625
2.0,1.0,2.0,1024,19,6.707548802468753,6.707548802468753,6.928203230275509,6.928203230275509,0.9681512766769717,32.50302206770112,36.48625233790642,0.2775695210148261,0.23986974296026975,0.03769977805455638,0.49031131309611814,0.884765625,0.22119140625,-0.09375
2.0,1.0,2.0,1024,20,6.999982561362207,6.999982561362207,6.928203230275509,6.928203230275509,1.0103604540312892,36.21275253094221,36.49316803700923,0.2609605518266329,0.2397256658956367,0.021234885930996206,0.4912791877139945,0.8759765625,0.218994140625,-0.015625
2.0,1.0,2.0,1024,21,6.9850172733210725,6.9850172733210725,6.928203230275509,6.928203230275509,1.0082004007615268,34.434455065346135,36.58454275577996,0.2942380413511032,0.2378220259212459,0.0564160154298573,0.4898321551304391,0.888671875,0.22216796875,0.1484375
2.0,1.0,2.0,1024,22,7.075274501907594,7.075274501907594,6.928203230275509,6.928203230275509,1.0212279095667112,33.90087907647402,36.8688006428461,0.322788425898192,0.23189998660737998,0.09088843929081203,0.48780344920152846,0.8857421875,0.221435546875,-0.0546875
2.0,1.0,2.0,1024,23,6.789363665644594,6.789363665644594,6.928203230275509,6.928203230275509,0.9799602349965428,32.17606946542185,36.38220427451516,0.3019687801280255,0.24203741094761144,0.059931369180414085,0.49508793524148087,0.8828125,0.220703125,0.171875
2.0,1.0,2.0,1024,24,6.887205075355315,6.887205075355315,6.928203230275509,6.928203230275509,0.994082426055137,34.39065442256394,36.30851629607845,0.27497261531941297,0.2435725771650289,0.03140003815438408,0.49428398797400336,0.88671875,0.2216796875,-0.4375
2.0,1.0,2.0,1024,25,6.790658076311529,6.790658076311529,6.928203230275509,6.928203230275509,0.9801470670832919,32.78753415368912,37.08969564982627,0.28897474100609044,0.2272980072952836,0.06167673371080684,0.4794938315627516,0.8759765625,0.218994140625,-0.109375
2.0,1.0,2.0,1024,26,6.805324310041642,6.805324310041642,6.928203230275509,6.928203230275509,0.9822639555813116,31.99340777740992,36.436340104652615,0.30918326711973765,0.2409095811530756,0.06827368596666206,0.49271182737385594,0.8857421875,0.221435546875,0.0078125
2.0,1.0,2.0,1024,27,6.923651542617794,6.923651542617794,6.928203230275509,6.928203230275509,0.9993430204763878,33.94728701066465,36.48934839656664,0.29183465934801334,0.23980524173820061,0.05202941760981272,0.4930990467168715,0.884765625,0.22119140625,0.0234375
2.0,1.0,2.0,1024,28,6.749886970986533,6.749886970986533,6.928203230275509,6.928203230275509,0.9742622649246557,31.756967487309957,36.88272224303701,0.30297874222563725,0.23160995327007294,0.07136878895556431,0.484536238875224,0.8994140625,0.224853515625,0.0390625
2.0,1.0,2.0,1024,29,6.612084809448813,6.612084809448813,6.928203230275509,6.928203230275509,0.954372236159977,31.18432732477462,36.47252022861367,0.28672081662493754,0.24015582857053552,0.04656498805440201,0.4906116312100473,0.884765625,0.22119140625,-0.3046875
2.0,1.0,2.0,1024,30,6.950504246264709,6.950504246264709,6.928203230275509,6.928203230275509,1.0032188743961417,34.72787405445159,36.2339816660921,0.28113792555664996,0.24512538195642009,0.036012543600229874,0.4952635236993163,0.8779296875,0.219482421875,-0.0546875
2.0,1.0,2.0,1024,31,6.976063811964004,6.976063811964004,6.928203230275509,6.928203230275509,1.0069080799303562,34.35776132552985,36.55415464878142,0.29400118951572296,0.23845511148372556,0.0555460780319974,0.49451637848848046,0.8935546875,0.223388671875,-0.1484375
2.0,1.0,2.0,1024,32,6.993701826241593,6.993701826241593,6.928203230275509,6.928203230275509,1.0094539080031404,33.286545077171645,37.77674766228432,0.31945868517445053,0.21298442370241444,0.10647426147203609,0.47286465618262175,0.884765625,0.22119140625,0.296875
2.0,1.0,2.0,1024,33,7.083068603355734,7.083068603355734,6.928203230275509,6.928203230275509,1.022352891209005,34.56184548309971,36.812476707546395,0.31110342136625013,0.23307340192611659,0.07803001944013355,0.49139818473373115,0.8876953125,0.221923828125,0.1328125
2.0,1.0,2.0,1024,34,6.9337687037786315,6.9337687037786315,6.928203230275509,6.928203230275509,1.000803306906299,34.15403330236912,36.4735115943507,0.2895994373133599,0.24013517511769578,0.04946426219566413,0.4923011791335807,0.8935546875,0.223388671875,0.21875
2.0,1.0,2.0,1024,35,6.600762710427864,6.600762710427864,6.928203230275509,6.928203230275509,0.9527380319305928,28.873059188723587,36.404077076742155,0.33731893761165166,0.2415817275678679,0.09573721004378377,0.49646012462205935,0.8828125,0.220703125,-0.234375
2.0,1.0,2.0,1024,36,6.646040989931055,6.646040989931055,6.928203230275509,6.928203230275509,0.9592733886454954,32.95478864546715,36.12042146173658,0.25390780005039015,0.24749121954715225,0.006416580503237901,0.49778294558733566,0.884765625,0.22119140625,0.1328125
2.0,1.0,2.0,1024,37,6.653420576748005,6.653420576748005,6.928203230275509,6.928203230275509,0.960338540254314,31.392287929052653,36.45003579658763,0.2908583148055891,0.24062425423776057,0.05023406056782853,0.49088634349587046,0.8798828125,0.219970703125,0.2109375
2.0,1.0,2.0,1024,38,7.072789621312354,7.072789621312354,6.928203230275509,6.928203230275509,1.0208692479465697,36.27297652710301,36.51627027680408,0.2748936401581069,0.23924436923324865,0.035649270924858256,0.4919838696926124,0.8876953125,0.221923828125,0.1953125
2.0,1.0,2.0,1024,39,6.953089887551792,6.953089887551792,6.928203230275509,6.928203230275509,1.003592079569423,33.87625634622174,36.617168204962,0.2992877292328455,0.23714232906328636,0.06214540016955916,0.4907114063415849,0.892578125,0.22314453125,0.171875
2.0,1.0,2.0,1024,40,7.23253131879453,7.23253131879453,6.928203230275509,6.928203230275509,1.0439259759571053,36.55108553532045,36.63534176629737,0.30125351890556873,0.2367637132021284,0.06448980570344032,0.4927673966817672,0.8896484375,0.222412109375,-0.0546875
2.0,1.0,2.0,1024,41,6.665372087032632,6.665372087032632,6.928203230275509,6.928203230275509,0.962063592174327,31.852252345077456,36.51477249962784,0.2830459030193242,0.23927557292442547,0.043770330094898724,0.48992755927908166,0.87890625,0.2197265625,-0.1015625
2.0,1.0,2.0,1024,42,6.848310231534765,6.848310231534765,6.928203230275509,6.928203230275509,0.9884684389176663,31.39935456016244,36.76100127860758,0.33049493152164255,0.2341458066956772,0.09634912482596536,0.49273763408661914,0.8876953125,0.221923828125,0.1953125
2.0,1.0,2.0,1024,43,6.909978490152846,6.909978490152846,6.928203230275509,6.928203230275509,0.9973694853460674,33.009215978662795,36.74167489685506,0.3086757067692557,0.2345484396488393,0.0741272671204164,0.48920228711428,0.8642578125,0.216064453125,-0.046875
2.0,1.0,2.0,1024,44,7.126400458583123,7.126400458583123,6.928203230275509,6.928203230275509,1.0286073057790097,34.514794303237636,37.57110250990066,0.3203820468875307,0.21726869771040036,0.10311334917713033,0.4793271359067336,0.892578125,0.22314453125,0.1640625
2.0,1.0,2.0,1024,45,6.641470534405388,6.641470534405388,6.928203230275509,6.928203230275509,0.9586137002134797,31.5769599746353,36.805317594846215,0.2841173843278324,0.23322255010736814,0.05089483422046426,0.4859882464019988,0.888671875,0.22216796875,-0.515625
2.0,1.0,2.0,1024,46,6.790743462784008,6.790743462784008,6.928203230275509,6.928203230275509,0.9801593915590098,34.31230131866407,36.49832561956235,0.2559275946117756,0.23961821625911828,0.016309378352657333,0.48964407992225745,0.8720703125,0.218017578125,0.4453125
2.0,1.0,2.0,1024,47,6.609093337674522,6.609093337674522,6.928203230275509,6.928203230275509,0.9539404544014369,31.51107370733074,36.62373437386849,0.27859453001668844,0.2370055338777406,0.04158899613894784,0.4870569547096437,0.87890625,0.2197265625,-0.0859375
2.0,1.0,2.0,1024,48,6.8734195626612955,6.8734195626612955,6.928203230275509,6.928203230275509,0.9920926586889347,32.12452293526052,36.37710633494388,0.3200280813864478,0.24214361802199935,0.07788446336444843,0.4943093566102167,0.8681640625,0.217041015625,-0.078125
2.0,1.0,2.0,1024,49,6.6958001937315155,6.6958001937315155,6.928203230275509,6.928203230275509,0.9664555110727098,32.48111776964843,36.31936661126255,0.2755206770648938,0.24334652893204167,0.03217414813285213,0.4934013978111327,0.8974609375,0.224365234375,-0.203125
2.0,1.0,2.0,1024,50,6.941506268623817,6.941506268623817,6.928203230275509,6.928203230275509,1.001920128192859,33.50656170732883,36.836976027946164,0.30461963378169055,0.2325629994177918,0.07205663436389875,0.49005239248347743,0.875,0.21875,0.0546875
