J,h,J_over_h,nsamples,run,epoch,sampled_energy,exact_model_energy,exact_model_variance,sampled_target_rms,exact_target_rms,target_rms_ratio,train_r2,probability_r2,hilbert_r2,probability_corr,hilbert_corr,generalization_gap,sampling_gap,relevance_gap,instantaneous_state_coverage,cumulative_state_coverage,cumulative_probability_coverage,participation_ratio,participation_fraction,unique_fraction
0.05,1.0,0.05,64,1,1,-12.000000000000002,-12.000000000000002,0.029999999999999888,0.19039432764659747,0.1732050807568874,1.0992421631894107,0.6711412151067326,-0.5560756802721107,-0.5560756802720119,0.3340919038269763,0.3340919038269765,1.2272168953787446,1.2272168953788434,-9.880984919163893e-14,0.015380859375,0.015380859375,0.015380859375,4096.0,1.0,0.984375
0.05,1.0,0.05,64,1,2,-11.993878869474347,-12.000732449156121,0.027417054250191482,0.1647606044158578,0.16558095980574422,0.9950455934616586,0.612978171288725,-0.009490681159078695,-0.010775343214781463,0.4224660882780344,0.42216309771341476,0.6237535145035065,0.6224688524478037,0.0012846620557027677,0.015625,0.03076171875,0.030706850183155384,4094.359315430016,0.9995994422436563,1.0
0.05,1.0,0.05,64,1,4,-11.995206758907832,-12.001717870966058,0.0237023459105936,0.13981028929711273,0.15395566215827725,0.9081204766173389,0.5330596964425196,-0.4066042817316837,-0.4107225328219448,0.09340079762163492,0.09250545225879377,0.9437822292644644,0.9396639781742033,0.004118251090261094,0.015625,0.060791015625,0.0607643471719433,4092.430400012413,0.9991285156280305,1.0
0.05,1.0,0.05,64,1,8,-11.988140602706395,-12.002175603481435,0.02238015388759372,0.14640191747957426,0.14959997957083324,0.9786225766846128,0.7196975449947373,-0.21098230880370816,-0.21731591491941926,0.35149765046689196,0.35158980679642937,0.9370134599141565,0.9306798537984454,0.006333606115711099,0.01513671875,0.117919921875,0.11783106209862859,4089.787271073894,0.9984832204770249,0.96875
0.05,1.0,0.05,64,1,16,-12.04344668543706,-12.004285224295817,0.01522933161624659,0.10240966985752112,0.12340717813906366,0.829851807664858,0.6438044575115489,-0.21695778197332727,-0.22172564779966697,0.21572778641103285,0.21219960907789812,0.8655301053112159,0.8607622394848762,0.004767865826339701,0.01513671875,0.22119140625,0.2215741654383317,4082.0258176315333,0.9965883343826986,0.96875
0.05,1.0,0.05,64,1,32,-12.020797876621723,-12.005495118232904,0.011083953659493995,0.10257059387214068,0.10528035742480168,0.9742614518135874,0.7345921552391231,-0.41168633344980154,-0.4158598464977239,0.1830357948184352,0.18302061740445463,1.1504520017368471,1.1462784886889246,0.00417351304792235,0.015380859375,0.3974609375,0.3985437741698004,4069.5193788901342,0.9935350046118492,0.984375
0.05,1.0,0.05,64,1,64,-12.012046814587382,-12.00540784561374,0.012574731641738486,0.08864551668973496,0.11213711090329768,0.7905100815926951,0.6370758020907208,-0.3685312129075238,-0.36720048633151037,0.05108026483962105,0.05192074119245809,1.0042762884222312,1.0056070149982446,-0.001330726576013408,0.015625,0.630615234375,0.6320511649677563,4060.378543593919,0.9913033553696091,1.0
0.05,1.0,0.05,64,2,1,-11.993750000000002,-12.000000000000002,0.029999999999999888,0.17309228030157747,0.1732050807568874,0.999348746267621,0.6340969764698574,-0.22444704270596727,-0.224447042705884,0.29185694820028696,0.29185694820028796,0.8585440191757414,0.8585440191758247,-8.326672684688674e-14,0.015380859375,0.015380859375,0.015380859375,4096.0,1.0,0.984375
0.05,1.0,0.05,64,2,2,-11.995510269622722,-12.000505661456778,0.028205705353567753,0.16667922709429842,0.1679455428213793,0.9924599622841572,0.6537179091193892,-0.4646925345079642,-0.4667666100804828,0.22272396886417303,0.22244114039873297,1.120484519199872,1.1184104436273534,0.0020740755725185966,0.015380859375,0.02978515625,0.02985252181980619,4095.1564908452697,0.9997940651477709,0.984375
0.05,1.0,0.05,64,2,4,-12.00962202768773,-12.000993035603827,0.026859900791607466,0.14830711202128274,0.16388990448348997,0.9049191436695417,0.673606055642783,-0.2598137429944727,-0.26409854609935146,0.2681484137032913,0.266829214776738,0.9377046017421344,0.9334197986372557,0.004284803104878776,0.015380859375,0.059326171875,0.059360138339462055,4092.6969753800886,0.9991935975049044,0.984375
0.05,1.0,0.05,64,2,8,-11.976327368169141,-12.001899728517323,0.023881436144325478,0.13414662440804465,0.15453619687414816,0.8680595687060394,0.6827532802545548,-0.6173337134974499,-0.6177942315333957,0.14242721595520882,0.14201409613855293,1.3005475117879506,1.3000869937520048,0.00046051803594582275,0.015625,0.115966796875,0.11606672658833106,4089.3193221603237,0.9983689751367978,1.0
0.05,1.0,0.05,64,2,16,-11.998930976563468,-12.003379283411334,0.019254258094494933,0.11677315353364612,0.1387597135140273,0.8415493991477682,0.6553381041395929,-0.2507353724785748,-0.25093728445262453,0.1831209679279653,0.18231609036080892,0.9062753885922175,0.9060734766181677,0.00020191197404972883,0.015625,0.219482421875,0.21922125212049093,4083.9566515904994,0.9970597293922118,1.0
0.05,1.0,0.05,64,2,32,-12.041146484132467,-12.004782564419004,0.014447581405440332,0.12968152242583555,0.12019809235358243,1.0788983409516688,0.7171884468951795,-0.983977703628347,-1.0030739896739753,0.15418272470733793,0.1453046272360718,1.7202624365691548,1.7011661505235265,0.019096286045628297,0.015625,0.3955078125,0.3961027680049167,4070.966668730715,0.9938883468580847,1.0
0.05,1.0,0.05,64,2,64,-12.007932914917093,-12.00465328610822,0.017336350144853532,0.12669297189774043,0.1316675743866102,0.962218469414018,0.6679167402487313,-0.5205183384320695,-0.5084994570794998,0.1472646563368442,0.148600616601589,1.1764161973282312,1.1884350786808007,-0.012018881352569677,0.015625,0.635986328125,0.6384395886344721,4060.252976560705,0.9912726993556409,1.0
0.05,1.0,0.05,64,3,1,-12.040625000000002,-12.000000000000002,0.029999999999999888,0.15483736427296835,0.1732050807568874,0.8939539394361059,0.6106992532247117,-0.22206741898148064,-0.22206741898142313,0.2244606709741882,0.22446067097418856,0.8327666722061349,0.8327666722061924,-5.750955267558311e-14,0.015380859375,0.015380859375,0.015380859375,4096.0,1.0,0.984375
0.05,1.0,0.05,64,3,2,-12.033479523551112,-12.00032517761122,0.0288687660070169,0.15521472051446025,0.16990811048039142,0.913521550416942,0.6451696551819144,-0.3561521823064804,-0.3553955756265459,0.2923420185642,0.29248340159876257,1.0005652308084603,1.0013218374883948,-0.0007566066799344906,0.015380859375,0.03076171875,0.030818265229500225,4095.3291119424566,0.9998362089703263,0.984375
0.05,1.0,0.05,64,3,4,-12.011215054603841,-12.000993416310882,0.02661246112433989,0.17550821696318664,0.16313326185772137,1.0758579517416762,0.7310039591975703,-0.5295425425416207,-0.526218181558636,0.21083563586162435,0.2119032079777237,1.2572221407562063,1.260546501739191,-0.00332436098298472,0.015380859375,0.060546875,0.06061029795916815,4094.0393217726396,0.9995213187921483,0.984375
0.05,1.0,0.05,64,3,8,-12.007195502209791,-12.002517576575297,0.021183124220038502,0.14844651709724246,0.1455442345819253,1.0199408964817738,0.616494361475981,-0.4865343832677942,-0.4907949450778375,0.23026425019113214,0.22812754348565104,1.1072893065538185,1.1030287447437752,0.004260561810043306,0.015380859375,0.117919921875,0.11801173625620931,4090.2768172782853,0.9986027385933314,0.984375
0.05,1.0,0.05,64,3,16,-11.999830833526799,-12.004028347498677,0.016091460171108553,0.13052230463069284,0.12685211930081638,1.0289327868553224,0.6470247554839147,-0.28904226625867313,-0.2915803983442524,0.2191811321676098,0.21638600742340616,0.9386051538281671,0.9360670217425878,0.002538132085579292,0.015625,0.22412109375,0.2244358660302035,4082.252549494757,0.9966436888414935,1.0
0.05,1.0,0.05,64,3,32,-12.025567451759837,-12.004904516976124,0.013925970872014047,0.12263340038205896,0.11800835085710691,1.0391925613006183,0.640582602648231,-0.7220859236090422,-0.7108276496567367,0.08250218036550422,0.08498515575047944,1.3514102523049676,1.362668526257273,-0.011258273952305498,0.015625,0.398193359375,0.3989282020129969,4072.742298734106,0.9943218502768814,1.0
0.05,1.0,0.05,64,3,64,-12.015909550409788,-12.004078978685287,0.0202152895038902,0.13830486961515454,0.14218048214818446,0.9727415994482937,0.6317313053260121,-0.6067798521440104,-0.5869359905123628,0.07093161606044322,0.07541874621715258,1.2186672958383749,1.2385111574700225,-0.01984386163164764,0.015380859375,0.6318359375,0.6345891285199186,4057.5777334396416,0.9906195638280375,0.984375
0.05,1.0,0.05,64,4,1,-12.043750000000005,-12.000000000000002,0.029999999999999888,0.1852995885046695,0.1732050807568874,1.0698276730389802,0.6743774491214763,-0.22663644547325323,-0.22663644547320994,0.3023510239201577,0.3023510239201586,0.9010138945946863,0.9010138945947296,-4.3298697960381105e-14,0.015380859375,0.015380859375,0.015380859375,4096.0,1.0,0.984375
0.05,1.0,0.05,64,4,2,-12.013651222840267,-12.000530062528709,0.028189105015767844,0.16150306560116856,0.1678961137601697,0.9619225959682828,0.7223193523796124,-0.2561605615311868,-0.25845181943203,0.21830407131752055,0.2171066048047481,0.9807711718116424,0.9784799139107992,0.002291257900843169,0.015625,0.030517578125,0.03055113406202757,4095.0839040076694,0.9997763437518724,1.0
0.05,1.0,0.05,64,4,4,-12.019126285442455,-12.00115690791572,0.025960744834103273,0.15383168966744498,0.16112338388360417,0.9547446556768773,0.5759179048382985,-0.7245531705005881,-0.7270709502664128,0.1528203141654279,0.1524499857184818,1.3029888551047113,1.3004710753388866,0.002517779765824679,0.015380859375,0.06005859375,0.060153212836754975,4093.2885709769325,0.9993380300236652,0.984375
0.05,1.0,0.05,64,4,8,-12.007625606024249,-12.001881957964269,0.02372745420891086,0.1649272292294744,0.1540371845007265,1.070697505696727,0.7282445340208838,-0.49788544452054717,-0.5022610346389358,0.3192936272282339,0.3201818556567126,1.2305055686598196,1.226129978541431,0.004375590118388617,0.015625,0.118896484375,0.1189326219875346,4089.732100609635,0.9984697511253992,1.0
0.05,1.0,0.05,64,4,16,-12.041630940575468,-12.00387201667645,0.017060847266816986,0.14297870285822098,0.13061717829909275,1.094639347749668,0.6598341876893341,-0.7307421036596204,-0.7365012763521415,0.18230800169626046,0.18113454056233255,1.3963354640414756,1.3905762913489546,0.00575917269252102,0.015380859375,0.222412109375,0.22294418329045143,4082.653579960857,0.9967415966701311,0.984375
0.05,1.0,0.05,64,4,32,-11.994295374735312,-12.004246334782989,0.017367720282553758,0.13292028160403763,0.13178664682946356,1.0086020458206288,0.5803599949558242,-0.3725294987798746,-0.3710032074755607,0.18195291462842694,0.17883397424877287,0.951363202431385,0.9528894937356989,-0.0015262913043139203,0.01513671875,0.395263671875,0.39628336109061185,4069.356345890303,0.9934952016333748,0.96875
0.05,1.0,0.05,64,4,64,-12.00014709419973,-12.004224907550318,0.019651657417370044,0.12934410755752893,0.1401843693760829,0.9226713943444579,0.6424883303954632,-0.6213089068233806,-0.6104785317237607,0.03673984427558686,0.04094448828479194,1.2529668621192238,1.2637972372188437,-0.010830375099619927,0.015380859375,0.627197265625,0.6295575106376087,4055.895192938011,0.9902087873383816,0.984375
0.05,1.0,0.05,64,5,1,-11.990625000000001,-12.000000000000002,0.029999999999999888,0.15980334594431966,0.1732050807568874,0.9226250479835603,0.6475134298461254,-0.46812579719388214,-0.4681257971937913,0.21564414467671428,0.21564414467671478,1.1156392270399167,1.1156392270400075,-9.08162434143378e-14,0.015625,0.015625,0.015625,4096.0,1.0,1.0
0.05,1.0,0.05,64,5,2,-12.029864681886249,-12.00033887640301,0.028768469610381833,0.16845516255959211,0.16961270474342963,0.9931753804316221,0.6345780307332533,-0.23526371306592142,-0.23472359285352784,0.358729992345102,0.35890582116721237,0.8693016235867811,0.8698417437991747,-0.00054012021239358,0.015380859375,0.03076171875,0.030771263815981293,4094.947296936896,0.9997429924162343,0.984375
0.05,1.0,0.05,64,5,4,-12.016796813601108,-12.001509477763435,0.02460343855079738,0.17174636747267547,0.156854832730131,1.0949383228004543,0.6636699445351902,-0.3778840206662317,-0.3762098906021605,0.2571177141798579,0.2565889028375586,1.0398798351373508,1.0415539652014218,-0.0016741300640712442,0.015625,0.060546875,0.060674836018341956,4093.0307496904843,0.9992750853736534,1.0
0.05,1.0,0.05,64,5,8,-11.983429298520663,-12.002980528972536,0.019086871071855055,0.11603669297679475,0.13815524265063217,0.8399007576587525,0.6278525613378294,-0.22695828411975638,-0.22627364197314437,0.27586351603440706,0.27773939650457047,0.8541262033109738,0.8548108454575858,-0.0006846421466120134,0.015625,0.1181640625,0.11844072953559037,4088.8872324848544,0.9982634844933727,1.0
0.05,1.0,0.05,64,5,16,-12.018191850263019,-12.004570812943257,0.013660907921104677,0.12237423847779401,0.11687988672609448,1.0470085307712131,0.6341804514704672,-0.26885975409433427,-0.2687798713827798,0.26782724330603597,0.2665553756621046,0.902960322853247,0.9030402055648015,-7.988271155445759e-5,0.015625,0.222412109375,0.22285392449530536,4081.8451598238403,0.9965442284726173,1.0
0.05,1.0,0.05,64,5,32,-12.023761680007002,-12.005435436522351,0.011464789237674975,0.11156421594014228,0.10707375606410273,1.0419380064835981,0.6380180499582331,-0.8546779680898144,-0.8505528025609077,0.09436783212863348,0.09463491302515557,1.4885708525191408,1.4926960180480475,-0.004125165528906738,0.015625,0.3984375,0.3995117563155693,4072.439778562295,0.9942479928130603,1.0
0.05,1.0,0.05,64,5,64,-12.01479678315163,-12.00507488647126,0.014881150120445476,0.12694709073539703,0.12198831960661428,1.0406495568163714,0.5602510306085005,-0.6565371239887865,-0.6656131799020779,0.13727074634667769,0.1353844451845371,1.2258642105105784,1.216788154597287,0.009076055913291414,0.015380859375,0.639892578125,0.6419892897121802,4063.2940401092696,0.9920151465110522,0.984375
0.05,1.0,0.05,64,6,1,-12.0,-12.000000000000002,0.029999999999999888,0.20615528128088279,0.1732050807568874,1.1902380714238092,0.6588235294117644,-0.41009259259259556,-0.41009259259252095,0.3070850685039023,0.3070850685039025,1.0689161220042853,1.06891612200436,-7.460698725481052e-14,0.015625,0.015625,0.015625,4096.0,1.0,1.0
0.05,1.0,0.05,64,6,2,-11.983218843275926,-12.00063459250493,0.027610369455371257,0.15715461249529852,0.16616368272089801,0.9457819538055626,0.7241378720135663,-0.5434063038079087,-0.5434210725993247,0.10521321501318387,0.10552567496077443,1.267558944612891,1.267544175821475,1.4768791416042149e-5,0.01513671875,0.030517578125,0.030454198670779333,4094.7472527825225,0.999694153511358,0.96875
0.05,1.0,0.05,64,6,4,-12.011894009751527,-12.001231313995579,0.025680119885647435,0.16316573609010576,0.160250179050282,1.0181937833523977,0.7156172870517108,-0.458743476252524,-0.4597017198076918,0.2737704595012447,0.2722141592344521,1.1753190068594026,1.1743607633042348,0.0009582435551678259,0.015380859375,0.060302734375,0.06034087569242161,4092.9185284273326,0.9992476876043292,0.984375
0.05,1.0,0.05,64,6,8,-12.007262251419295,-12.002689772038652,0.02044526061608897,0.13123596285712136,0.14298692463329984,0.9178179277139175,0.7613256609646972,-0.702123930090081,-0.6977111649089458,0.08512025318766464,0.0844736139119564,1.459036825873643,1.4634495910547782,-0.004412765181135203,0.015380859375,0.1171875,0.11734824730187689,4089.4735894347846,0.9984066380456017,0.984375
0.05,1.0,0.05,64,6,16,-11.976923492387161,-12.003866665914867,0.01647619753455972,0.13507213145923297,0.1283596413774973,1.0522943972864076,0.6421826799946379,-0.6832816266494088,-0.6753051148770524,0.20026807736174868,0.20288048273813464,1.31748779487169,1.3254643066440468,-0.007976511772356476,0.01513671875,0.22119140625,0.22149518091414064,4082.0934137840563,0.9966048373496231,0.96875
0.05,1.0,0.05,64,6,32,-12.008843768890678,-12.004838160529454,0.014089356272884159,0.11380373753735816,0.11869859423297378,0.9587623027277954,0.5270219595471081,-0.6066254894660665,-0.5962164592038413,0.10144759722856722,0.10565415996451828,1.1232384187509492,1.1336474490131745,-0.010409030262225283,0.015625,0.39306640625,0.3941397850166601,4072.8767135469466,0.9943546663932975,1.0
0.05,1.0,0.05,64,6,64,-12.009678573163724,-12.00470747782633,0.0162578638994559,0.13834008878125248,0.12750632886039776,1.084966448471089,0.6534723154067787,-0.7063009604735893,-0.690087057339746,0.17342310189437132,0.17542159489736467,1.3435593727465247,1.359773275880368,-0.0162139031338433,0.015625,0.634521484375,0.6371070925720056,4061.111213629448,0.9914822298900019,1.0
0.05,1.0,0.05,64,7,1,-11.990624999999998,-12.000000000000002,0.029999999999999888,0.17828939781994851,0.1732050807568874,1.0293543182500375,0.7621359081266919,-0.6441902577003036,-0.6441902577002354,0.233819954081493,0.23381995408149353,1.4063261658269273,1.4063261658269954,-6.816769371198461e-14,0.015625,0.015625,0.015625,4096.0,1.0,1.0
0.05,1.0,0.05,64,7,2,-12.02580686543428,-12.000410323603264,0.02855202640009387,0.15478501657699267,0.16897344880215315,0.9160315876503571,0.711085512361801,-0.1701781767647894,-0.1700428766448303,0.2946109070588521,0.29483205788794453,0.8811283890066313,0.8812636891265904,-0.00013530011995910307,0.015625,0.031005859375,0.030966764012346194,4094.6131396291153,0.9996614110422645,1.0
0.05,1.0,0.05,64,7,4,-11.96795010443113,-12.001074206390408,0.026498920854934934,0.15701641454397877,0.16278489135953292,0.9645638070746156,0.7668931844572398,-0.6608436234550534,-0.6637675860076864,0.19516271505248378,0.19577911709263995,1.4306607704649261,1.4277368079122932,0.0029239625526329416,0.015380859375,0.060546875,0.060414057669153025,4093.2326220413725,0.9993243706155694,0.984375
0.05,1.0,0.05,64,7,8,-11.991898459037708,-12.002291016578772,0.022450619098602367,0.15011607206093244,0.1498353065822684,1.0018738272378405,0.623067763903318,-0.9538069065768318,-0.9504358704108689,0.15605984986858373,0.1533894060823019,1.5735036343141868,1.5768746704801497,-0.003371036165962904,0.015625,0.1171875,0.11687835730555533,4089.0519807790965,0.9983037062448966,1.0
0.05,1.0,0.05,64,7,16,-12.027316409983571,-12.003853199011093,0.01755867432448901,0.13149446272264875,0.13250914807849687,0.9923425260024535,0.6903253972049956,-0.690447135309801,-0.6803576488361247,0.08967441921439709,0.08937778484058782,1.3706830460411203,1.3807725325147966,-0.010089486473676246,0.015625,0.2216796875,0.22158481050188764,4082.678592383141,0.9967477032185403,1.0
0.05,1.0,0.05,64,7,32,-12.046390515480095,-12.004483012390999,0.016289517275621987,0.1256117056303826,0.12763039322834505,0.9841833316743701,0.6770383378710871,-0.7195849262716367,-0.728463449553689,0.2228527864216678,0.2216747701484452,1.4055017874247762,1.3966232641427239,0.008878523282052297,0.015625,0.38720703125,0.38785434593152884,4069.568356827409,0.9935469621160666,1.0
0.05,1.0,0.05,64,7,64,-12.000508978593508,-12.004061212445585,0.020448547769254408,0.1392897154060711,0.14299841876487449,0.9740647246953029,0.6574870946331959,-0.6280400088954823,-0.6416934562379515,0.12094935170798499,0.11534419277222617,1.2991805508711474,1.2855271035286782,0.013653447342469205,0.015625,0.62744140625,0.6297016562808462,4062.0407192156595,0.9917091599647606,1.0
0.05,1.0,0.05,64,8,1,-11.946874999999999,-12.000000000000002,0.029999999999999888,0.1590683324078047,0.1732050807568874,0.918381445351911,0.6084027126867728,-0.676170280612246,-0.6761702806121688,0.11318535068858254,0.11318535068858278,1.2845729932989416,1.2845729932990189,-7.72715225139109e-14,0.01513671875,0.01513671875,0.01513671875,4096.0,1.0,0.96875
0.05,1.0,0.05,64,8,2,-11.970007652267167,-12.000050452744999,0.030056725469736124,0.16347904353715872,0.17336875574836466,0.9429556256055716,0.7033245571961029,-0.602406395809922,-0.6006059644234711,0.08214858453253927,0.08260171042642624,1.303930521619574,1.3057309530060248,-0.001800431386450807,0.015625,0.030517578125,0.03056230499661795,4094.9156882503603,0.9997352754517481,1.0
0.05,1.0,0.05,64,8,4,-11.972699770549744,-12.00015019837516,0.02966703678885948,0.1589712567263459,0.1722412168700032,0.9229571156962236,0.5900028843361911,-0.12522388660862416,-0.12897427752751356,0.2770337947282611,0.27513277886949283,0.7189771618637046,0.7152267709448152,0.0037503909188894013,0.015380859375,0.05908203125,0.05909954542485486,4092.589622685164,0.9991673883508702,0.984375
0.05,1.0,0.05,64,8,8,-12.030103876090228,-12.001478659959085,0.025291526043526837,0.14552438118960853,0.15903309732105086,0.9150572028150129,0.6957782117639313,-0.23662834679944944,-0.23689705418081886,0.23704978308795893,0.2372916638467684,0.9326752659447501,0.9324065585633807,0.0002687073813694152,0.015625,0.116455078125,0.11647514012441022,4091.0351461029572,0.9987878774665423,1.0
0.05,1.0,0.05,64,8,16,-11.990903499573703,-12.002954630165984,0.02051763652468617,0.15034909228307292,0.14323978680759814,1.0496321981058525,0.7338316500638241,-0.4154502335902479,-0.4163400573036742,0.21874790479969675,0.2171615264040499,1.1501717073674982,1.149281883654072,0.0008898237134262743,0.015625,0.220458984375,0.22072725203982346,4083.608747807943,0.9969747919452986,1.0
0.05,1.0,0.05,64,8,32,-11.98929495735393,-12.004847137918544,0.01384790757375827,0.11752735822710147,0.11767713275636126,0.9987272418544572,0.6549538940491486,-0.48657229357080456,-0.48893270617717954,0.15677197336035262,0.15678586284906434,1.1438866002263282,1.1415261876199532,0.002360412606374984,0.015625,0.39697265625,0.3982953272260052,4074.8880142931343,0.9948457066145348,1.0
0.05,1.0,0.05,64,8,64,-11.96188959455935,-12.004593769293798,0.016954102365272207,0.12478643073591147,0.1302079197486551,0.95836283212873,0.5289775921058044,-0.6627864599598312,-0.6568963885979371,0.019646440284315073,0.02409950175917,1.1858739807037415,1.1917640520656356,-0.0058900713618941225,0.015625,0.62890625,0.6306597209920565,4062.1650392143333,0.9917395115269368,1.0
0.05,1.0,0.05,64,9,1,-11.981249999999998,-12.000000000000002,0.029999999999999888,0.1529654781315048,0.1732050807568874,0.8831465997594428,0.6892598775737336,-0.1855960648148136,-0.18559606481474145,0.23399100132937012,0.23399100132937065,0.8748559423884751,0.8748559423885472,-7.216449660063518e-14,0.015380859375,0.015380859375,0.015380859375,4096.0,1.0,0.984375
0.05,1.0,0.05,64,9,2,-12.001529257478674,-12.000338885723911,0.028829616140778617,0.17307189071192614,0.16979286245534178,1.0193119322518447,0.6286717325152993,-0.19848877588570568,-0.19816135253561762,0.2627775037482302,0.26317502675135684,0.8268330850509169,0.827160508401005,-0.000327423350088063,0.015380859375,0.03076171875,0.030782360301763047,4095.356061558438,0.9998427884664155,0.984375
0.05,1.0,0.05,64,9,4,-11.975834232923107,-12.000830623850034,0.027123526528137938,0.15191041869557068,0.16469221757004165,0.9223897822067091,0.6076067969155992,-0.2111405960294479,-0.21141038048387806,0.24813624502574538,0.24727907780179717,0.8190171773994772,0.8187473929450471,0.0002697844544301553,0.015625,0.060791015625,0.06096392285513734,4093.612542970791,0.9994171247487282,1.0
0.05,1.0,0.05,64,9,8,-12.033314482941371,-12.001883073092012,0.023864610737335517,0.15183116647909586,0.15448174888101027,0.9828420999819466,0.7087638543057173,-0.17446196473701048,-0.17156404428466,0.2982492700328747,0.29999416841968796,0.8803278985903773,0.8832258190427278,-0.0028979204523504887,0.015380859375,0.11767578125,0.11819380949871015,4090.113704419495,0.9985629161180408,0.984375
0.05,1.0,0.05,64,9,16,-12.0059596180225,-12.003734236287322,0.0175022765652307,0.12138170558442646,0.1322961698811825,0.9174997711078218,0.7569082047316853,-0.2799417828310511,-0.28277634210158253,0.23483988469052658,0.23395603657080447,1.0396845468332678,1.0368499875627364,0.002834559270531445,0.015625,0.222412109375,0.22257143515891006,4084.8815636375375,0.9972855379974457,1.0
0.05,1.0,0.05,64,9,32,-12.010984282624776,-12.004796780420394,0.014546019683984628,0.11201695950338421,0.12060688074892173,0.9287775192244634,0.670818737251617,-0.299913236184556,-0.30261968059578837,0.15889848848124113,0.1589492017042202,0.9734384178474054,0.970731973436173,0.002706444411232356,0.015625,0.398193359375,0.3982452494439785,4072.155446107261,0.9941785757097805,1.0
0.05,1.0,0.05,64,9,64,-12.031334259443211,-12.00412576839397,0.020149935901654925,0.15130362349945076,0.1419504698888134,1.065890261708633,0.5655518735587703,-0.8311736091244404,-0.824666052036952,0.000792288677104017,0.002963658506868595,1.3902179255957223,1.3967254826832107,-0.0065075570874884026,0.015625,0.633056640625,0.6345197272047088,4061.072550536649,0.9914727906583616,1.0
0.05,1.0,0.05,64,10,1,-11.990625000000001,-12.000000000000002,0.029999999999999888,0.17113476962616297,0.1732050807568874,0.9880470531136998,0.6950094475936419,-0.30179398148148073,-0.301793981481395,0.2620225349070446,0.26202253490704486,0.9968034290750369,0.9968034290751226,-8.570921750106208e-14,0.015625,0.015625,0.015625,4096.0,1.0,1.0
0.05,1.0,0.05,64,10,2,-11.985572564971134,-12.000450872694568,0.028342242521723827,0.1424738984701175,0.16835154445897973,0.8462880392809966,0.7426404327934262,-0.22321692073521304,-0.22335709732313047,0.36213905755329123,0.36180118660920074,0.9659975301165566,0.9658573535286392,0.00014017658791742882,0.015380859375,0.0302734375,0.03030393688129099,4095.0724223276443,0.999773540607335,0.984375
0.05,1.0,0.05,64,10,4,-12.008503931468805,-12.001682327277962,0.023783054679369288,0.16310356396641357,0.15421755632666886,1.0576199484118531,0.7258554851871875,-0.40070733738410613,-0.3988428513193616,0.2533862974476193,0.2522915816242421,1.124698336506549,1.1265628225712936,-0.0018644860647445416,0.015625,0.060302734375,0.06055732580110099,4093.2272703747826,0.9993230640563434,1.0
0.05,1.0,0.05,64,10,8,-12.013038201318434,-12.002745595992065,0.020227520683035984,0.13551664683275585,0.14222348850677227,0.952842939345444,0.7689820108712101,-0.8740418575246329,-0.8676771385179884,0.16621957186068106,0.16678231241291966,1.6366591493891987,1.6430238683958431,-0.006364719006644481,0.015380859375,0.116455078125,0.11679640151853106,4089.1788511729073,0.9983346804621356,0.984375
0.05,1.0,0.05,64,10,16,-12.016227053027277,-12.004448404036346,0.01424070654128467,0.11422505681897142,0.11933443149939865,0.957184405068767,0.7054698510687811,-0.23720860523874188,-0.24102836762125102,0.3007270887950572,0.29911278211743,0.9464982186900321,0.942678456307523,0.00381976238250914,0.015625,0.219482421875,0.2197281118294906,4084.052424269387,0.9970831113938933,1.0
0.05,1.0,0.05,64,10,32,-12.016167224534456,-12.005118406016848,0.012975574935212139,0.11406877811899518,0.1139103811564694,1.001390540185343,0.6719719949003898,-0.8529115281558357,-0.8688610460696644,0.08001568389334748,0.07499972924828661,1.5408330409700541,1.5248835230562254,0.015949517913828704,0.015625,0.39404296875,0.3953609906720842,4072.326637919098,0.9942203705857173,1.0
0.05,1.0,0.05,64,10,64,-12.023075801469853,-12.004964610970319,0.015305252394513025,0.12632326808260125,0.12371439849311407,1.0210878411992796,0.6190020182264782,-0.8674150245704861,-0.8547711456459681,0.0674951419497905,0.067939446741788,1.4737731638724463,1.4864170427969643,-0.012643878924518015,0.015380859375,0.632568359375,0.6355624098506186,4060.42671819391,0.99131511674656,0.984375
0.05,1.0,0.05,256,1,1,-11.98515625,-12.000000000000002,0.029999999999999888,0.1665785492971329,0.1732050807568874,0.961741702779172,0.3494233511163435,0.12354039034830089,0.12354039034834285,0.39739284266416286,0.3973928426641641,0.22588296076800063,0.2258829607680426,-4.196643033083092e-14,0.060791015625,0.060791015625,0.060791015625,4096.0,1.0,0.97265625
0.05,1.0,0.05,256,1,2,-11.996569780118884,-12.000588224754328,0.027686954849118643,0.17251590636002556,0.16639397479812376,1.0367917862971252,0.40884405190255124,0.0568661400513909,0.05710651571240255,0.4017703500789425,0.4019523093642301,0.3517375361901487,0.35197791185116034,-0.0002403756610116492,0.060302734375,0.1181640625,0.11808285984689766,4095.5831295787066,0.9998982249948014,0.96484375
0.05,1.0,0.05,256,1,4,-12.008009368014607,-12.001866263439425,0.022738390064988085,0.1405059065171317,0.15079253981874596,0.9317828765668456,0.34662174181499095,0.11029684453038968,0.10925118361085195,0.3721809818793327,0.3712998978591779,0.237370558204139,0.23632489728460127,0.0010456609195377276,0.060302734375,0.2177734375,0.21764138598085958,4094.487137346221,0.9996306487661673,0.96484375
0.05,1.0,0.05,256,1,8,-12.02129061157658,-12.003535379414826,0.01628590749950419,0.12298869050164986,0.12761625092245968,0.9637384707091767,0.38875042595950116,0.14533200306753113,0.1416427113119938,0.4129095541077671,0.411475608821794,0.24710771464750736,0.24341842289197002,0.0036892917555373383,0.060791015625,0.38818359375,0.3884146392126196,4091.2872836358383,0.9988494344814058,0.97265625
0.05,1.0,0.05,256,1,16,-11.994388549658439,-12.005447461639868,0.008778319040221309,0.09399897063461429,0.09369268402720304,1.0032690557495645,0.3733083671974494,0.07375075964549949,0.07244797838990147,0.36211290087571957,0.3599987413923038,0.30086038880754795,0.29955760755194993,0.0013027812555980178,0.061767578125,0.62744140625,0.6282258670209984,4085.7671070019283,0.9975017351078926,0.98828125
0.05,1.0,0.05,256,1,32,-12.007808768331623,-12.006972347638309,0.002663249525127722,0.052953583863626634,0.051606681012517384,1.0260993891620844,0.22120608631942495,0.006463560085588904,0.004173213567077005,0.24555588520481272,0.24462763141851804,0.21703287275234795,0.21474252623383605,0.0022903465185118987,0.060302734375,0.86083984375,0.8624666710166307,4075.17351306483,0.9949154084630932,0.96484375
0.05,1.0,0.05,256,1,64,-12.005972459150604,-12.00735666399529,0.0009159075221666095,0.02960321200153518,0.03026396408546986,0.9781670344946015,0.21652513828019126,-0.15771365259904524,-0.15431734136308206,0.08354487250751866,0.08495630720228231,0.3708424796432733,0.3742387908792365,-0.0033963112359631786,0.060791015625,0.981201171875,0.9816715725753448,4067.491824865384,0.9930399963050254,0.97265625
0.05,1.0,0.05,256,2,1,-12.004687500000015,-12.000000000000002,0.029999999999999888,0.16856905808525446,0.1732050807568874,0.9732339106256351,0.36239692416564306,0.19216802080757256,0.19216802080762196,0.4546958903397059,0.45469589033970675,0.1702289033580211,0.1702289033580705,-4.9404924595819466e-14,0.0615234375,0.0615234375,0.0615234375,4096.0,1.0,0.984375
0.05,1.0,0.05,256,2,2,-11.999877736633625,-12.000675079222551,0.02735789765488693,0.1629333129573361,0.16540222989696035,0.9850732548094285,0.39137717742536204,0.1913823022223604,0.19151349922038396,0.45922690341885425,0.4593510464457852,0.19986367820497808,0.19999487520300163,-0.00013119699802355278,0.061767578125,0.119384765625,0.11948673550186083,4095.599096662419,0.9999021232085984,0.98828125
0.05,1.0,0.05,256,2,4,-12.008178997454962,-12.00175106170093,0.023182896595452106,0.1594864448647277,0.1522593070897543,1.04746598361119,0.32031054555982885,0.14892802901300561,0.1492239643737765,0.42249120338828716,0.4229336052454041,0.17108658118605236,0.17138251654682324,-0.00029593536077088256,0.060302734375,0.2275390625,0.22763630777689597,4094.4455534641106,0.9996204964511989,0.96484375
0.05,1.0,0.05,256,2,8,-12.001830995271057,-12.003462116215076,0.01645674761125252,0.12796528213564054,0.12828385561422967,0.9975166518260323,0.37750531278563615,0.06727655421960343,0.0694806661112144,0.3753157970840288,0.37559440027893415,0.30802464667442175,0.3102287585660327,-0.0022041118916109603,0.060302734375,0.399169921875,0.3998386715673483,4091.716613347332,0.998954251305501,0.96484375
0.05,1.0,0.05,256,2,16,-12.002836896164988,-12.00569504386695,0.007704444801959483,0.09244686354974818,0.08777496682972591,1.0532258443239888,0.32395772940598244,0.08509913117642642,0.08370857969791468,0.38163578910103557,0.3791887691280927,0.24024914970806777,0.23885859822955602,0.0013905514785117479,0.060546875,0.64501953125,0.6462406328289518,4085.18639041899,0.9973599585983862,0.96875
0.05,1.0,0.05,256,2,32,-12.00883744213155,-12.00702875452112,0.002309464427259154,0.04834733615595443,0.04805688740710486,1.0060438527029245,0.25721986517554285,-0.019698379791681875,-0.023684948191643462,0.22363770289528945,0.22057535810209727,0.2809048133671863,0.2769182449672247,0.0039865683999615875,0.06103515625,0.8662109375,0.8670430228171762,4074.7875397034672,0.9948211766854168,0.9765625
0.05,1.0,0.05,256,2,64,-12.007163729684338,-12.007394945404837,0.0007080420486095052,0.025853694817498576,0.026609059521326663,0.9716124989978441,0.1926663971243835,-0.12638400057156463,-0.12434960179682153,0.07808162650875729,0.07831986125845652,0.317015998921205,0.3190503976959481,-0.002034398774743096,0.06005859375,0.98095703125,0.981413913253548,4066.6663661171833,0.992838468290328,0.9609375
0.05,1.0,0.05,256,3,1,-11.999999999999993,-12.000000000000002,0.029999999999999888,0.1785357107135709,0.1732050807568874,1.0307764064044151,0.3463370036775393,0.1440727568668544,0.14407275686688514,0.4203244909780878,0.4203244909780889,0.20226424681065414,0.2022642468106849,-3.0753177782116836e-14,0.06005859375,0.06005859375,0.06005859375,4096.0,1.0,0.9609375
0.05,1.0,0.05,256,3,2,-12.001164608606095,-12.000637479559243,0.027525970136396752,0.16003486666861613,0.1659095239472308,0.9645911992340889,0.35859926099939843,0.023533892325343198,0.022103996689042615,0.30427784064631325,0.30312274812051754,0.3364952643103558,0.33506536867405523,0.0014298956363005821,0.06005859375,0.114990234375,0.11497537754650079,4095.5685283730504,0.9998946602473268,0.9609375
0.05,1.0,0.05,256,3,4,-12.010907876920365,-12.001746294110108,0.023401090916102783,0.1565664612832454,0.15297415113705579,1.0234831186804305,0.39337661032827054,0.18692259456376115,0.18701794344109335,0.46749171528457295,0.46719781228428636,0.2063586668871772,0.2064540157645094,-9.534887733220199e-5,0.060546875,0.21826171875,0.21842311067793208,4094.355684899368,0.9995985558836348,0.96875
0.05,1.0,0.05,256,3,8,-11.98994170962965,-12.003744030027821,0.015482972377756341,0.13811860405203338,0.12443059261193101,1.110005193680882,0.32542625219887866,0.10976760104752492,0.10919616022355627,0.39031582708886564,0.39100943174540853,0.2162300919753224,0.21565865115135374,0.0005714408239686497,0.060302734375,0.390625,0.39095828433291313,4091.7115904779052,0.9989530250190198,0.96484375
0.05,1.0,0.05,256,3,16,-12.004205966871593,-12.005805206012429,0.007297519959546215,0.08078661235410366,0.08542552288131583,0.9456964339140523,0.3763558388870599,0.16415462507823686,0.16443550543641783,0.44080574944075135,0.4413915107810334,0.2119203334506421,0.21220121380882306,-0.00028088035818096824,0.061279296875,0.6259765625,0.6268547306082729,4084.856653430032,0.9972794564038164,0.98046875
0.05,1.0,0.05,256,3,32,-12.005326689800684,-12.006982662245345,0.0025296068566203213,0.05331951710240026,0.0502951971526141,1.0601313867129154,0.3726557452570437,0.20553301056924345,0.20339312284273892,0.4889455090001353,0.48965271257495874,0.1692626224143048,0.16712273468780026,0.00213988772650453,0.06103515625,0.859130859375,0.8595766179448711,4075.249027618656,0.9949338446334609,0.9765625
0.05,1.0,0.05,256,3,64,-12.009413346346042,-12.007371658261981,0.0008563987087253102,0.030556720662500054,0.029264290675246343,1.0441640633492932,0.22876368134785796,-0.15250919916787042,-0.154363573767629,0.08699986038303416,0.08433454259442931,0.38312725511548695,0.3812728805157284,0.0018543745997585681,0.06005859375,0.97998046875,0.9804092294978372,4066.7911726253087,0.9928689386292258,0.9609375
0.05,1.0,0.05,256,4,1,-12.007031249999986,-12.000000000000002,0.029999999999999888,0.16802324697326088,0.1732050807568874,0.9700826687012732,0.38990493686623273,0.10044291168947561,0.10044291168950081,0.3912358107538474,0.39123581075384806,0.2894620251767319,0.2894620251767571,-2.5202062658991053e-14,0.06005859375,0.06005859375,0.06005859375,4096.0,1.0,0.9609375
0.05,1.0,0.05,256,4,2,-11.994177564132563,-12.000588783878158,0.027784152970784824,0.168145921689791,0.1666857911484504,1.0087597780907445,0.29605779981284874,0.1400616424219433,0.14056031011229353,0.4049521120661417,0.4052846017866361,0.1554974897005552,0.15599615739090544,-0.0004986676903502296,0.06103515625,0.1181640625,0.11806821749317942,4095.5421191460887,0.9998882126821506,0.9765625
0.05,1.0,0.05,256,4,4,-11.99542482964315,-12.00177041525891,0.023181547906548305,0.15812556619991422,0.15225487810427718,1.0385582923104526,0.3157555355972812,0.0006149699712659773,0.0007192118683140292,0.30487064560031923,0.30467027601353575,0.31503632372896717,0.3151405656260152,-0.00010424189704805187,0.061279296875,0.222900390625,0.2229670294432093,4094.506641970305,0.9996354106372815,0.98046875
0.05,1.0,0.05,256,4,8,-12.006565525226252,-12.003291774935628,0.017365361034573475,0.12045177507885908,0.13177769551245566,0.9140528266976254,0.373258346913931,0.08038438423108141,0.08026146417011193,0.3461907018594524,0.346613995063461,0.2929968827438191,0.2928739626828496,0.00012292006096947805,0.0615234375,0.399658203125,0.4001022273622356,4091.4129211356876,0.9988801076991425,0.984375
0.05,1.0,0.05,256,4,16,-12.01384811380292,-12.005613905675864,0.008327282648955454,0.08903507321578771,0.09125394593635638,0.975684638096459,0.3598868193427993,0.11772184255281437,0.11309500467947153,0.3950603021060171,0.3933686777921876,0.24679181466332778,0.24216497678998494,0.004626837873342837,0.06103515625,0.632568359375,0.6341991523470951,4085.137951656549,0.9973481327286496,0.9765625
0.05,1.0,0.05,256,4,32,-12.010958666509424,-12.007043758876172,0.002351904734563795,0.0493167127178727,0.04849644043188938,1.0169140720159728,0.36160387540132977,0.016474140445902785,0.017761955223182135,0.3102277579203473,0.311326070776849,0.34384192017814763,0.345129734955427,-0.0012878147772793502,0.060546875,0.86279296875,0.8643657133133988,4074.0882878293573,0.9946504608958392,0.96875
0.05,1.0,0.05,256,4,64,-12.00478213814621,-12.007354404290416,0.000971504975612214,0.0306083512910989,0.031168974567864983,0.9820134192882919,0.20806124606083487,-0.11305870280764019,-0.11157289177263108,0.09627605705073322,0.0976786126459962,0.31963413783346595,0.32111994886847506,-0.0014858110350091103,0.060791015625,0.977783203125,0.9782802455293308,4067.051934992515,0.9929326013165319,0.97265625
0.05,1.0,0.05,256,5,1,-12.015624999999995,-12.000000000000002,0.029999999999999888,0.17785066593915203,0.1732050807568874,1.0268212985552383,0.35399309986849303,0.16389411120579833,0.16389411120583675,0.43030501747613936,0.4303050174761394,0.1900989886626563,0.1900989886626947,-3.8413716652030416e-14,0.061279296875,0.061279296875,0.061279296875,4096.0,1.0,0.98046875
0.05,1.0,0.05,256,5,2,-11.99278315089568,-12.000630553006495,0.027604192509757403,0.16622448568247358,0.16614509475081532,1.000477840960501,0.322070923535126,0.14695763932938177,0.14684779515242619,0.413266311080932,0.4132473615917334,0.17522312838269982,0.17511328420574424,0.0001098441769555869,0.060791015625,0.11669921875,0.11676031020191717,4095.593779007897,0.9999008249530998,0.97265625
0.05,1.0,0.05,256,5,4,-12.007486920593163,-12.001847113377709,0.02282691287468251,0.14050978127235517,0.15108577985595636,0.9300000397543419,0.4131068537957444,0.23713552693529416,0.23691600745564545,0.49303202493625103,0.4931864686497457,0.17619084634009896,0.17597132686045025,0.000219519479648711,0.060791015625,0.218505859375,0.21848896763945663,4094.6159744412175,0.9996621031350629,0.97265625
0.05,1.0,0.05,256,5,8,-11.99445533158821,-12.003505714033643,0.016436156680787153,0.1265451666310385,0.12820357514822725,0.9870642568643557,0.35044318009335484,0.1111243306059605,0.10966233359344713,0.4027239060723378,0.40302493995772704,0.24078084649990772,0.23931884948739435,0.0014619970125133719,0.060791015625,0.391845703125,0.3919147991430834,4092.3077628315364,0.9990985749100431,0.97265625
0.05,1.0,0.05,256,5,16,-12.006698157486133,-12.00558982087614,0.008189706308736482,0.09747953813937475,0.09049699613101245,1.0771577213265033,0.31059624964480526,0.1084769159234309,0.10879063218735952,0.3905166839332713,0.3896843423253848,0.20180561745744574,0.20211933372137436,-0.0003137162639286206,0.061279296875,0.63427734375,0.6343286249077982,4085.8538387789395,0.9975229098581395,0.98046875
0.05,1.0,0.05,256,5,32,-12.009881869363099,-12.007001435655177,0.002510089587559803,0.05175178512962886,0.05010079428072776,1.0329533867197827,0.2708582422112127,0.12428575731294167,0.11886211395687696,0.3868989881041636,0.38411774347046973,0.15199612825433573,0.14657248489827102,0.005423643356064711,0.060791015625,0.861572265625,0.8622873195378064,4074.8222329325704,0.9948296467120533,0.97265625
0.05,1.0,0.05,256,5,64,-12.005880478353252,-12.00736195996373,0.0009425854634372413,0.030317391013862525,0.03070155473973983,0.9874871572748057,0.21657004719477035,-0.1714606439631161,-0.17294954114498107,0.06944705419510987,0.06848602622377095,0.3895195883397514,0.38803069115788646,0.0014888971818649566,0.06103515625,0.982421875,0.983266491778149,4066.803710676618,0.9928719996769086,0.9765625
0.05,1.0,0.05,256,6,1,-11.99453125,-12.000000000000002,0.029999999999999888,0.16900841036302744,0.1732050807568874,0.9757705121840482,0.4061254053482988,0.14932893128941604,0.14932893128944635,0.4254509708288171,0.42545097082881717,0.2567964740588524,0.25679647405888273,-3.0309088572266774e-14,0.060546875,0.060546875,0.060546875,4096.0,1.0,0.96875
0.05,1.0,0.05,256,6,2,-12.010089895672708,-12.000653748892155,0.027451800528888723,0.15768440435472492,0.16568584890958166,0.9517071336658129,0.40171890714523095,0.13295774243159086,0.1326479986019069,0.4103208143299619,0.41012501716200006,0.26907090854332405,0.2687611647136401,0.00030974382968396164,0.0595703125,0.11767578125,0.11763478869342149,4095.5561881041963,0.999891647486376,0.953125
0.05,1.0,0.05,256,6,4,-12.030826830787177,-12.001748945770801,0.023252318700929305,0.1475361565258735,0.15248710995008496,0.96753198728842,0.34538516897453475,0.19256541134657557,0.19212483804149894,0.4499587690835573,0.4494537494083352,0.15326033093303582,0.15281975762795919,0.0004405733050766303,0.0595703125,0.220703125,0.2207414531758526,4094.3696490743464,0.9996019651060416,0.953125
0.05,1.0,0.05,256,6,8,-12.00235247199126,-12.00342401275984,0.01681296853121455,0.12868778345971998,0.129664831512691,0.9924648183969962,0.36502128838250014,0.14919464967542284,0.14784576358940948,0.42387741526086586,0.42441295811116736,0.21717552479309066,0.2158266387070773,0.0013488860860133567,0.0615234375,0.395263671875,0.395527990401418,4092.113975072316,0.9990512634453896,0.984375
0.05,1.0,0.05,256,6,16,-12.009601291163879,-12.005664273268769,0.007870319048292024,0.09787798576585252,0.0887148186510688,1.103287897716661,0.4317147521761555,0.16538958919788682,0.163490013799381,0.4885423102097963,0.4883448141002712,0.2682247383767745,0.2663251629782687,0.0018995753985058261,0.06103515625,0.631591796875,0.6325805704102719,4085.089353125345,0.9973362678528674,0.9765625
0.05,1.0,0.05,256,6,32,-12.0046009879841,-12.00697922892487,0.002602989443541606,0.050868934702773455,0.051019500620268776,0.9970488555225978,0.3078278104921375,-0.024943812004258215,-0.028495049982249165,0.2686900678324683,0.2672420717563013,0.33632286047438664,0.3327716224963957,0.003551237977990951,0.061279296875,0.85986328125,0.8606557102055983,4074.9308378159353,0.9948561615761561,0.98046875
0.05,1.0,0.05,256,6,64,-12.009030754616484,-12.0073572645982,0.0009441197267449925,0.032335678304401136,0.030726531316518507,1.0523699525763768,0.2264135860355333,-0.09053757133539242,-0.09375890660504038,0.16361914083185708,0.16004299922228313,0.3201724926405737,0.3169511573709257,0.0032213352696479625,0.061767578125,0.97705078125,0.9773664307865458,4067.0814122408165,0.9929397979103556,0.98828125
0.05,1.0,0.05,256,7,1,-11.998437500000005,-12.000000000000002,0.029999999999999888,0.1686269806221703,0.1732050807568874,0.9735683265484402,0.35945189067945227,0.22993637380646703,0.2299363738065051,0.48872554182935285,0.4887255418293543,0.12951551687294716,0.12951551687298524,-3.808064974464287e-14,0.060546875,0.060546875,0.060546875,4096.0,1.0,0.96875
0.05,1.0,0.05,256,7,2,-11.994148932676474,-12.000737268194598,0.02714393950797081,0.17311327083901248,0.1647541790303688,1.0507367513093728,0.425095737127431,0.12195334730347196,0.12156857335225357,0.4249268507086091,0.42482534787503606,0.3035271637751774,0.303142389823959,0.00038477395121838676,0.061279296875,0.116455078125,0.1165264372646407,4095.5890540428195,0.9998996713971727,0.98046875
0.05,1.0,0.05,256,7,4,-12.000977493097034,-12.002154435817872,0.021669007394387232,0.1418637803751428,0.1472039652807873,0.9637225471782757,0.43134943027110595,0.17041072278959768,0.17180839203511167,0.4481462998424343,0.4490477088938523,0.2595410382359943,0.26093870748150827,-0.0013976692455139883,0.060302734375,0.2197265625,0.2196718948922737,4094.3455970757877,0.999596093036081,0.96484375
0.05,1.0,0.05,256,7,8,-11.994995203013547,-12.003718115241565,0.015614342090996769,0.1233542182678101,0.12495736109168107,0.9871704811155964,0.4728435467451876,0.21482395750469996,0.21339869702727243,0.4892128663308378,0.48861236285106197,0.25944484971791515,0.2580195892404876,0.0014252604774275257,0.06103515625,0.39453125,0.39453628684667086,4091.748384272897,0.9989620078791253,0.9765625
0.05,1.0,0.05,256,7,16,-12.003793463332284,-12.005866174114601,0.007006835565103068,0.07680666522016676,0.08370684300045647,0.9175673393840443,0.302815793090776,0.05078270900640636,0.0490793943143083,0.30872315513878246,0.30708188674862485,0.2537363987764677,0.25203308408436964,0.0017033146920980569,0.05908203125,0.630859375,0.6314646881245637,4084.8432197747657,0.9972761767028236,0.9453125
0.05,1.0,0.05,256,7,32,-12.007531670962702,-12.007098071910246,0.0019713035906443145,0.044671609121161034,0.04439936475496372,1.0061317175977587,0.2499631143633515,0.08994639794115833,0.09141456902885259,0.34322518301288657,0.34317461446657327,0.1585485453344989,0.16001671642219317,-0.0014681710876942589,0.06005859375,0.86572265625,0.866873775673746,4074.363497673948,0.9947176507993037,0.9609375
0.05,1.0,0.05,256,7,64,-12.007114406787869,-12.007395412469947,0.0006784752900969431,0.02592721126413614,0.02604755823675116,0.9953797215262497,0.27070429683999486,-0.13582531393024833,-0.12595666663695604,0.13948167565637482,0.14513192611152326,0.3966609634769509,0.4065296107702432,-0.009868647293292288,0.060302734375,0.978271484375,0.9786535260869331,4067.048794871863,0.9929318346855134,0.96484375
0.05,1.0,0.05,256,8,1,-12.006250000000001,-12.000000000000002,0.029999999999999888,0.1638167802760142,0.1732050807568874,0.9457966219013476,0.3833884217298422,0.12331492675849742,0.12331492675853895,0.39584815497597825,0.3958481549759787,0.2600734949713033,0.2600734949713448,-4.1522341120980855e-14,0.060546875,0.060546875,0.060546875,4096.0,1.0,0.96875
0.05,1.0,0.05,256,8,2,-11.992000254675283,-12.000573626825577,0.027787764216619396,0.16172863185166506,0.1666966232909935,0.9701974080743311,0.3476955520097209,0.13992446150049342,0.13958306958459388,0.4082618034122481,0.4081184754467875,0.20811248242512703,0.20777109050922749,0.0003413919158995471,0.05908203125,0.11572265625,0.11575061538839922,4095.5921837598926,0.999900435488255,0.9453125
0.05,1.0,0.05,256,8,4,-12.003938943653223,-12.001617692794156,0.023756662649805506,0.15176003233524288,0.15413196504880325,0.9846110265783652,0.4268918609397301,0.17637395407234524,0.17533519337293302,0.45791865568103624,0.4581389555180914,0.25155666756679707,0.25051790686738484,0.0010387606994122223,0.0615234375,0.222412109375,0.22258024176246363,4094.6711955512706,0.9996755848513844,0.984375
0.05,1.0,0.05,256,8,8,-12.00663248447925,-12.003282304824808,0.017378110683453706,0.1307606932030351,0.13182606223146356,0.9919183732685737,0.39751725415298167,0.08575163908635097,0.08681295863159,0.4083984030156216,0.4083869515436768,0.31070429552139167,0.3117656150666307,-0.0010613195452390256,0.0595703125,0.384765625,0.38492557505782415,4092.4148853164343,0.9991247278604576,0.953125
0.05,1.0,0.05,256,8,16,-12.003091784529603,-12.0052816354718,0.009530079141541527,0.10706616511820435,0.09762212424210778,1.0967407844217247,0.4214650378563892,0.21594428252405606,0.21424902631798914,0.4954436466862866,0.4938485037036296,0.20721601153840008,0.20552075533233316,0.0016952562060669196,0.060302734375,0.625732421875,0.6261003618771096,4086.071371008125,0.9975760183125305,0.96484375
0.05,1.0,0.05,256,8,32,-12.01153706461226,-12.006993704874464,0.002533541863888531,0.048992204008761926,0.05033430106685232,0.9733363326867722,0.2466204209824262,-0.05275878386906996,-0.053734057567548676,0.18323910527547355,0.18064989382025584,0.3003544785499749,0.29937920485149616,0.000975273698478718,0.06103515625,0.8583984375,0.8592640745316685,4074.796177303528,0.9948232854744942,0.9765625
0.05,1.0,0.05,256,8,64,-12.007599555446731,-12.007351803357718,0.0009830332346789158,0.030155670744294108,0.03135336081951847,0.961800264982159,0.2644469079081887,-0.13706589700781913,-0.13434752329364352,0.11204697075466691,0.11086000402060955,0.3987944312018322,0.4015128049160078,-0.0027183737141756037,0.060546875,0.979736328125,0.9802162799283071,4066.5404132210856,0.9928077180715541,0.96875
0.05,1.0,0.05,256,9,1,-11.991406249999995,-12.000000000000002,0.029999999999999888,0.17071876716089973,0.1732050807568874,0.9856452617606669,0.41209441622813325,0.11856698805290034,0.11856698805291999,0.4056266401805313,0.40562664018053163,0.29352742817521327,0.2935274281752329,-1.965094753586527e-14,0.0595703125,0.0595703125,0.0595703125,4096.0,1.0,0.953125
0.05,1.0,0.05,256,9,2,-11.997704165190985,-12.000621267017483,0.027626981481020007,0.15833180083064036,0.16621366213708189,0.9525799431580956,0.34498717299388826,0.18538167803767225,0.1856631575354034,0.45115121701946453,0.4515323740562487,0.15932401545848485,0.159605494956216,-0.000281479497731163,0.0595703125,0.115478515625,0.11546275128542324,4095.5371608117625,0.9998870021513092,0.953125
0.05,1.0,0.05,256,9,4,-11.994548224580416,-12.00154649452908,0.02403812852441587,0.15314028658713152,0.15504234429476313,0.9877320114302744,0.36359277641382237,0.2725148652912498,0.2720364242520247,0.5289088260578649,0.528900650924067,0.0915563521617977,0.09107791112257257,0.00047844103922511927,0.060546875,0.221923828125,0.22205622206881578,4094.0048710519686,0.999512907971672,0.96875
0.05,1.0,0.05,256,9,8,-12.003347188680896,-12.003378341386515,0.017017004058378048,0.12946005750768236,0.1304492393936356,0.9924171126596734,0.2704181420577457,0.10096507563925505,0.10253225616584605,0.3649780154645925,0.36630015146990336,0.16788588589189968,0.16945306641849067,-0.0015671805265909944,0.060791015625,0.39208984375,0.39217514536684583,4091.441379267055,0.9988870554851208,0.97265625
0.05,1.0,0.05,256,9,16,-12.009077729537495,-12.005538301621371,0.008425290402862304,0.09509388597279665,0.09178938066498926,1.0360009544009028,0.39872511547148415,0.24227114479202327,0.24351640648077444,0.5089523279707235,0.5110530547961258,0.1552087089907097,0.15645397067946087,-0.0012452616887511647,0.061279296875,0.62939453125,0.6301196739824051,4085.0274433064683,0.9973211531509932,0.98046875
0.05,1.0,0.05,256,9,32,-12.006952987552147,-12.00708739690088,0.0020845147539535515,0.04786985369551428,0.04565648643898862,1.0484787032283664,0.2850668609008865,0.016473802350220557,0.016728174127383144,0.27698666583966897,0.2751741544135854,0.26833868677350337,0.26859305855066595,-0.0002543717771625875,0.05908203125,0.867431640625,0.8685030241676993,4074.1453940362208,0.9946644028408742,0.9453125
0.05,1.0,0.05,256,9,64,-12.005751169063938,-12.007375157478785,0.000830384572305544,0.029392005197578522,0.028816394158630326,1.019975123736146,0.22641325824502745,-0.0591930148973816,-0.05963311351234313,0.18888117570114735,0.18723329847088793,0.2860463717573706,0.28560627314240905,0.000440098614961526,0.060546875,0.98291015625,0.9832768928079819,4066.764536557382,0.9928624356829546,0.96875
0.05,1.0,0.05,256,10,1,-11.988281250000007,-12.000000000000002,0.029999999999999888,0.163993661153221,0.1732050807568874,0.9468178441220461,0.33050865330349743,0.14041341201133917,0.14041341201135715,0.39437421433274655,0.3943742143327482,0.19009524129214028,0.19009524129215827,-1.7985612998927536e-14,0.059814453125,0.059814453125,0.059814453125,4096.0,1.0,0.95703125
0.05,1.0,0.05,256,10,2,-11.993463576566933,-12.000519000106017,0.028026159720818296,0.16318508590731834,0.16741015417476413,0.974762174443522,0.3559751225467993,0.1300122534857947,0.12980950014042536,0.40648829874491205,0.4062889409597772,0.22616562240637395,0.2259628690610046,0.0002027533453693442,0.0595703125,0.115966796875,0.11592788673702392,4095.671687096894,0.9999198454826401,0.953125
0.05,1.0,0.05,256,10,4,-12.005599931934215,-12.001590652971863,0.023831099321692355,0.15460615346651252,0.15437324678095085,1.0015087244093024,0.40107163105282173,0.09726778352891052,0.09699706782454776,0.3851298842602403,0.3844380544494526,0.304074563228274,0.3038038475239112,0.00027071570436276726,0.060546875,0.221435546875,0.2215452989087535,4094.6658035152764,0.9996742684363468,0.96875
0.05,1.0,0.05,256,10,8,-12.011508536915365,-12.003854139040673,0.014927727787027023,0.12656675646230878,0.1221790808077513,1.0359118404357737,0.31644479279368554,0.18788093698908115,0.186669237403992,0.4530949184615875,0.4538042687529946,0.12977555538969354,0.1285638558046044,0.0012116995850891543,0.060546875,0.395263671875,0.3956241927944032,4091.400417715697,0.9988770551063714,0.96875
0.05,1.0,0.05,256,10,16,-12.007133059506794,-12.005599691817212,0.008060752735234825,0.09511787327041593,0.08978169487838167,1.0594350373900008,0.33553796982539286,0.022379776491747605,0.021462202659129015,0.314477985745052,0.3129592516283889,0.31407576716626384,0.31315819333364525,0.00091757383261859,0.0615234375,0.62353515625,0.6244106459723666,4084.8817009102922,0.9972855715113018,0.984375
0.05,1.0,0.05,256,10,32,-12.009837523018323,-12.006957054120878,0.0027047777396560823,0.05732162570886616,0.052007477728265986,1.102180459670936,0.3845054330220181,0.08333988170987394,0.0805319341632813,0.3913407680828884,0.39010023212390993,0.3039734988587368,0.3011655513121442,0.0028079475465926373,0.060546875,0.86328125,0.8638458056504229,4075.129627486425,0.9949046942105529,0.96875
0.05,1.0,0.05,256,10,64,-12.007271719512984,-12.007355922055838,0.0009545945618802988,0.03250360254236232,0.030896513749617428,1.052015214589212,0.23484835425916784,-0.22567077004012592,-0.23121990374946377,0.06971997664817324,0.06655045720636861,0.4660682580086316,0.46051912429929376,0.00554913370933785,0.061279296875,0.98095703125,0.9812634943562017,4067.281616095588,0.9929886758045869,0.98046875
0.5,1.0,0.5,64,1,1,-11.78125,-12.0,3.0,1.8410997902069295,1.7320508075688772,1.0629594594809344,0.6495589304578069,-0.5958141416288738,-0.5958141416288789,0.1776538660975963,0.17765386609759565,1.2453730720866858,1.2453730720866807,5.10702591327572e-15,0.015625,0.015625,0.015625,4096.0,1.0,1.0
0.5,1.0,0.5,64,1,2,-11.849909778133785,-12.023726182113634,2.8775785184586997,1.4791974921091893,1.6963426889808262,0.8719921403368683,0.7395521716335122,-0.3637215511239351,-0.3475053486185702,0.24210011392473696,0.23584356636578702,1.0870575202520825,1.1032737227574474,-0.01621620250536493,0.015625,0.030517578125,0.030682136408081567,3985.5130242185082,0.9730256406783467,1.0
0.5,1.0,0.5,64,1,4,-12.177671254497048,-12.08532142943954,2.6949178585669227,1.6072253529361755,1.6416204977298872,0.9790480535292566,0.6625358047585544,-0.42769237117231995,-0.38250602885564833,0.288672645750642,0.2959216208849499,1.0450418336142029,1.0902281759308745,-0.045186342316671624,0.015625,0.060302734375,0.061688432631437286,3754.9442944414127,0.9167344468851105,1.0
0.5,1.0,0.5,64,1,8,-12.310107061212594,-12.227569620674947,2.230242561879113,1.3639911333884336,1.49339966582262,0.9133463496773294,0.699631037556084,-0.5796277638449139,-0.6124365120516386,0.13213231529102568,0.12668037886187955,1.3120675496077228,1.279258801400998,0.03280874820672475,0.015625,0.116943359375,0.12809194529966733,3380.443159291013,0.8253035056862825,1.0
0.5,1.0,0.5,64,1,16,-12.450747505924754,-12.338758249240797,1.9459538236168283,1.2634410077133693,1.3949744885182769,0.9057090420738657,0.6345823802182247,-0.36815470541130435,-0.32403943106802835,0.09275956872946522,0.08802968818401856,0.958621811286253,1.002737085629529,-0.044115274343276,0.015380859375,0.216552734375,0.2601087923810089,2872.228226773971,0.701227594427239,0.984375
0.5,1.0,0.5,64,1,32,-12.211879594132837,-12.468438496453992,1.5892336175179902,1.3542757313654215,1.2606480942427947,1.0742694472392504,0.5670551395473203,-0.95705928413459,-0.9929271125250334,0.02983480559284034,-0.01410942074912574,1.5599822520723539,1.5241144236819104,0.035867828390443446,0.015380859375,0.371826171875,0.5015679827504584,2235.423945349222,0.5457577991575249,0.984375
0.5,1.0,0.5,64,1,64,-12.58284273671033,-12.410220971387147,2.027675268149963,1.533800359078394,1.4239646302313702,1.0771337479282594,0.46642499081448174,-0.4594610981157492,-0.38986937163420476,0.06622159645635113,0.027918872910801064,0.8562943624486865,0.9258860889302309,-0.06959172648154444,0.015380859375,0.5517578125,0.7342072760832142,1490.290769929051,0.36384052000220973,0.984375
0.5,1.0,0.5,64,2,1,-12.125,-12.0,3.0,1.3635890143294642,1.7320508075688772,0.7872684844871327,0.6008403361344536,-0.06817129629629637,-0.06817129629630458,0.2751727047040604,0.2751727047040608,0.6690116324307582,0.66901163243075,8.215650382226158e-15,0.015625,0.015625,0.015625,4096.0,1.0,1.0
0.5,1.0,0.5,64,2,2,-12.02319619749526,-12.039704781078157,2.844703506709526,1.4705148548529903,1.6866248861882496,0.8718683489701938,0.6965292157995905,-0.4968457386370875,-0.49428713560211945,0.20942143024948748,0.20429103318053599,1.1908163514017098,1.193374954436678,-0.002558603034968021,0.015625,0.03076171875,0.030764282916767218,4046.1332820745815,0.9878255083189896,1.0
0.5,1.0,0.5,64,2,4,-12.065780904743168,-12.083343073527375,2.6989207474367074,1.6228454505400112,1.6428392335943,0.9878297385127909,0.6374647372798028,-0.5210199682101011,-0.5017953096486096,0.15952282482032218,0.155474869481435,1.1392600469284124,1.158484705489904,-0.01922465856149147,0.015380859375,0.059814453125,0.06236107914080532,3879.3092379473155,0.9470969819207313,0.984375
0.5,1.0,0.5,64,2,8,-12.244590595566985,-12.205605512511893,2.2685023844196834,1.4519490029357038,1.5061548341454418,0.9640104523247817,0.6751877771453902,-0.5379183602531674,-0.5115578003801993,0.19492625470520125,0.22687454380273794,1.1867455775255895,1.2131061373985577,-0.026360559872968148,0.015625,0.115478515625,0.1233326537659084,3536.1555320052507,0.8633192216809694,1.0
0.5,1.0,0.5,64,2,16,-12.253749324428727,-12.350006676539493,1.8201764147266934,1.3683020361309373,1.3491391383866578,1.0142037964795796,0.6022872148369729,-0.36364220962464344,-0.4919292082706568,0.24773529673051428,0.1728631031310662,1.0942164231076297,0.9659294244616163,0.12828699864601334,0.014892578125,0.216796875,0.25613785680339,2915.782731893017,0.7118610185285686,0.953125
0.5,1.0,0.5,64,2,32,-12.580793519736318,-12.517010257031902,1.2850942147975017,0.9780895286282638,1.1336199604794817,0.8628019642619614,0.47183507815379666,-0.19081131699985865,-0.22417261857495974,0.1399574081955797,0.09964894238630743,0.6960076967287564,0.6626463951536553,0.03336130157510109,0.015625,0.369873046875,0.48642339117372113,2204.921335086829,0.5383108728239329,1.0
0.5,1.0,0.5,64,2,64,-12.069754879098278,-12.433911154893448,1.9630506610759555,1.3834401761085908,1.4010890981932431,0.9874034263007176,0.6597618099416498,-0.4356098883387265,-0.5418753387050546,0.12796317420344694,0.07801290475072122,1.2016371486467043,1.0953716982803763,0.10626545036632806,0.01513671875,0.55126953125,0.724648871809158,1661.599338104734,0.40566390090447607,0.96875
0.5,1.0,0.5,64,3,1,-12.53125,-12.0,3.0,1.6674151964942625,1.7320508075688772,0.9626826125468353,0.775951293759513,-0.31720052083333306,-0.31720052083333705,0.28839566202502115,0.28839566202502126,1.09315181459285,1.093151814592846,3.9968028886505635e-15,0.015625,0.015625,0.015625,4096.0,1.0,1.0
0.5,1.0,0.5,64,3,2,-12.003706881182776,-12.055515865625638,2.801080524357493,1.856983526330699,1.6736428903315943,1.109545851781308,0.686026715610825,-0.5815750936369104,-0.6020755737818981,0.1900575114407763,0.18751999903322467,1.288102289392723,1.2676018092477355,0.02050048014498773,0.015625,0.03125,0.03151035961443787,3996.064287152467,0.9756016326055827,1.0
0.5,1.0,0.5,64,3,4,-12.054889495641454,-12.123177535427212,2.560787518488997,1.499611812651218,1.6002460806041667,0.9371132545346058,0.6715933193902217,-0.5265064001004776,-0.5457386300956129,0.10522081644457786,0.09479939909693044,1.2173319494858346,1.1980997194906993,0.019232229995135297,0.015380859375,0.06201171875,0.06436499249996952,3813.528727248418,0.9310372869258833,0.984375
0.5,1.0,0.5,64,3,8,-11.941296249069788,-12.202365996987325,2.3652015201761074,1.6988672769182127,1.5379211683880638,1.1046517284750301,0.6623316261484298,-0.4086776189793062,-0.43721733649164096,0.2319695933216766,0.2186894707847485,1.0995489626400707,1.071009245127736,0.02853971751233475,0.01513671875,0.119384765625,0.12830665919714956,3477.269001126499,0.8489426272281492,0.96875
0.5,1.0,0.5,64,3,16,-12.802939786236061,-12.392216696241972,1.7636747927635494,1.2655877734151137,1.328034183582467,0.9529783111464047,0.687403127205171,-0.5098490640766535,-0.4970671516857186,0.07064567843101828,0.09100889530138583,1.1844702788908896,1.1972521912818246,-0.012781912390934957,0.015625,0.21728515625,0.24770969469282844,2803.701944798669,0.6844975451168626,1.0
0.5,1.0,0.5,64,3,32,-12.345952103748921,-12.489771326956062,1.4507612320515162,0.9988469861453064,1.2044755008100065,0.8292796204435744,0.6427631934247107,-0.23091594841341823,-0.17877722959869113,0.16919928900069964,0.147919540045851,0.8215404230234018,0.8736791418381289,-0.05213871881472709,0.015380859375,0.37548828125,0.48438370317056856,2231.9730171980405,0.5449152874018653,0.984375
0.5,1.0,0.5,64,3,64,-12.255477334180831,-12.436129503639084,1.8802702236387923,1.3515235202796942,1.3712294569614496,0.9856290013449519,0.5754123856174105,-0.3868952606751961,-0.43184924343292996,0.11101117166064194,0.11087586097043016,1.0072616290503404,0.9623076462926066,0.04495398275773388,0.015625,0.559326171875,0.7263539360863589,1602.213109513314,0.39116530993977394,1.0
0.5,1.0,0.5,64,4,1,-12.03125,-12.0,3.0,1.8871998933605312,1.7320508075688772,1.0895753664463357,0.744980218574954,-0.2833119567271354,-0.2833119567271434,0.31091035890560514,0.3109103589056047,1.0282921753020973,1.0282921753020893,7.993605777301127e-15,0.015625,0.015625,0.015625,4096.0,1.0,1.0
0.5,1.0,0.5,64,4,2,-12.172553508443203,-12.058600126224645,2.7733374390085963,1.4830572113461618,1.6653340322615748,0.890546390463254,0.7207460750499741,-0.16802706610528184,-0.16741748185412164,0.3468648563364624,0.3423382169886034,0.8881635569040958,0.888773141155256,-0.0006095842511602001,0.015380859375,0.031005859375,0.03148077748989756,4002.6902243996315,0.9772192930663163,0.984375
0.5,1.0,0.5,64,4,4,-12.275149911337264,-12.142087981931091,2.4454911439618234,1.4330124259491506,1.563806619746132,0.9163616574163022,0.6786796524349878,-0.0955090970169461,-0.1015413095424782,0.3001395760070522,0.29506327783444325,0.780220961977466,0.7741887494519339,0.006032212525532099,0.015380859375,0.06103515625,0.06272050747910232,3855.61290598057,0.9413117446241626,0.984375
0.5,1.0,0.5,64,4,8,-12.148787869875353,-12.321927503783607,1.8161420317522707,1.4027373500906877,1.3476431396153326,1.0408818988171313,0.5954492640321463,-0.3549054007630461,-0.39432162902226153,0.2560998971307824,0.23303992674303023,0.9897708930544078,0.9503546647951924,0.039416228259215425,0.015625,0.118896484375,0.1289560974534292,3408.6760689648922,0.8321963058996319,1.0
0.5,1.0,0.5,64,4,16,-12.440798911176934,-12.461261220141582,1.3554658575944596,1.2072186222453716,1.1642447584569404,1.0369113654807325,0.6831920484992905,-0.41184387222037344,-0.36151940222637213,0.25283548213307316,0.2347612619946969,1.0447114507256625,1.0950359207196638,-0.05032446999400131,0.015625,0.216796875,0.2617296203997468,2751.26228761268,0.6716948944366895,1.0
0.5,1.0,0.5,64,4,32,-12.44167233713172,-12.526269270636567,1.2584919494249855,1.167281088252924,1.1218252758005525,1.0405195117572419,0.663286927486672,-0.6110162473776526,-0.5393105846174953,0.13448668416587883,0.12135051591610656,1.2025975121041672,1.2743031748643245,-0.07170566276015733,0.01513671875,0.364013671875,0.4786305142278311,1989.5203809889408,0.48572274926487813,0.96875
0.5,1.0,0.5,64,4,64,-12.491664309800193,-12.485067385222903,1.6318611479094551,1.0896347332419407,1.2774432073127382,0.8529809599395999,0.695058862236276,-0.5069892708133228,-0.5026729326427057,0.06501918072756717,0.10420202108973024,1.1977317948789818,1.202048133049599,-0.004316338170617051,0.014892578125,0.547119140625,0.7374900110146794,1195.4736655105426,0.2918636878687848,0.953125
0.5,1.0,0.5,64,5,1,-11.84375,-12.0,3.0,1.7067764755526718,1.7320508075688772,0.9854078576068558,0.761016128431482,-0.555670492541152,-0.5556704925411584,0.25541085770354743,0.2554108577035476,1.3166866209726404,1.316686620972634,6.439293542825908e-15,0.015380859375,0.015380859375,0.015380859375,4096.0,1.0,0.984375
0.5,1.0,0.5,64,5,2,-11.790254660805719,-12.05240892922516,2.7999990116221296,1.7334540188806096,1.6733197577337482,1.035937101004714,0.6477122412488019,-0.3658574833470436,-0.3634395133039021,0.25171896000915633,0.2494162337119435,1.011151754552704,1.0135697245958455,-0.002417970043141482,0.015380859375,0.030517578125,0.031020651292895232,3969.0729553267015,0.969011951984058,0.984375
0.5,1.0,0.5,64,5,4,-12.414318135663198,-12.124556986772307,2.5535601217868003,1.5612258683717335,1.5979862708380195,0.976995795810556,0.49316427158791487,-0.20961765782710495,-0.23962719623796236,0.20360343373077944,0.1921485850224094,0.7327914678258772,0.7027819294150198,0.030009538410857406,0.015380859375,0.0595703125,0.061138774305473154,3783.1859884103624,0.9236293917017486,0.984375
0.5,1.0,0.5,64,5,8,-12.303834251646425,-12.225451123074299,2.22211223043876,1.3377560322552904,1.4906750921776215,0.8974162372975975,0.5739561708564398,-0.664352182645662,-0.5684318553387235,0.042957693683090915,0.08680560876051112,1.1423880261951633,1.2383083535021018,-0.09592032730693845,0.01513671875,0.11572265625,0.13028501999722863,3427.7158560116695,0.836844691409099,0.96875
0.5,1.0,0.5,64,5,16,-12.523827359480277,-12.379655005476106,1.7374908954349164,1.231638616583243,1.3181391790834973,0.9343767609120015,0.6508943709282282,-0.6997428897086724,-0.8358839922846244,0.04154475419990775,0.016646674923796578,1.4867783632128526,1.3506372606369006,0.13614110257595202,0.014892578125,0.216796875,0.25588442438630216,2829.200086838848,0.6907226774508907,0.953125
0.5,1.0,0.5,64,5,32,-12.565235156134266,-12.529278520289965,1.232022176377657,1.1763555657992222,1.1099649437606833,1.0598132602400938,0.5591107529032493,-0.4658916541542537,-0.42189936307432885,0.12881311164079895,0.11229608332619909,0.9810101159775781,1.025002407057503,-0.04399229107992486,0.015625,0.374267578125,0.49519652677005466,2029.7829433257186,0.4955524763978805,1.0
0.5,1.0,0.5,64,5,64,-12.723953295184435,-12.503564622334745,1.580581819212703,1.1709357349024974,1.257211922952015,0.9313749842214863,0.6685923091227384,-0.6868700981422933,-0.6636134788235293,0.08091088859859287,0.10237650482411653,1.3322057879462676,1.3554624072650316,-0.023256619318763994,0.015625,0.559814453125,0.7310230819601912,1732.2585772380926,0.4229146917085187,1.0
0.5,1.0,0.5,64,6,1,-12.0,-12.0,3.0,1.6583123951777,1.7320508075688772,0.9574271077563381,0.5808441558441559,-0.040852229780801386,-0.04085222978080427,0.3530016504168765,0.3530016504168769,0.6216963856249602,0.6216963856249573,2.886579864025407e-15,0.015380859375,0.015380859375,0.015380859375,4096.0,1.0,0.984375
0.5,1.0,0.5,64,6,2,-12.225400832188313,-12.060838530919394,2.771718533976513,1.596031452806637,1.6648479011538901,0.9586650238141532,0.7628594407191854,-0.2040429140728548,-0.21924720136934273,0.287797074416043,0.2802845210517007,0.9821066420885282,0.9669023547920402,0.015204287296487928,0.01513671875,0.030029296875,0.03044028191842417,4025.713397064965,0.9828401848303138,0.96875
0.5,1.0,0.5,64,6,4,-12.36307650644535,-12.129972320352762,2.5429860512609954,1.6050161588646528,1.5946742774814533,1.0064852625575256,0.542716096455316,-0.4100905430745647,-0.42474097331142713,0.3013288467029282,0.30832431958188117,0.9674570697667432,0.9528066395298808,0.01465043023686241,0.015625,0.060302734375,0.06253110680686425,3828.3411941943414,0.9346536118638529,1.0
0.5,1.0,0.5,64,6,8,-12.220978982748967,-12.254072531358359,2.1191240968170444,1.4666228591621633,1.4557211603933784,1.007488864670923,0.6661311216511576,-0.35239874320790054,-0.3885069218523416,0.20534905331106945,0.19462569749306466,1.0546380435034992,1.0185298648590582,0.03610817864444105,0.015625,0.1142578125,0.12692086655143556,3490.727772921327,0.8522284601858708,1.0
0.5,1.0,0.5,64,6,16,-12.423417693886465,-12.382378719721004,1.7195787044971094,1.1516800923467616,1.311327077619123,0.8782554040123839,0.5991653923281386,-0.21989218767764118,-0.2850636504612969,0.17966114873438313,0.12848421140448868,0.8842290427894355,0.8190575800057798,0.06517146278365571,0.015625,0.216064453125,0.26281264970993146,2923.2477385242855,0.7136835299131556,1.0
0.5,1.0,0.5,64,6,32,-12.367863864560217,-12.481947952888502,1.4831025653092667,1.1825217808669048,1.217826984965133,0.9710096717069879,0.5860092679118931,-0.34052015860072893,-0.3524859049100928,0.19131733256005506,0.1885061910555149,0.9384951728219859,0.926529426512622,0.011965746309363867,0.015625,0.372314453125,0.49092452893349336,2417.1219083935516,0.5901176534163944,1.0
0.5,1.0,0.5,64,6,64,-12.593037812834453,-12.508196087857648,1.5013754695443358,1.0831898559557578,1.2253062758120257,0.8840155945809667,0.6723482373803209,-0.6798610538781553,-0.6516332390093926,0.06973471073875208,0.044772711365407905,1.3239814763897135,1.3522092912584762,-0.02822781486876269,0.01513671875,0.552978515625,0.7317334501182872,1725.5651642836724,0.42128055768644346,0.96875
0.5,1.0,0.5,64,7,1,-11.96875,-12.0,3.0,1.7497209598961774,1.7320508075688772,1.0102018672027884,0.7036956026429708,-0.3309441432823128,-0.33094414328232036,0.26131008234903425,0.2613100823490342,1.0346397459252912,1.0346397459252836,7.549516567451064e-15,0.015625,0.015625,0.015625,4096.0,1.0,1.0
0.5,1.0,0.5,64,7,2,-12.157469647973643,-12.043035378402966,2.8555733798682486,1.6509678312587261,1.68984418804464,0.9769941175281381,0.564275194989794,-0.20831296276608402,-0.2113519885899955,0.29907197874975316,0.299363099967948,0.7756271835797894,0.772588157755878,0.0030390258239114676,0.015625,0.031005859375,0.03199629398399076,4005.8639936623576,0.977994139077724,1.0
0.5,1.0,0.5,64,7,4,-12.28421761155257,-12.133249534599107,2.5367312995078226,1.3357015844271891,1.59271193236813,0.8386335013144505,0.6477971705277898,-0.6001246466667969,-0.57918162572222,0.06947128587307703,0.0835796039353507,1.2269787962500098,1.2479218171945867,-0.020943020944576896,0.015625,0.06103515625,0.06383364229474311,3847.7406314137006,0.9393898025912355,1.0
0.5,1.0,0.5,64,7,8,-12.37187424301235,-12.231097059219971,2.188484095740761,1.43515022875097,1.4793525934478098,0.9701204669579003,0.6290617747831683,-0.4287147387499266,-0.35963505074679336,0.15105463015178633,0.19195503843317374,0.9886968255299616,1.0577765135330948,-0.06907968800313324,0.01513671875,0.118408203125,0.12682133870490814,3400.864646671753,0.8302892203788459,0.96875
0.5,1.0,0.5,64,7,16,-12.614292603093737,-12.375861228666592,1.7693672954290487,1.3926483996421477,1.3301756633727173,1.0469657790242741,0.6617666282433485,-0.6156347586281945,-0.6185119270026467,0.10922159460211567,0.09286677122386539,1.2802785552459952,1.277401386871543,0.002877168374452177,0.015625,0.218505859375,0.2587550430164658,2868.8383494960026,0.7003999876699225,1.0
0.5,1.0,0.5,64,7,32,-12.445189496873764,-12.488744226425991,1.4082737012498778,1.1797301679023482,1.1867070831716973,0.9941207772597919,0.5416768956477862,-0.4251204340989496,-0.413344366458934,0.07428861362009437,0.06723765553642891,0.9550212621067202,0.9667973297467358,-0.011776067640015597,0.015380859375,0.370849609375,0.4913333901829139,1896.4295628522382,0.4629954987432222,0.984375
0.5,1.0,0.5,64,7,64,-12.553909131419616,-12.511825765684847,1.551837746452855,1.5901578776046843,1.2457277978968178,1.2764890374039766,0.7213195784843146,-1.6181312674046984,-1.4323482395654223,0.044151117652074634,0.04536009090568179,2.153667818049737,2.339450845889013,-0.18578302783927603,0.015380859375,0.56689453125,0.7340996441365822,1570.80524651592,0.3834973746376758,0.984375
0.5,1.0,0.5,64,8,1,-12.0625,-12.0,3.0,1.4986973510352248,1.7320508075688772,0.8652733190539662,0.7174106280193238,-0.19119277263374523,-0.19119277263375145,0.36341225423210444,0.36341225423210494,0.9086034006530752,0.908603400653069,6.217248937900877e-15,0.015625,0.015625,0.015625,4096.0,1.0,1.0
0.5,1.0,0.5,64,8,2,-12.19093179108855,-12.075012952784446,2.7194989280108715,1.377411097751359,1.6490903334902158,0.8352550917184375,0.5876413086006287,-0.3041990099938803,-0.3107320322963818,0.14841698006103612,0.14802604514466478,0.8983733408970105,0.891840318594509,0.006533022302501523,0.015380859375,0.031005859375,0.03189761267516296,3980.4078459444895,0.9717792592637914,0.984375
0.5,1.0,0.5,64,8,4,-12.223979775190768,-12.128022202753158,2.553596908102678,1.5511418831622075,1.5979977810068067,0.9706783711457484,0.4694886460250306,-0.34768983397549236,-0.36192380365982046,0.162670288167974,0.15524327510787259,0.8314124496848511,0.817178480000523,0.014233969684328107,0.015625,0.06103515625,0.0636799856376859,3855.971696743761,0.9413993400253323,1.0
0.5,1.0,0.5,64,8,8,-12.219752072160928,-12.24296196568788,2.146105487388449,1.3879294134119942,1.4649592101449271,0.9474184699481752,0.5684395259474675,-0.12438702454373907,-0.06587306326546982,0.38542848855107714,0.3970052822931708,0.6343125892129373,0.6928265504912066,-0.058513961278269244,0.015625,0.118408203125,0.12748953527125578,3575.32089695666,0.8728810783585595,1.0
0.5,1.0,0.5,64,8,16,-12.418556041646976,-12.402057520269821,1.6106821639056192,1.3742334934614524,1.2691265358133599,1.082818343704973,0.7286587524524668,-0.42237536060873415,-0.39481282941589435,0.29960162693153736,0.3083917973485843,1.1234715818683612,1.151034113061201,-0.0275625311928398,0.015625,0.21923828125,0.25014236335093487,3013.1122904825556,0.7356231177935927,1.0
0.5,1.0,0.5,64,8,32,-12.154726631853222,-12.519380351488183,1.25756519221074,1.1419477699882536,1.1214121419936294,1.0183122932467241,0.5230198673662261,-0.5785220838369274,-0.48044757592908827,0.035180821423194696,0.053958957109667464,1.0034674432953143,1.1015419512031535,-0.09807450790783911,0.015625,0.372802734375,0.45988911969374274,2320.150582617576,0.5664430133343692,1.0
0.5,1.0,0.5,64,8,64,-12.682515235809527,-12.526483406333293,1.4130118643926968,1.1195794427376098,1.188701755863386,0.9418505838114366,0.7177194558582349,-1.2365954730400217,-0.7589009774118662,0.019849251609566996,0.033802528699289465,1.4766204332701012,1.9543149288982566,-0.47769449562815547,0.014892578125,0.56884765625,0.7299854449466604,1868.5138864366372,0.45618014805581963,0.953125
0.5,1.0,0.5,64,9,1,-11.96875,-12.0,3.0,1.6390617552429194,1.7320508075688772,0.9463127456079201,0.6444444444444444,-0.36613281250000007,-0.36613281249999585,0.1811896323520383,0.18118963235203836,1.0105772569444402,1.0105772569444444,-4.218847493575595e-15,0.015380859375,0.015380859375,0.015380859375,4096.0,1.0,0.984375
0.5,1.0,0.5,64,9,2,-12.017486350228573,-12.024535961509685,2.911054716516564,1.766794318492731,1.7061813258023204,1.035525528133364,0.7199050570254357,-0.27335237365443277,-0.26933171482366247,0.3149210649620078,0.3218749743077044,0.9892367718490982,0.9932574306798685,-0.004020658830770296,0.015625,0.030517578125,0.030110904143847234,4010.795363128679,0.9791980867013377,1.0
0.5,1.0,0.5,64,9,4,-12.095051307451097,-12.107507620327034,2.6354301071089337,1.4630816007722756,1.6234007844980651,0.9012448526225406,0.6399283631005959,-0.25240874028309235,-0.2529345036152453,0.17967941541832716,0.18215855509156742,0.8928628667158411,0.8923371033836882,0.0005257633321529287,0.015625,0.060546875,0.062401515407687735,3816.3375822101834,0.9317230425317831,1.0
0.5,1.0,0.5,64,9,8,-12.402806046182844,-12.264918722322644,2.0666276860680552,1.4013731172118107,1.4375770191777744,0.9748160262142542,0.7463725431702055,-0.7604964896522761,-0.7001340982853734,0.08276724816057215,0.07513622827381049,1.446506641455579,1.5068690328224816,-0.06036239136690269,0.015380859375,0.11865234375,0.12616898204104995,3388.74088864374,0.8273293185165381,0.984375
0.5,1.0,0.5,64,9,16,-12.439197688158586,-12.379468198341701,1.7451083058820536,1.2119963015485917,1.3210254751071433,0.9174662596497554,0.6309667324918656,-0.4244730725996595,-0.6358387806903962,0.2261654132940297,0.1608839492586501,1.2668055131822618,1.0554398050915252,0.21136570809073674,0.01513671875,0.21875,0.2619060443618583,2831.251846036284,0.6912235952237021,0.96875
0.5,1.0,0.5,64,9,32,-12.464372341191272,-12.500576545193102,1.4162773772302955,1.1028661281870982,1.1900745259143628,0.9267202214413754,0.6648544461558286,-0.26289863201728325,-0.21134555970161806,0.2130524574889118,0.20667694997804414,0.8762000058574466,0.9277530781731118,-0.051553072315665194,0.014892578125,0.373291015625,0.49669774480615914,2176.664299318701,0.5314121824508548,0.953125
0.5,1.0,0.5,64,9,64,-12.510294186865941,-12.513428615823806,1.5041218778508503,1.3398464938811558,1.2264264665485862,1.0924800878211285,0.6909367813475379,-1.2751375108005747,-1.2988214006108096,0.15347173479423823,0.08164109523300594,1.9897581819583476,1.9660742921481127,0.023683889810234948,0.015380859375,0.5595703125,0.7334695207164567,1738.7127168118238,0.4244904093778867,0.984375
0.5,1.0,0.5,64,10,1,-11.96875,-12.0,3.0,1.7850835939809653,1.7320508075688772,1.030618493510895,0.7223472410723406,-0.12029206821617522,-0.12029206821617588,0.3177306469557003,0.31773064695570014,0.8426393092885165,0.8426393092885158,6.661338147750939e-16,0.015625,0.015625,0.015625,4096.0,1.0,1.0
0.5,1.0,0.5,64,10,2,-12.209973161430309,-12.054344476843553,2.8112606056692018,1.6406907469961811,1.6766814264102772,0.9785345749960677,0.6746485259288852,-0.154729092176624,-0.1681824720741263,0.29784337063484695,0.2940955486037522,0.8428309980030115,0.8293776181055093,0.013453379897502282,0.015625,0.031005859375,0.0309861494937965,4024.9544362539614,0.9826548916635648,1.0
0.5,1.0,0.5,64,10,4,-12.45688694886698,-12.177676348810106,2.3955433219436593,1.6694946795820997,1.5477542834518854,1.0786561519692275,0.7234024944857302,-1.0433836177834754,-1.0850850469239757,0.2393071839477258,0.23855101186509367,1.808487541409706,1.7667861122692057,0.041701429140500235,0.015380859375,0.06103515625,0.06365197469759541,3835.5521283554085,0.9364140938367697,0.984375
0.5,1.0,0.5,64,10,8,-12.43975166650083,-12.311166115561115,1.8943691859696818,1.355831417047212,1.3763608487492232,0.9850842664402527,0.6262879497976288,-0.2304590515402154,-0.27415786388570407,0.27891441505791803,0.24405184928068602,0.9004458136833329,0.8567470013378442,0.04369881234548867,0.015625,0.119873046875,0.13595835241938783,3435.0730206758635,0.8386408741884432,1.0
0.5,1.0,0.5,64,10,16,-12.427046329843709,-12.46764361367821,1.3813834027809913,1.1693731439880952,1.1753226802801822,0.9949379550042643,0.7177539853370107,-0.688478206486212,-0.6387685322818524,0.14444803951945961,0.12529993360095718,1.356522517618863,1.4062321918232228,-0.04970967420435968,0.015380859375,0.224365234375,0.2683614959094583,2800.1430089375654,0.6836286642913978,0.984375
0.5,1.0,0.5,64,10,32,-12.78674186127711,-12.547511066932593,1.1472560233118292,0.9220041516831429,1.0711003796618828,0.860800882149061,0.457694007892981,-0.1701876393139352,-0.08452256678258663,0.14360209747583114,0.18299510936197838,0.5422165746755676,0.6278816472069162,-0.08566507253134859,0.01513671875,0.37939453125,0.48658140042734377,2169.123908759296,0.5295712667869374,0.96875
0.5,1.0,0.5,64,10,64,-12.547074089719812,-12.523527088439362,1.4439478790613278,1.1369042146566735,1.2016438237103904,0.9461241278186606,0.5578458791804538,-0.82905314146852,-0.7188045070815068,0.037950862496473926,0.04425890641428999,1.2766503862619607,1.3868990206489737,-0.11024863438701327,0.015380859375,0.5654296875,0.722305786227036,1733.99982095375,0.42333980003753663,0.984375
0.5,1.0,0.5,256,1,1,-11.9765625,-12.0,3.0,1.7453726489187775,1.7320508075688772,1.0076913686894664,0.3453300166045433,0.1437988104217265,0.14379881042173315,0.4128895470868307,0.4128895470868298,0.20153120618281017,0.20153120618281684,-6.661338147750939e-15,0.06005859375,0.06005859375,0.06005859375,4096.0,1.0,0.9609375
0.5,1.0,0.5,256,1,2,-11.957217624112355,-12.060696388787221,2.772341191358723,1.6859435653998833,1.6650348919343172,1.012557498684773,0.3484097074151109,0.10533618432459046,0.10199144097031398,0.3956008740822242,0.3934615217954614,0.24641826644479692,0.24307352309052044,0.0033447433542764804,0.059814453125,0.11572265625,0.1172010014636333,4055.6590897876836,0.9901511449676962,0.95703125
0.5,1.0,0.5,256,1,4,-12.27984458816584,-12.186223543246193,2.2765556500183255,1.5804101353243476,1.5088259177315073,1.0474436558595612,0.3969224125518851,0.16676891479318068,0.1564880747960924,0.4633640384019913,0.4588098806656299,0.2404343377557927,0.23015349775870442,0.010280839997088287,0.0615234375,0.221923828125,0.2263812908889811,3939.1322425094113,0.9617022076438992,0.984375
0.5,1.0,0.5,256,1,8,-12.417553604424263,-12.380323321577194,1.525132304353959,1.2337758893175226,1.234962470828146,0.9990391760570444,0.3556063593110609,0.14569204060105267,0.11576871509400422,0.423899058014831,0.4206624894723305,0.23983764421705667,0.2099143187100082,0.02992332550704846,0.06103515625,0.390625,0.41279925330284584,3665.4070105332485,0.8948747584309689,0.9765625
0.5,1.0,0.5,256,1,16,-12.535619430525983,-12.58598222965512,0.6994941089236613,0.8548479071064659,0.8363576441473236,1.0221080814990258,0.3531165703940585,0.13659320502062688,0.030111626338159225,0.4107041425910541,0.38137399461523647,0.3230049440558993,0.21652336537343164,0.10648157868246766,0.060302734375,0.60791015625,0.6720603251841328,3113.413875674907,0.7601108094909441,0.96484375
0.5,1.0,0.5,256,1,32,-12.711953664001774,-12.70694801838005,0.24394137175281608,0.5271768247716324,0.4939042131353164,1.067366527256572,0.21690069165295311,-0.03740414415786808,-0.17927842447479114,0.20240098275144192,0.15850290756546398,0.39617911612774426,0.2543048358108212,0.14187428031692306,0.057861328125,0.81005859375,0.8865122346932679,2457.777785241396,0.6000434045999502,0.92578125
0.5,1.0,0.5,256,1,64,-12.736385678686291,-12.750745477418057,0.07722389744233855,0.27514697780462977,0.27789188084997835,0.9901224064663104,0.22297547317723632,-0.04773117832738283,-0.03613532971021338,0.1753681042238843,0.16945155923937844,0.2591108028874497,0.27070665150461914,-0.011595848617169446,0.057373046875,0.92578125,0.9734222286089352,1870.780489982386,0.45673351806210594,0.91796875
0.5,1.0,0.5,256,2,1,-12.09375,-12.0,3.0,1.6744285405773518,1.7320508075688772,0.9667317686411263,0.36843144880516576,0.1276354509786778,0.12763545097867313,0.4044577518443065,0.4044577518443065,0.24079599782649264,0.24079599782648797,4.6629367034256575e-15,0.06005859375,0.06005859375,0.06005859375,4096.0,1.0,0.9609375
0.5,1.0,0.5,256,2,2,-11.912459062324157,-12.059921305347295,2.7674935157945084,1.6128881556227321,1.6635785270898722,0.9695293184892128,0.4034826370254725,0.15065222163192493,0.14532935416867887,0.4362952745278387,0.4319397047700809,0.2581532828567936,0.25283041539354756,0.0053228674632460615,0.06005859375,0.116455078125,0.11697563169006385,4051.457503760079,0.9891253671289255,0.9609375
0.5,1.0,0.5,256,2,4,-12.150594352463507,-12.186837805326007,2.275461302672368,1.601047600576508,1.5084632254955266,1.0613766206004576,0.45313791581528184,0.00252456378562238,-0.011504360384439583,0.35476251381514157,0.35834733191542323,0.4646422761997214,0.45061335202965946,0.014028924170061963,0.060546875,0.21533203125,0.2196525042088504,3957.825758412034,0.9662660542998129,0.96875
0.5,1.0,0.5,256,2,8,-12.298198405099773,-12.350182163218387,1.6382535504964748,1.2214564233013887,1.2799427918842603,0.9543054822811485,0.28757900824034943,0.11934625699540558,0.10474942734171222,0.37771848208715086,0.3797758331328172,0.1828295808986372,0.16823275124494386,0.014596829653693355,0.060791015625,0.385986328125,0.40153410424702035,3707.502543078454,0.9051519880562632,0.97265625
0.5,1.0,0.5,256,2,16,-12.722720003939893,-12.566678933300802,0.8047438535486682,0.922942188408566,0.8970751660528052,1.028834843873315,0.4366635261930262,0.008396779797005594,-0.04554784335804807,0.3724532037616371,0.3558907502026546,0.48221136955107424,0.4282667463960206,0.05394462315505366,0.058349609375,0.6181640625,0.6693504258887678,3146.5306150156966,0.7681959509315666,0.93359375
0.5,1.0,0.5,256,2,32,-12.687265949123757,-12.708151371809883,0.2519126719055499,0.5139962898998727,0.5019090275194797,1.024082576159529,0.3585121347809189,0.08554766676328263,0.0014203692859248163,0.38297743700004183,0.36226300174030496,0.3570917654949941,0.2729644680176363,0.08412729747735781,0.06005859375,0.81591796875,0.8926918022719702,2386.22601235348,0.5825747100472364,0.9609375
0.5,1.0,0.5,256,2,64,-12.755049449717106,-12.74913577081675,0.08938804008361287,0.30803129786199324,0.2989783271135432,1.0302796889522094,0.19011148149173662,-0.12019378571337991,-0.09558510386403318,0.12562070204967105,0.09191799117696213,0.2856965853557698,0.31030526720511653,-0.024608681849346725,0.0576171875,0.925048828125,0.9742993596480074,1875.9979029867227,0.45800730053386784,0.921875
0.5,1.0,0.5,256,3,1,-12.0078125,-12.0,3.0,1.815713073380194,1.7320508075688772,1.0483024316871778,0.3406659098266509,0.17318438754868737,0.17318438754867815,0.45393487355766515,0.45393487355766465,0.16748152227797275,0.16748152227796353,9.2148511043888e-15,0.06103515625,0.06103515625,0.06103515625,4096.0,1.0,0.9765625
0.5,1.0,0.5,256,3,2,-12.211679445801881,-12.073884360961976,2.7145236756014697,1.7143330067833258,1.6475811590332872,1.0405150589299073,0.35369186381699314,0.187812085564671,0.187287652122904,0.46314240270644363,0.46344107809102414,0.16640421169408914,0.16587977825232214,0.0005244334417670027,0.060546875,0.1171875,0.11808093681016314,4047.307755575958,0.9881122450136616,0.96875
0.5,1.0,0.5,256,3,4,-12.126439144485046,-12.195248821017286,2.255139527926613,1.568694026816409,1.5017121987673314,1.0446036385028097,0.4134890902113473,0.2280879428317909,0.220844252857072,0.5010791485090405,0.4986515763799803,0.1926448373542753,0.18540114737955637,0.007243689974718914,0.059814453125,0.220947265625,0.2253367286082997,3941.1416918974533,0.9621927958734017,0.95703125
0.5,1.0,0.5,256,3,8,-12.298431141783306,-12.383713161782522,1.516407721983974,1.3090065696596518,1.231425077698182,1.0630013903131543,0.3930407251134883,0.1572351765946608,0.11069022643394699,0.4777473384434913,0.47620784195103116,0.2823504986795413,0.2358055485188275,0.046544950160713805,0.0595703125,0.3935546875,0.4124080011194918,3696.069560020325,0.9023607324268371,0.953125
0.5,1.0,0.5,256,3,16,-12.523534598242872,-12.599244730638972,0.6520047858454456,0.8062999761447457,0.8074681330216354,0.9985533090048787,0.34453656833504587,0.10374757852303851,0.04229796154762644,0.3763471594525849,0.3781138575067764,0.30223860678741943,0.24078898981200736,0.06144961697541207,0.0595703125,0.614501953125,0.6710668308375446,3099.6168469482127,0.756742394274466,0.953125
0.5,1.0,0.5,256,3,32,-12.710444919457677,-12.71722513654819,0.1999042854466366,0.4325814017277296,0.447106570569743,0.9675129604481004,0.30549378064793287,0.07479938407957887,-0.05373224008213384,0.3365714850017981,0.2669559817795446,0.3592260207300667,0.230694396568354,0.1285316241617127,0.0595703125,0.809814453125,0.8879021390840084,2373.673486617566,0.5795101285687417,0.953125
0.5,1.0,0.5,256,3,64,-12.76497301424985,-12.752769804202783,0.06304637037354133,0.2533180080590144,0.2510903629642948,1.0088718860748802,0.27153732481817117,-0.13313658144454465,-0.11591684686843373,0.13761696631605677,0.0985323042855047,0.3874541716866049,0.4046739062627158,-0.017219734576110923,0.058349609375,0.919921875,0.971533323694309,1885.8672864104267,0.4604168179712956,0.93359375
0.5,1.0,0.5,256,4,1,-11.953125,-12.0,3.0,1.784741643592988,1.7320508075688772,1.0304210683623467,0.32625834800710807,0.12841732185216326,0.12841732185215637,0.40149439984015306,0.4014943998401533,0.1978410261549517,0.1978410261549448,6.8833827526759706e-15,0.059326171875,0.059326171875,0.059326171875,4096.0,1.0,0.94921875
0.5,1.0,0.5,256,4,2,-12.16450543706478,-12.058400246420977,2.771538271546257,1.7056487505584443,1.6647937624661673,1.024540570137502,0.367117844197863,0.0716078319168244,0.06976889334062297,0.3873663969316755,0.38335211725316104,0.29734895085724,0.29551001228103857,0.001838938576201432,0.060546875,0.117431640625,0.11846818398481353,4055.4288318313415,0.9900949296463236,0.96875
0.5,1.0,0.5,256,4,4,-12.376823264516117,-12.169439895227704,2.3460500734667598,1.6400689494659242,1.5316821058779657,1.0707632759905037,0.4504522900791065,0.22853312786950497,0.2274920507967726,0.5155630943411252,0.5129452020303302,0.22296023928233388,0.2219191622096015,0.001041077072732377,0.0595703125,0.221435546875,0.22610238926706142,3945.830362652916,0.9633374908820596,0.953125
0.5,1.0,0.5,256,4,8,-12.485655594134792,-12.335840808474565,1.7133387330376517,1.3401928028640833,1.3089456570223423,1.0238719962697485,0.4052934683848046,0.014282073869049672,-0.01164544802574019,0.3391844475686531,0.33790025638569143,0.4169389164105448,0.39101139451575495,0.025927521894789862,0.061279296875,0.390625,0.41522509297707855,3663.3842025152535,0.8943809088172006,0.98046875
0.5,1.0,0.5,256,4,16,-12.681845772331483,-12.541493226780304,0.9197292806572646,0.942766363235392,0.9590251720665441,0.9830465254669832,0.3255438759927042,0.058846560139615534,0.02199327884553348,0.33366497968420333,0.3262501785659124,0.3035505971471707,0.26669731585308865,0.03685328129408205,0.059326171875,0.61767578125,0.6807289977977928,3130.1483171044624,0.7641963664805816,0.94921875
0.5,1.0,0.5,256,4,32,-12.672573509401325,-12.700087294466808,0.30537530735089496,0.5427425051862711,0.5526077337052884,0.9821478638149524,0.23066631071843824,-0.028227211894897408,-0.0795775083982293,0.2225136470403807,0.19491221313606513,0.31024381911666754,0.25889352261333565,0.051350296503331894,0.05810546875,0.809814453125,0.8882450326439224,2377.0329478625954,0.5803303095367665,0.9296875
0.5,1.0,0.5,256,4,64,-12.785578908468265,-12.743812144539314,0.12181647579126817,0.3537850328222564,0.34902217091650234,1.0136463018760302,0.29117430986539894,-0.1779201343765935,-0.16833011239693452,0.1367235588369829,0.15273702376114706,0.45950442226233346,0.4690944442419924,-0.00959002197965897,0.056396484375,0.9228515625,0.971783454342465,1852.303132374601,0.45222244442739284,0.90234375
0.5,1.0,0.5,256,5,1,-12.0078125,-12.0,3.0,1.6056350658987708,1.7320508075688772,0.9270138375169579,0.376742752055504,0.13571802931728538,0.13571802931727872,0.40161983734173184,0.4016198373417324,0.24102472273822528,0.24102472273821862,6.661338147750939e-15,0.06103515625,0.06103515625,0.06103515625,4096.0,1.0,0.9765625
0.5,1.0,0.5,256,5,2,-11.809267317863663,-12.055893109315864,2.76197791715144,1.6273051034507324,1.6619199490804122,0.9791717731959153,0.3061360758714776,0.1467379341709899,0.14257261181978853,0.4186788508175634,0.41725377733170854,0.1635634640516891,0.15939814170048772,0.004165322351201373,0.061279296875,0.1171875,0.11738765983445655,4060.2622434092887,0.9912749617698459,0.98046875
0.5,1.0,0.5,256,5,4,-12.031216556268763,-12.150626507833946,2.397681839230295,1.58910220747549,1.5484449745568278,1.0262568147959525,0.3802339546650063,-0.026111723326688763,-0.017470354127246956,0.286137206311812,0.2846004129579105,0.39770430879225327,0.4063456779916951,-0.008641369199441806,0.06005859375,0.21630859375,0.2170983459918073,3940.8250725684616,0.9621154962325346,0.9609375
0.5,1.0,0.5,256,5,8,-12.331653399207479,-12.29356434366185,1.848249969412064,1.3491254931130712,1.3595035746227606,0.9923662712600302,0.4855948053430398,0.22912143877490598,0.22719252901219822,0.5055915055245545,0.5122533695873613,0.25840227633084156,0.2564733665681338,0.0019289097627077645,0.060791015625,0.3857421875,0.40090247740740337,3677.905026437571,0.8979260318451101,0.97265625
0.5,1.0,0.5,256,5,16,-12.65562814562609,-12.570603910234901,0.7635044027507832,0.8621796559509783,0.8737873899014469,0.9867156082994311,0.334826800533254,0.14489840336839888,0.11321457397023504,0.41295869833252313,0.4181200828330348,0.22161222656301893,0.1899283971648551,0.03168382939816383,0.059326171875,0.617919921875,0.6627484691429407,3157.085113133953,0.770772732698719,0.94921875
0.5,1.0,0.5,256,5,32,-12.742556206230626,-12.711498538490973,0.24105064779129254,0.4630735700288674,0.49096909046424964,0.9431827359864857,0.39326557021510733,0.0552505051264468,-0.005814395175328668,0.34658801494483116,0.3065822985916624,0.399079965390436,0.3380150650886605,0.06106490030177547,0.05859375,0.81005859375,0.8798993818249136,2390.58085722883,0.5836379045968824,0.9375
0.5,1.0,0.5,256,5,64,-12.760720449538937,-12.748470431359426,0.09574502735468368,0.32410124240247473,0.30942693379000424,1.047424147706642,0.29573583881310117,-0.13908082373827613,-0.11792474450231838,0.1708804877861053,0.13805208183282916,0.41366058331541955,0.4348166625513773,-0.021156079235957748,0.05810546875,0.930908203125,0.9756296141331893,1839.1304157170816,0.44900644914967813,0.9296875
0.5,1.0,0.5,256,6,1,-11.9921875,-12.0,3.0,1.7275167046496975,1.7320508075688772,0.9973822344590781,0.3679161996635617,0.14465267478846056,0.144652674788456,0.42316501387935873,0.42316501387935807,0.2232635248751057,0.22326352487510115,4.551914400963142e-15,0.061279296875,0.061279296875,0.061279296875,4096.0,1.0,0.98046875
0.5,1.0,0.5,256,6,2,-11.994495451847992,-12.063204555305614,2.7411988248501187,1.6118101794791981,1.6556566144131817,0.9735171927848553,0.4176522054123527,0.1768866135918008,0.1760854462511765,0.45601098264917783,0.4547574636022107,0.2415667591611762,0.2407655918205519,0.0008011673406242981,0.060791015625,0.11865234375,0.11951264809413151,4052.7780874054793,0.9894477752454783,0.97265625
0.5,1.0,0.5,256,6,4,-12.040712216345156,-12.178420862191015,2.2988359764468793,1.5238808504819563,1.516191273041393,1.0050716407469742,0.41040799271651873,0.1416801879691606,0.13886287185931168,0.4251606544378033,0.42277351989855083,0.27154512085720706,0.26872780474735813,0.002817316109848922,0.060546875,0.21923828125,0.22216859049505144,3950.48486466502,0.9644738439123584,0.96875
0.5,1.0,0.5,256,6,8,-12.216369452485305,-12.357662547137977,1.5926089085193609,1.1518692693171095,1.2619860968011338,0.9127432324625866,0.44540379222998605,0.23347609098522315,0.18128432118693127,0.4950851969790339,0.4898306598683638,0.2641194710430548,0.2119277012447629,0.052191769798291876,0.060546875,0.388916015625,0.4028003439976357,3671.780299099287,0.8964307370847868,0.96875
0.5,1.0,0.5,256,6,16,-12.518536915762853,-12.543578517834398,0.8717145561381926,0.9180088524295167,0.9336565514889255,0.9832404120825211,0.5454793107717959,0.4457012476161466,0.3656850682804528,0.6757329216975254,0.6708205885802687,0.17979424249134313,0.0997780631556493,0.08001617933569383,0.060546875,0.610107421875,0.6622810052749907,3104.747029177639,0.757994880170322,0.96875
0.5,1.0,0.5,256,6,32,-12.70185855496325,-12.713995063534636,0.2171522207640178,0.4796350336491729,0.4659959450081275,1.029268685247481,0.3596557977011501,0.12583858365436074,0.026461438145815253,0.415636916734191,0.36252990182738554,0.33319435955533483,0.23381721404678935,0.09937714550854548,0.059326171875,0.810302734375,0.8891256666500912,2377.2342339209335,0.5803794516408529,0.94921875
0.5,1.0,0.5,256,6,64,-12.754551815148496,-12.750531954122334,0.0772481319171088,0.28028003052878453,0.2779354815728082,1.0084355870747728,0.23336219796526736,-0.07432187507840471,-0.05898225211096508,0.16435707240298156,0.1531291312368771,0.29234445007623244,0.30768407304367207,-0.015339622967439626,0.059326171875,0.920654296875,0.9715240283398954,1879.5629552963762,0.45887767463290435,0.94921875
0.5,1.0,0.5,256,7,1,-11.875,-12.0,3.0,1.709349291397168,1.7320508075688772,0.986893273527251,0.40584310296856463,0.14105462794404533,0.14105462794404733,0.44098460401843653,0.4409846040184368,0.2647884750245173,0.2647884750245193,-1.9984014443252818e-15,0.059326171875,0.059326171875,0.059326171875,4096.0,1.0,0.94921875
0.5,1.0,0.5,256,7,2,-12.131870450345284,-12.074366888282395,2.715288748566638,1.5042775121932885,1.6478133233369119,0.9128931602197781,0.3359469244382204,0.167846304049033,0.16962706854424414,0.42939491294303167,0.42869908033198895,0.16631985589397624,0.16810062038918738,-0.00178076449521114,0.061767578125,0.117431640625,0.11819269504268472,4041.7331110697514,0.9867512478197635,0.98828125
0.5,1.0,0.5,256,7,4,-12.04965474769761,-12.186770944269343,2.2531746143109896,1.5941231436052845,1.501057831767647,1.0619998176406327,0.4907613664817113,0.2073927077728306,0.20089206426445405,0.5103331380623258,0.512910098658667,0.28986930221725726,0.2833686587088807,0.006500643508376536,0.060791015625,0.21923828125,0.22304064019873338,3928.9427040321893,0.9592145273516087,0.97265625
0.5,1.0,0.5,256,7,8,-12.4412610076566,-12.396187043208323,1.4285634864148797,1.1581975739185997,1.1952252868873214,0.9690203065690222,0.3232310392604836,0.11997710449222243,0.07628988419064109,0.38179860464904103,0.3618081332092993,0.2469411550698425,0.20325393476826115,0.04368722030158134,0.059326171875,0.391357421875,0.4093049250342879,3691.5867780664275,0.9012663032388739,0.94921875
0.5,1.0,0.5,256,7,16,-12.538757040502006,-12.57298177124854,0.7497482801889046,0.8405554887134382,0.8658800610875068,0.9707527941661319,0.432014225742094,0.2512470713066045,0.16458284863333372,0.5288596636527954,0.5201922128976041,0.2674313771087603,0.18076715443548952,0.08666422267327079,0.059814453125,0.611572265625,0.6706643622077056,3124.845299404135,0.7629016844248376,0.95703125
0.5,1.0,0.5,256,7,32,-12.744819904374486,-12.712071636451622,0.22568062396285904,0.5145010526888157,0.47505854793157765,1.0830266183588786,0.40173236922876465,-0.008685385205454033,-0.14667843578571138,0.31696609462198894,0.27409961770466607,0.548410805014476,0.4104177544342187,0.13799305058025735,0.060302734375,0.80615234375,0.8864856460874905,2398.129837099119,0.5854809172605271,0.96484375
0.5,1.0,0.5,256,7,64,-12.743607777175145,-12.750709919426912,0.07675340821424845,0.2829169450463493,0.27704405464519255,1.0211983989646631,0.21331233725945253,-0.15923897253145403,-0.13712024710730608,0.08034001775853122,0.07831772200726658,0.3504325843667586,0.37255130979090656,-0.022118725424147945,0.058837890625,0.926025390625,0.9751697706802468,1860.242881470986,0.45416085973412745,0.94140625
0.5,1.0,0.5,256,8,1,-12.09375,-12.0,3.0,1.7564056870495495,1.7320508075688772,1.014061296224247,0.39516699650770415,0.2092744825916647,0.20927448259166492,0.48311920802179975,0.48311920802179975,0.18589251391603923,0.18589251391603945,-2.220446049250313e-16,0.060302734375,0.060302734375,0.060302734375,4096.0,1.0,0.96484375
0.5,1.0,0.5,256,8,2,-12.222537044609052,-12.078025259571884,2.6924805992281406,1.7706750017325734,1.6408779964482858,1.0791021669894019,0.44544017915820044,0.07155452711077959,0.07638091966111715,0.4311736871557649,0.4313288963591703,0.3690592594970833,0.37388565204742086,-0.004826392550337566,0.0615234375,0.1181640625,0.11962193571864486,4048.1995484649383,0.9883299678869478,0.984375
0.5,1.0,0.5,256,8,4,-12.339543474951803,-12.191262607846467,2.2539151451939934,1.6057461425336643,1.5013044811742864,1.069567274772727,0.3757033697370802,0.13761443959948483,0.12939127340678747,0.4278592252627161,0.4200516640819334,0.24631209633029272,0.23808893013759536,0.008223166192697362,0.06103515625,0.22216796875,0.22880612180038346,3921.9263030733096,0.9575015388362572,0.9765625
0.5,1.0,0.5,256,8,8,-12.384100622943741,-12.377624543452434,1.5254930674311171,1.2185146037115968,1.2351085245560882,0.9865648074524824,0.38759130636604755,0.1296804098983919,0.10727070649962278,0.4059194236768361,0.4070573086302887,0.28032059986642477,0.25791089646765564,0.022409703398769132,0.06005859375,0.385498046875,0.40630571124576265,3670.1911072636362,0.8960427507967862,0.9609375
0.5,1.0,0.5,256,8,16,-12.477542604240611,-12.54348848461149,0.8974359845257458,0.9571825159582068,0.9473309793972462,1.0103992551444152,0.41002687712335273,0.24033427627045545,0.20402441515726188,0.50288230376861,0.5050793147636174,0.20600246196609084,0.16969260085289728,0.036309861113193564,0.060546875,0.6162109375,0.6710101999670426,3169.8847072801336,0.7738976336133139,0.96875
0.5,1.0,0.5,256,8,32,-12.70028367947934,-12.704230868466201,0.26795305366309125,0.5293911732675702,0.5176418198552849,1.022697844265307,0.29071925753534067,0.08351887881766551,-0.015257150680379361,0.3469418438555589,0.2839899462136913,0.30597640821572003,0.20720037871767516,0.09877602949804487,0.05859375,0.81787109375,0.89213626672413,2445.5423804376283,0.5970562452240303,0.9375
0.5,1.0,0.5,256,8,64,-12.71464320434899,-12.748578758489653,0.09550012309296582,0.3121027475505722,0.3090309419669264,1.009940123031352,0.22995415045969425,-0.1258081812211278,-0.11176529557437109,0.14486139839405807,0.1192337892532987,0.34171944603406534,0.35576233168082205,-0.014042885646756709,0.059326171875,0.929931640625,0.9771051680670306,1840.0465497317123,0.4492301146805938,0.94921875
0.5,1.0,0.5,256,9,1,-12.0390625,-12.0,3.0,1.8662392989897492,1.7320508075688772,1.0774737616439902,0.4137278087428018,0.09751269674002094,0.09751269674002139,0.4254258341770612,0.42542583417706065,0.3162151120027804,0.31621511200278085,-4.440892098500626e-16,0.0615234375,0.0615234375,0.0615234375,4096.0,1.0,0.984375
0.5,1.0,0.5,256,9,2,-12.20266988319074,-12.073282795480905,2.6996429927935583,1.7082237261235311,1.6430590350908145,1.0396605901802638,0.3805441846824069,0.17155489598321905,0.17244191826203148,0.46549260272223064,0.46524176584067434,0.20810226642037544,0.20898928869918787,-0.0008870222788124327,0.06005859375,0.11767578125,0.11812205744746748,4036.6870993903212,0.9855193113745901,0.9609375
0.5,1.0,0.5,256,9,4,-12.162137587733138,-12.199924995642164,2.210248183670953,1.4652256538340576,1.486690345590148,0.9855620964918759,0.3484624211848676,0.12219463570747058,0.10411703298364616,0.394975190963482,0.3971994854357472,0.24434538820122143,0.226267785477397,0.018077602723824415,0.06005859375,0.222412109375,0.2270645392854076,3909.13671730218,0.9543790813726025,0.9609375
0.5,1.0,0.5,256,9,8,-12.31715909995863,-12.348025380263493,1.6710508434602342,1.3899565020507494,1.2926913179333395,1.0752423898637382,0.5273655828816853,0.24647314173120194,0.22219299958907168,0.5330012799609283,0.5300215461859701,0.30517258329261365,0.2808924411504834,0.024280142142130257,0.0595703125,0.386474609375,0.4034665517131932,3641.426898820534,0.8890202389698569,0.953125
0.5,1.0,0.5,256,9,16,-12.588323182040643,-12.598486617579573,0.6557240711899976,0.8504340461118701,0.8097679119290895,1.0502194932445554,0.3831624997885189,0.11629712521455382,0.044756755592522124,0.41532777888785843,0.4002181760786712,0.3384057441959968,0.2668653745739651,0.0715403696220317,0.060546875,0.61181640625,0.6655926333376146,3081.610974524568,0.7523464293272871,0.96875
0.5,1.0,0.5,256,9,32,-12.698114061532719,-12.714910516308265,0.20576433158365265,0.46685331509316236,0.45361253464124274,1.0291896264780065,0.3303236501504969,0.00359283956193146,-0.09584074412750088,0.2942432189244921,0.246982151297268,0.4261643942779978,0.32673081058856546,0.09943358368943234,0.060302734375,0.81689453125,0.8925219039185599,2408.1597230493876,0.5879296198851044,0.96484375
0.5,1.0,0.5,256,9,64,-12.742184014750526,-12.751254484717098,0.07524448365783276,0.27086264069152394,0.2743072796296751,0.9874424078617179,0.19764948402273552,-0.0549724932552933,-0.06146456521193877,0.16211573771788554,0.12339693417705348,0.2591140492346743,0.2526219772780288,0.006492071956645473,0.05859375,0.926513671875,0.9734789993669908,1870.3767533593907,0.4566349495506325,0.9375
0.5,1.0,0.5,256,10,1,-12.0390625,-12.0,3.0,1.8324434837379706,1.7320508075688772,1.057961738610893,0.42097738253465167,0.11782853680649275,0.11782853680649363,0.42668344745739273,0.4266834474573922,0.30314884572815803,0.3031488457281589,-8.881784197001252e-16,0.05908203125,0.05908203125,0.05908203125,4096.0,1.0,0.9453125
0.5,1.0,0.5,256,10,2,-12.117623388686962,-12.071150362561653,2.7216557410270292,1.638659771707753,1.6497441441105434,0.9932811566918659,0.3762582462718207,0.1310840282583111,0.13206120684223743,0.4172498134585345,0.4180258068216385,0.24419703942958326,0.24517421801350958,-0.0009771785839263192,0.06005859375,0.11474609375,0.11605519007777693,4041.7100758821653,0.9867456239946693,0.9609375
0.5,1.0,0.5,256,10,4,-12.215862139808419,-12.195042844370008,2.2528128051620424,1.676828185052234,1.500937308871374,1.1171873569543824,0.3379564865476439,0.04825856698943376,0.028280487920780417,0.3623838849302967,0.3521168546180192,0.30967599862686346,0.2896979195582101,0.019978079068653343,0.0615234375,0.2197265625,0.22481283587996811,3922.9682359919025,0.9577559169902106,0.984375
0.5,1.0,0.5,256,10,8,-12.297919187692898,-12.392955110216516,1.4815046635670364,1.1688655600714057,1.2171707618765069,0.9603135374935977,0.3686538428547025,0.1570552462954008,0.15070757751753605,0.42750443702558144,0.43403314903991336,0.21794626533716643,0.2115985965593017,0.006347668777864746,0.06005859375,0.38916015625,0.405329521249016,3655.570165236848,0.8924731848722773,0.9609375
0.5,1.0,0.5,256,10,16,-12.528094017255492,-12.579715011988501,0.7396413075101892,0.8339593940514065,0.8600240156589752,0.969693146780794,0.3465312743455733,0.1614430686756292,0.06701886918315036,0.42691336716199446,0.3975006525992415,0.27951240516242293,0.1850882056699441,0.09442419949247882,0.060302734375,0.60888671875,0.663085050694412,3115.9108087531595,0.7607204122932518,0.96484375
0.5,1.0,0.5,256,10,32,-12.731630833183347,-12.710369516123269,0.23849199643567126,0.49210211040183444,0.48835642356343717,1.0076699858088602,0.2898798824244898,-0.018798646982160605,-0.10029273100661174,0.23887621777258888,0.2356850736190207,0.39017261343110154,0.3086785294066504,0.08149408402445113,0.0595703125,0.80908203125,0.8886892623865773,2390.4044474078178,0.5835948357929243,0.953125
0.5,1.0,0.5,256,10,64,-12.739619600471563,-12.749521651770024,0.08861968101165268,0.31313592671083107,0.2976905793129045,1.0518838971443967,0.23315726399721337,-0.19306675187801803,-0.20660015382667285,0.09697719164087418,0.049320789751577804,0.4397574178238862,0.4262240158752314,0.013533401948654822,0.059814453125,0.91650390625,0.9698088530566956,1843.1407381525644,0.4499855317755284,0.95703125
1.0,1.0,1.0,64,1,1,-12.0625,-12.0,12.0,3.121873435935544,3.4641016151377544,0.9012072343066642,0.6233940897668354,-0.3811545565371208,-0.38115455653712726,0.22347664553560112,0.22347664553560076,1.0045486463039626,1.0045486463039563,6.439293542825908e-15,0.015625,0.015625,0.015625,4096.0,1.0,1.0
1.0,1.0,1.0,64,1,2,-11.930038674320613,-12.168874356787,11.361478090853442,3.5741826100026572,3.3706791735277095,1.0603746087949284,0.672375139189239,-0.3490789999447248,-0.347681495226718,0.2989417170972681,0.30896103034809846,1.020056634415957,1.0214541391339638,-0.0013975047180068145,0.015380859375,0.031005859375,0.03363254698785122,3649.2167576200777,0.8909220599658393,0.984375
1.0,1.0,1.0,64,1,4,-12.910913531977215,-12.396412201640736,10.538091969364828,3.1001135812247322,3.2462427465247923,0.9549851392177938,0.6107861658793197,-0.0631311911129313,-0.10176813759761116,0.31405411357824015,0.28870536188404694,0.7125543034769308,0.673917356992251,0.03863694648467986,0.015625,0.060791015625,0.06886467109804312,3267.505299953987,0.7977307861215789,1.0
1.0,1.0,1.0,64,1,8,-12.798356707139515,-13.051367864713379,8.024985404778736,2.8125713378392474,2.83284051876888,0.9928449269221689,0.6683809979371,-0.4573281975601433,-0.465404537239855,0.19963432218108942,0.1545598595042616,1.133785535176955,1.1257091954972434,0.008076339679711664,0.01513671875,0.115234375,0.1649102988696039,2008.0145257395368,0.4902379213231291,0.96875
1.0,1.0,1.0,64,1,16,-13.69764978196801,-13.704433229301628,5.96473557752822,2.186398520642284,2.4422808146337758,0.8952281439307537,0.7207924579223621,-0.21596372357139537,-0.20363690280045232,0.24410355013602325,0.15787010086281716,0.9244293607228145,0.9367561814937575,-0.012326820770943048,0.015380859375,0.205810546875,0.42378812882095385,669.8244461161481,0.16353135891507523,0.984375
1.0,1.0,1.0,64,1,32,-14.382969399655355,-14.354363237005558,4.36962747563344,1.377033734095321,2.0903653928520343,0.6587526462139405,0.6040385502174737,-0.05141216112829228,-0.18756280373599976,0.23751666104004515,0.044636744842263855,0.7916013539534734,0.6554507113457659,0.13615064260770748,0.013427734375,0.306640625,0.7320224943663756,200.51670498842745,0.048954273678815295,0.859375
1.0,1.0,1.0,64,1,64,-14.477099872343391,-14.066207176857787,7.410081112510786,2.4755235624805705,2.7221464164351605,0.9094013266642873,0.7656560823876051,-0.009964156576114602,-0.6224509232949345,0.38228895516770284,0.06823732819436161,1.3881070056825395,0.7756202389637197,0.6124867667188199,0.011474609375,0.392333984375,0.8437539100201246,52.95905604882374,0.012929457043169858,0.734375
1.0,1.0,1.0,64,2,1,-12.0,-12.0,12.0,3.24037034920393,3.4641016151377544,0.9354143466934854,0.6357142857142858,-0.3503240740740743,-0.35032407407407806,0.16959195654572742,0.1695919565457272,0.9860383597883638,0.9860383597883601,3.774758283725532e-15,0.015625,0.015625,0.015625,4096.0,1.0,1.0
1.0,1.0,1.0,64,2,2,-12.182237521911008,-12.091580605306657,11.856651929301048,3.315330209184695,3.4433489409731695,0.9628214467999012,0.6203856125012605,-0.44621554902760985,-0.45192307172186474,0.17280754556666328,0.17417546536926343,1.0723086842231253,1.0666011615288702,0.005707522694254896,0.01513671875,0.0302734375,0.03257895224951358,3834.364290030407,0.9361240942457049,0.96875
1.0,1.0,1.0,64,2,4,-11.921276545928537,-12.26466772974769,11.165558348880117,3.4356219043033267,3.341490438244604,1.0281705028933654,0.656997518865856,-0.27162872431984475,-0.3213647811407434,0.22618905848691978,0.2010740117758513,0.9783623000065994,0.9286262431857008,0.049736056820898655,0.015625,0.06005859375,0.06824587631766317,3264.7156084323888,0.7970497090899387,1.0
1.0,1.0,1.0,64,2,8,-12.695370354101525,-12.82396340019726,9.019025137857815,3.0374938726980836,3.003169182356834,1.0114294894016969,0.5860804459430318,-0.49154652667018506,-0.6945830973555869,0.224143491182297,0.16331351056231833,1.2806635432986186,1.0776269726132168,0.20303657068540182,0.015380859375,0.116943359375,0.1423682285015687,2654.8197987298563,0.6481493649242813,0.984375
1.0,1.0,1.0,64,2,16,-13.50658352201268,-13.531873566634099,6.537254000582233,2.7996814712951203,2.5568054287689224,1.0949919926613816,0.5921062845591264,-0.5513656506177105,-0.6597184663949611,0.15692761835890442,0.0333170746916821,1.2518247509540874,1.1434719351768368,0.10835281577725064,0.015625,0.20947265625,0.3608272016205315,1180.9029942203942,0.28830639507333844,1.0
1.0,1.0,1.0,64,2,32,-13.529308032895914,-14.137111263113862,5.044381776501186,2.1307269967630322,2.2459701192360475,0.9486889333540134,0.7074544722898375,-0.32012828853987907,-0.5186553617806022,0.17307895780021082,0.01900173243628807,1.2261098340704397,1.0275827608297166,0.19852707324072316,0.01416015625,0.320068359375,0.683535806978114,373.02512976478164,0.09107058832147989,0.90625
1.0,1.0,1.0,64,2,64,-14.41719811565738,-14.29905148817911,5.7169879466537745,1.913419908585795,2.39102236431485,0.8002517823099022,0.5514797494453831,-0.2995597892360111,-0.3833232862679692,0.1270524531431768,0.012901167316462389,0.9348030357133523,0.8510395386813943,0.08376349703195807,0.01123046875,0.4130859375,0.8983129940850708,41.240686392533675,0.010068526951302167,0.71875
1.0,1.0,1.0,64,3,1,-11.75,-12.0,12.0,3.665719574653795,3.4641016151377544,1.0582020916000245,0.7600442967884828,-0.2536278817082387,-0.25362788170824424,0.3708222054651454,0.37082220546514516,1.013672178496727,1.0136721784967215,5.551115123125783e-15,0.015625,0.015625,0.015625,4096.0,1.0,1.0
1.0,1.0,1.0,64,3,2,-12.008278890999055,-12.314424280829588,10.761156503875661,3.278510463757575,3.28042017184928,0.9994178464978074,0.657041991267205,-0.6699771800992074,-0.7109726735999793,0.13589013411299208,0.14628191527363776,1.3680146648671843,1.3270191713664123,0.04099549350077192,0.015625,0.031005859375,0.03221906208091742,3706.7799796837894,0.9049755809774876,1.0
1.0,1.0,1.0,64,3,4,-12.876601278268918,-12.399612422419263,10.838902216143454,3.2329303727816603,3.292248808359334,0.9819823959151998,0.7115258640115987,-0.6903970917639035,-0.8865786732752479,0.2855348844325337,0.24013254803183465,1.5981045372868465,1.4019229557755022,0.19618158151134435,0.015380859375,0.060546875,0.06762675964576291,3081.0862412116144,0.7522183206083043,0.984375
1.0,1.0,1.0,64,3,8,-12.545216789569443,-13.009280970690334,8.791605741079259,2.832657045530134,2.965064205220396,0.955344252088322,0.6531607220598102,-0.2572388648994395,-0.368742730260575,0.3214510968772681,0.2309106624484259,1.0219034523203852,0.9103995869592497,0.11150386536113555,0.015625,0.117431640625,0.15947795563418155,2050.4369458793717,0.500594957490081,1.0
1.0,1.0,1.0,64,3,16,-13.987229052705388,-13.951921772173227,5.584592053615745,2.0748551231449768,2.363174147966194,0.8779950156998156,0.6276026151609764,-0.2952045955043352,-0.3519805027356282,0.13492622127336235,0.0669392843921309,0.9795831178966046,0.9228072106653116,0.056775907231293,0.015380859375,0.209228515625,0.4178777693773469,747.5726142505615,0.182512845276016,0.984375
1.0,1.0,1.0,64,3,32,-14.493590434979158,-14.516378811719756,3.979298133573984,2.237288060460033,1.9948178196451885,1.1215500675936272,0.7366695059508054,-0.5057295766748582,-0.30044298011452364,0.21961999092387038,0.21822548179474938,1.037112486065329,1.2423990826256635,-0.20528659656033454,0.01318359375,0.303955078125,0.7598958684102317,75.21656017290893,0.018363418010964094,0.84375
1.0,1.0,1.0,64,3,64,-14.727573116138517,-14.861920581735188,2.716216202656935,1.3847137008705035,1.6480947189579047,0.8401906061236954,0.8043797159387206,-0.4053420751696417,-0.6994730505337325,0.24383782299833884,0.1578551180643784,1.5038527664724533,1.2097217911083624,0.29413097536409083,0.009765625,0.363037109375,0.9382719766406242,12.73654593760173,0.003109508285547297,0.625
1.0,1.0,1.0,64,4,1,-11.9375,-12.0,12.0,3.353519606324078,3.4641016151377544,0.9680777237219472,0.6585057642369208,-0.5864966281651551,-0.5864966281651485,0.17884734025931362,0.17884734025931334,1.2450023924020692,1.2450023924020759,-6.661338147750939e-15,0.015625,0.015625,0.015625,4096.0,1.0,1.0
1.0,1.0,1.0,64,4,2,-11.405488984652852,-12.12776611688039,11.475719962854615,3.736887560711256,3.387583203827563,1.1031131446421805,0.6455479036839383,-0.7628500850052231,-0.7781156784629961,0.237495891863176,0.22402869046907747,1.4236635821469346,1.4083979886891616,0.015265593457773008,0.015625,0.03125,0.032896692363030236,3720.583948119416,0.9083456904588418,1.0
1.0,1.0,1.0,64,4,4,-12.107838098567797,-12.473463840716672,10.432958566728445,3.111640849991997,3.2300090660443113,0.9633535963422927,0.6883437225196893,-0.4152655005845005,-0.36090675108425296,0.16915642389512994,0.16449225259479897,1.0492504736039423,1.1036092231041899,-0.05435874950024755,0.015625,0.060546875,0.07231638528857115,2679.52486722626,0.6541808757876612,1.0
1.0,1.0,1.0,64,4,8,-13.305329813768655,-12.913738267359845,8.945062897283293,2.6207662100340947,2.990829800788285,0.8762672517651611,0.6842198574610081,-0.264549185248409,-0.3610064736014116,0.21920129734277738,0.1576739953514363,1.0452263310624197,0.9487690427094171,0.0964572883530026,0.01513671875,0.114990234375,0.1760431483812809,1806.9054629945344,0.4411390290514,0.96875
1.0,1.0,1.0,64,4,16,-13.343583181761016,-13.442967718317693,7.252645552383599,2.6709824503097805,2.6930736255036916,0.9917970400123096,0.5728205541928904,-0.23386057640700963,-0.05696419304292255,0.2005837488619854,0.2609853525261823,0.6297847472358129,0.8066811305999,-0.17689638336408708,0.014892578125,0.205078125,0.42533886087769474,949.4615403138911,0.23180213386569606,0.953125
1.0,1.0,1.0,64,4,32,-13.636220830728451,-14.144257084579035,5.63473403886239,2.2208118655360503,2.3737594736751215,0.935567352195851,0.5482104235511953,-0.19112311798032544,-0.3829659744158578,0.22740907736349084,0.1085661608440858,0.9311763979670531,0.7393335415315208,0.19184285643553234,0.013427734375,0.306396484375,0.768037193175921,160.76180323247354,0.03924848711730311,0.859375
1.0,1.0,1.0,64,4,64,-14.903562941313826,-14.722204257416431,3.4614939574896972,1.7901562657660228,1.860509058695952,0.9621862669245802,0.7607019362784042,-0.27010424558422974,-1.2834207975809284,0.23246113783221573,-0.21217330709576226,2.0441227338593326,1.030806181862634,1.0133165519966987,0.0087890625,0.35888671875,0.9576980751616894,8.743092609953566,0.0021345440942269448,0.5625
1.0,1.0,1.0,64,5,1,-12.25,-12.0,12.0,3.59687364248454,3.4641016151377544,1.0383279828647594,0.6355647573038878,-0.5214821900982616,-0.5214821900982525,0.17136756377685589,0.17136756377685575,1.1570469474021403,1.1570469474021494,-9.103828801926284e-15,0.015625,0.015625,0.015625,4096.0,1.0,1.0
1.0,1.0,1.0,64,5,2,-11.616708580123811,-12.089951714631132,11.825121990931162,3.777307679196997,3.4387675104506794,1.0984481119230851,0.7636252877538399,-0.3088957364237608,-0.3124910943585,0.33059604534873155,0.31825252567185924,1.0761163821123398,1.0725210241776006,0.003595357934739196,0.015625,0.031005859375,0.033588743715878756,3742.61606576347,0.9137246254305347,1.0
1.0,1.0,1.0,64,5,4,-12.097269684909378,-12.448297273979696,10.559590036177761,3.468195116540247,3.2495522824194967,1.0672839871829842,0.7893051363461845,-0.9114293303648786,-0.8656178402732,0.2126002342219468,0.20228883453013813,1.6549229766193845,1.700734466711063,-0.04581149009167862,0.01513671875,0.0595703125,0.06936530227145678,3227.9988781116413,0.7880856636014749,0.96875
1.0,1.0,1.0,64,5,8,-13.07864749829993,-12.956800222403245,9.060337791797156,2.5593837523455667,3.0100395000393525,0.8502824472277211,0.5367281838017414,-0.1979732199050308,-0.26988765437874895,0.23575570004185828,0.16734340198581835,0.8066158381804903,0.7347014037067722,0.07191443447371815,0.015625,0.114990234375,0.163995696424876,2054.942701076126,0.5016949953799136,1.0
1.0,1.0,1.0,64,5,16,-13.847126570902134,-13.672450189788789,6.702253652205332,2.327928935026419,2.5888711154102153,0.8992061911346061,0.666744446108952,-0.33911959796918345,-0.3712483266557305,0.12008853252381309,0.05366719417367022,1.0379927727646825,1.0058640440781355,0.03212872868654704,0.015380859375,0.205322265625,0.39797200288376455,875.656878925238,0.21378341770635692,0.984375
1.0,1.0,1.0,64,5,32,-14.92750313520361,-14.144047869923165,5.7490457410911935,2.3609319288149733,2.3977167766629974,0.9846583849243365,0.6061930641697739,-0.39282832596642225,-0.6795075110377449,0.18562620786526093,-0.08646519060396562,1.2857005752075188,0.9990213901361962,0.2866791850713226,0.013427734375,0.313232421875,0.7155343894596643,200.93024023149238,0.049055234431516694,0.859375
1.0,1.0,1.0,64,5,64,-14.959754685387729,-14.597170137323202,3.880673914379628,2.3474028726957012,1.9699426170271122,1.1916097719832182,0.7330909952717583,-0.3990785696276087,-0.3735439188066503,0.14373282726071865,0.11187701579012234,1.1066349140784086,1.132169564899367,-0.025534650820958404,0.01025390625,0.38232421875,0.9425084384550111,18.47076776341812,0.004509464785990752,0.65625
1.0,1.0,1.0,64,6,1,-12.4375,-12.0,12.0,3.613667631368441,3.4641016151377544,1.0431759898662034,0.667843254561771,-0.6610575810185189,-0.6610575810185155,0.15065607473767254,0.1506560747376726,1.3289008355802865,1.3289008355802898,-3.3306690738754696e-15,0.015625,0.015625,0.015625,4096.0,1.0,1.0
1.0,1.0,1.0,64,6,2,-12.065124521848814,-12.063945232253626,12.135704188325992,3.9465515764405676,3.483633762083206,1.1328836054455211,0.7259762533401062,-0.6313752646313671,-0.6604631169257822,0.18321586721907637,0.1950425415717112,1.3864393702658884,1.3573515179714732,0.02908785229441513,0.015625,0.031005859375,0.031680911159384664,3654.2915419207766,0.8921610209767521,1.0
1.0,1.0,1.0,64,6,4,-12.591211750167696,-12.243807951927028,11.377797595476716,3.2639685449510814,3.3730991084574904,0.967646796018302,0.6090711715799971,-0.21189046081552632,-0.27247719645126556,0.28182665884804986,0.2714907752443062,0.8815483680312627,0.8209616323955234,0.06058673563573924,0.015625,0.0615234375,0.07263891144893067,3058.2198065530574,0.7466356949592425,1.0
1.0,1.0,1.0,64,6,8,-13.012715277716744,-12.711543148051984,9.895652068315322,2.904802328559038,3.1457355369317557,0.9234095792401812,0.5529516838088739,-0.22970177310136886,-0.31054463926241493,0.21608136125095445,0.1566541284490883,0.8634963230712889,0.7826534569102428,0.08084286616104608,0.015625,0.115966796875,0.17622841897071095,2080.1408233808866,0.5078468807082243,1.0
1.0,1.0,1.0,64,6,16,-13.391936311366441,-13.465259923919218,7.1970283579925525,2.371418765678219,2.682727783058235,0.883958029828456,0.6513391536419537,-0.22489878363332405,-0.2898169459389184,0.20279976754200527,0.11097656818910004,0.9411560995808721,0.8762379372752778,0.06491816230559433,0.015625,0.205810546875,0.3837649097034531,764.8430607454113,0.18672926287729769,1.0
1.0,1.0,1.0,64,6,32,-14.666400982806062,-14.35933473690988,4.5797118846492,2.407823707496181,2.1400261411135144,1.1251375210974404,0.5840591133238148,-0.5881922144138998,-0.442296553041456,0.04680755074054726,0.06730931860974074,1.0263556663652706,1.1722513277377145,-0.1458956613724438,0.013916015625,0.313720703125,0.7872676228577857,121.57664879002894,0.02968179902100316,0.890625
1.0,1.0,1.0,64,6,64,-15.303465644299745,-14.694540610825532,3.5644961412273055,1.505383163066742,1.8879873254943491,0.7973481297987918,0.7410609033471585,-0.934319172237531,-0.2962524469034773,0.15549554328474474,0.12221736711689621,1.0373133502506358,1.6753800755846895,-0.6380667253340537,0.007568359375,0.36474609375,0.9274828946317155,10.427464578185559,0.0025457677192835836,0.484375
1.0,1.0,1.0,64,7,1,-11.8125,-12.0,12.0,3.565787956398978,3.4641016151377544,1.0293543182500378,0.7127935044985736,-0.4612875271636432,-0.46128752716365007,0.1597398965613708,0.15973989656137058,1.1740810316622237,1.1740810316622168,6.8833827526759706e-15,0.015625,0.015625,0.015625,4096.0,1.0,1.0
1.0,1.0,1.0,64,7,2,-12.44424660562985,-12.076161091831313,11.763684390567809,3.6241636627307954,3.4298227928812604,1.056662073111444,0.7035301757740219,-0.363316176081657,-0.3723518985559968,0.2472161635558045,0.24640278447951935,1.0758820743300186,1.0668463518556788,0.009035722474339813,0.01513671875,0.03076171875,0.03259079921690827,3773.150258026744,0.9211792622135605,0.96875
1.0,1.0,1.0,64,7,4,-11.836707800965351,-12.44629752434154,10.269587789066499,2.945209515630341,3.204619757329487,0.9190511632134101,0.6965910200763471,-0.14326593491972206,-0.15655347443027923,0.2937599967550396,0.2809437913431224,0.8531444945066263,0.8398569549960692,0.013287539510557167,0.015380859375,0.060791015625,0.06988765821536769,3210.2648286220233,0.7837560616752987,0.984375
1.0,1.0,1.0,64,7,8,-13.207705030494607,-12.853716389606287,8.908405882626145,3.5743119387379734,2.98469527466811,1.1975466872863352,0.7554458379769704,-0.5723439739218938,-0.5948512533375689,0.2241185348709758,0.16796673789940092,1.3502970913145393,1.3277898118988642,0.022507279415675097,0.015625,0.1171875,0.15487495942718968,2356.3791647327703,0.5752878820148365,1.0
1.0,1.0,1.0,64,7,16,-13.704881298619393,-13.472702545649348,7.582574112521302,2.55768619696002,2.75364741979094,0.9288357610990744,0.712418221623405,-0.3726377704820458,-0.43820015724067884,0.17582188127408185,0.10208542970625949,1.1506183788640838,1.0850559921054508,0.06556238675863302,0.015625,0.206787109375,0.4099934514630445,811.834219902897,0.1982017138434807,1.0
1.0,1.0,1.0,64,7,32,-14.64093403700799,-14.43493723620249,4.465373069609585,1.9765925503589512,2.1131429363887304,0.935380430884085,0.7799985898591256,-0.4716788854007239,-0.6928497611471607,0.14102728443425921,-0.046647595823012956,1.4728483510062862,1.2516774752598496,0.2211708757464368,0.013916015625,0.31103515625,0.7476371914446807,140.75391084373408,0.034363747764583515,0.890625
1.0,1.0,1.0,64,7,64,-14.625366853213473,-14.764548756652218,3.534562918505846,2.2006804011639867,1.880043328890546,1.1705477035269476,0.8122926257649548,-0.4275802520569132,-0.47721084542650316,0.10416189444628977,0.02813756501880503,1.289503471191458,1.239872877821868,0.04963059336958997,0.0107421875,0.376708984375,0.936377693297954,11.319485261735267,0.0027635462064783366,0.6875
1.0,1.0,1.0,64,8,1,-11.5625,-12.0,12.0,3.3997931922397866,3.4641016151377544,0.981435757364349,0.7445211541865817,-0.24803804681594865,-0.24803804681595532,0.29619301716981955,0.29619301716981916,0.992559201002537,0.9925592010025304,6.661338147750939e-15,0.015625,0.015625,0.015625,4096.0,1.0,1.0
1.0,1.0,1.0,64,8,2,-12.204305554842861,-12.249917379540985,11.247082491283049,2.895569805308414,3.3536670215277855,0.8634040847589328,0.6613209216193513,-0.4887680317617138,-0.4795498616207752,0.03954756609384194,0.058041040753947525,1.1408707832401266,1.150088953381065,-0.00921817014093862,0.015380859375,0.031005859375,0.03129399165573101,3659.5498066250793,0.893444777008076,0.984375
1.0,1.0,1.0,64,8,4,-12.453499794240802,-12.35253696543607,10.611191355515627,3.079776142558702,3.257482364574769,0.945446758530874,0.6414881808669861,-0.31608602519725304,-0.30826149659462576,0.21349864318562264,0.21139097590576883,0.9497496774616119,0.9575742060642392,-0.007824528602627279,0.015625,0.060302734375,0.07187516943876061,3206.5474579228726,0.7828485004694513,1.0
1.0,1.0,1.0,64,8,8,-12.297235067782132,-12.771081238546909,9.021963773291276,3.274002547710063,3.003658398235604,1.0900049584976983,0.6400854229558736,-0.5400982543041131,-0.5894070662026429,0.21900296942208716,0.19442271495555924,1.2294924891585164,1.1801836772599867,0.04930881189852987,0.015625,0.1162109375,0.15494057714911022,2427.8260546547604,0.5927309703746974,1.0
1.0,1.0,1.0,64,8,16,-13.668736864193903,-13.594635399298035,6.485094331812498,2.4659678052212466,2.5465848369556623,0.9683430802836358,0.629120902566989,-0.3976260448711044,-0.4911757640830088,0.25718152630400515,0.14201025876759538,1.1202966666499978,1.0267469474380935,0.09354971921190436,0.014892578125,0.206298828125,0.37034803080995754,1041.6007924193505,0.2542970684617555,0.953125
1.0,1.0,1.0,64,8,32,-13.987141664250947,-14.165083773197983,6.239804716656429,2.454091694543324,2.4979601111019423,0.9824383038129195,0.5292844053101855,-0.27107874940802734,-0.38807201189826634,0.168640506155194,-0.0013735985849453165,0.9173564172084518,0.8003631547182128,0.116993262490239,0.013427734375,0.3134765625,0.7019233795248584,143.84598200920715,0.03511864795146659,0.859375
1.0,1.0,1.0,64,8,64,-14.518300389306912,-14.570215745101002,4.595809242980028,2.2160205135421585,2.1437838610690276,1.0336958654204575,0.7128026030027096,-0.25743732599464697,-0.5331888059336041,0.36664930236464394,0.08693712252217459,1.2459914089363138,0.9702399289973566,0.2757514799389571,0.010986328125,0.385986328125,0.9239509504622812,15.28302971331418,0.0037312084261020948,0.703125
1.0,1.0,1.0,64,9,1,-11.5625,-12.0,12.0,3.1715286140913186,3.4641016151377544,0.9155414495441118,0.6315043920480814,-0.3367502539210132,-0.3367502539210179,0.23948512610996775,0.23948512610996758,0.9682546459690993,0.9682546459690946,4.6629367034256575e-15,0.015625,0.015625,0.015625,4096.0,1.0,1.0
1.0,1.0,1.0,64,9,2,-11.9532317626291,-12.142490262416256,11.27889912300189,3.072484090971406,3.3584072300722987,0.9148634696410127,0.6760954252157808,-0.2101727994957101,-0.15548379039880222,0.2817705495988939,0.3107919233263842,0.831579215614583,0.8862682247114909,-0.05468900909690788,0.015625,0.03076171875,0.03187537872142979,3731.2968682381306,0.9109611494721999,1.0
1.0,1.0,1.0,64,9,4,-13.286605073585273,-12.55702642742451,9.940050395066207,3.385747063311199,3.1527845462489514,1.0738910362077916,0.6730880403366125,-0.22807993187765918,-0.249206988172761,0.27747747361353975,0.24467451973342044,0.9222950285093735,0.9011679722142717,0.02112705629510181,0.015380859375,0.060302734375,0.07057884330687988,3173.6348526777474,0.7748131964545282,0.984375
1.0,1.0,1.0,64,9,8,-13.10062845538401,-12.966969902880045,8.690867169464802,2.8663738165073305,2.9480276744740377,0.9723022077866772,0.6986951048228212,-0.4349478971433316,-0.4428650618898109,0.15576262963691753,0.11087937316108917,1.141560166712632,1.1336430019661528,0.0079171647464793,0.015380859375,0.116943359375,0.16354491195845655,2317.8457378185076,0.5658803070845966,0.984375
1.0,1.0,1.0,64,9,16,-13.702767495504599,-13.469133923996448,7.13440244623118,2.6824369116491025,2.671030221886525,1.0042705206661873,0.6873787385946097,-0.5754703444083471,-0.6823588446583109,0.2527433212000272,0.16931594125006372,1.3697375832529206,1.2628490830029568,0.10688850024996377,0.015380859375,0.21044921875,0.3779926796102733,1232.433201901374,0.30088701218295266,0.984375
1.0,1.0,1.0,64,9,32,-14.008917251614921,-14.392859329130083,4.286900364097242,1.7567589373044703,2.070483123354847,0.8484777864105248,0.6319779858598655,-0.535332292382924,-0.26263163252660493,0.13502235348908775,0.125016868301852,0.8946096183864705,1.1673102782427895,-0.2727006598563191,0.014404296875,0.31494140625,0.7151755986295063,247.44476494379876,0.06041131956635712,0.921875
1.0,1.0,1.0,64,9,64,-14.655671569772336,-14.697545478950076,4.077045674159663,2.2885626167153545,2.019169550622152,1.1334177538534078,0.6582390269335201,-0.27221206689051747,-0.3928778390415357,0.23940162990833655,0.17369304594403773,1.0511168659750558,0.9304510938240376,0.12066577215101826,0.01171875,0.399658203125,0.900982738456469,27.092411737352037,0.006614358334314462,0.75
1.0,1.0,1.0,64,10,1,-12.5625,-12.0,12.0,3.4545034013588696,3.4641016151377544,0.9972292343455106,0.6715454758007949,-0.0320889727418745,-0.03208897274188316,0.3940170331898773,0.39401703318987674,0.7036344485426781,0.7036344485426694,8.659739592076221e-15,0.015625,0.015625,0.015625,4096.0,1.0,1.0
1.0,1.0,1.0,64,10,2,-11.763261716283777,-12.294137304849363,10.819968322161612,3.541777500074905,3.2893720255029852,1.0767336356651005,0.6343870650567893,-0.16185157393754568,-0.17570891374087028,0.3722341833336937,0.36363093909404937,0.8100959787976596,0.796238638994335,0.013857339803324598,0.015380859375,0.031005859375,0.03190358434159256,3784.7422927836105,0.9240093488241237,0.984375
1.0,1.0,1.0,64,10,4,-12.393500091244823,-12.722986383411166,9.442627352891467,3.275133950775025,3.072885834666083,1.0658169964621935,0.6634305942493848,-0.45193810303406146,-0.4794396625944992,0.2345385060260599,0.22456410931415133,1.142870256843884,1.1153686972834462,0.02750155956043776,0.015625,0.060546875,0.06883795061304974,3158.050437014196,0.771008407474169,1.0
1.0,1.0,1.0,64,10,8,-13.12995058581472,-13.082181339869372,8.430832872719835,2.767189093314964,2.903589652950264,0.9530234723433778,0.7328971968026645,-0.20654982618890338,-0.22552932661010505,0.3533284916623642,0.3122418688635351,0.9584265234127696,0.9394470229915679,0.018979500421201667,0.015380859375,0.115234375,0.16354590977292527,2215.283317622532,0.5408406537164385,0.984375
1.0,1.0,1.0,64,10,16,-13.756850632270666,-13.797760409692097,6.072789775109397,2.4910607884086193,2.4643031013066143,1.0108581152569331,0.7480147246677511,-0.35602968800862267,-0.38688307485990725,0.26400272646118667,0.1711272974510421,1.1348977995276583,1.1040444126763738,0.03085338685128458,0.01513671875,0.204345703125,0.3798142184082381,1026.4041152104855,0.25058694219005995,0.96875
1.0,1.0,1.0,64,10,32,-14.048622032969604,-14.292224423467186,4.322309071603389,2.1467942909511324,2.0790163711725285,1.0326009552971334,0.6485252027337403,-0.5981247495537398,-0.33137997746830883,0.11347022727112707,0.11371014023541587,0.9799051802020491,1.24664995228748,-0.266744772085431,0.013916015625,0.312255859375,0.7089681158013378,389.86899083314205,0.09518285909012257,0.890625
1.0,1.0,1.0,64,10,64,-14.703327462876404,-14.855047375104675,2.9364376999464086,2.1337992447420753,1.7136037173005925,1.245211610595365,0.8280257742439249,-0.6462850850458868,-0.49123587625950305,0.10976460711964461,0.0792290103056314,1.319261650503428,1.4743108592898118,-0.15504920878638373,0.011474609375,0.40283203125,0.9137323195612266,19.90835198521108,0.004860437496389424,0.734375
1.0,1.0,1.0,256,1,1,-12.234375,-12.0,12.0,3.3738062124809423,3.4641016151377544,0.973933962484752,0.3725785247030372,0.14941325714552678,0.14941325714552056,0.4235499112242407,0.4235499112242414,0.22316526755751664,0.22316526755751043,6.217248937900877e-15,0.060546875,0.060546875,0.060546875,4096.0,1.0,0.96875
1.0,1.0,1.0,256,1,2,-12.004230581198616,-12.258618362133365,11.011168706054425,3.399562769870293,3.318308108969754,1.0244867740523849,0.3939958700389722,0.14553753761449117,0.12770312588969956,0.4586995051898946,0.4567352785876463,0.2662927441492726,0.248458332424481,0.01783441172479161,0.06103515625,0.118896484375,0.12232134869896066,3929.8227579194977,0.9594293842576899,0.9765625
1.0,1.0,1.0,256,1,4,-12.382013583054977,-12.763957970055365,9.089693252048786,2.8934740248882194,3.0149118149705116,0.9597209478966203,0.35893268685633306,0.1748962486777409,0.1359713035326271,0.4393098857629502,0.43165304087509077,0.22296138332370596,0.18403643817859217,0.0389249451451138,0.060791015625,0.220703125,0.24035062773347468,3396.5868348052795,0.8292448327161327,0.97265625
1.0,1.0,1.0,256,1,8,-13.504381975938744,-13.464469277650947,6.335773364027931,2.618318063532994,2.517096216680628,1.0402137376321077,0.39976804983987624,0.1008236323263576,0.023990983165046442,0.4258768929533032,0.4223666829402184,0.3757770666748298,0.29894441751351863,0.07683264916131116,0.059814453125,0.38720703125,0.4643738982753703,2666.3430444077603,0.6509626573261134,0.95703125
1.0,1.0,1.0,256,1,16,-14.270973532712864,-14.369369152228984,2.893965153117867,1.6819779678468156,1.701165821758087,0.9887207621585993,0.39162544049417725,0.14472264636877252,-0.24908395874129607,0.4309043294559746,0.34478152772257953,0.6407093992354733,0.24690279412540472,0.3938066051100686,0.05908203125,0.56884765625,0.75514900634802,1343.4963384833059,0.32800203576252585,0.9453125
1.0,1.0,1.0,256,1,32,-15.036910394718497,-14.984261958655559,1.0368000280483716,0.9776188963171628,1.0182337786816795,0.9601124189603085,0.2885128183010981,0.13429266233123782,-0.19054871299819132,0.39557902877559115,0.1683006543691978,0.4790615312992894,0.15422015596986027,0.32484137532942914,0.05126953125,0.6982421875,0.9336743362386607,294.74834365048974,0.07196004483654535,0.8203125
1.0,1.0,1.0,256,1,64,-15.233543349959298,-15.257211130813324,0.35372346047715864,0.5800353946316009,0.5947465514630234,0.9752648303798748,0.33717854873789377,-0.11663861499445471,-0.13387879374165434,0.16677169160116176,0.049664043034247846,0.4710573424795481,0.4538171637323485,0.01724017874719963,0.039794921875,0.7666015625,0.9849624308313117,42.03162149823603,0.01026162634234278,0.63671875
1.0,1.0,1.0,256,2,1,-12.015625,-12.0,12.0,3.3819012196359313,3.4641016151377544,0.9762707897647643,0.3841209345297123,0.1660012152354463,0.16600121523544198,0.44442258031518794,0.44442258031518705,0.21811971929427032,0.218119719294266,4.3298697960381105e-15,0.06103515625,0.06103515625,0.06103515625,4096.0,1.0,0.9765625
1.0,1.0,1.0,256,2,2,-12.803650676152618,-12.286310407003658,10.891738976846666,3.564355192772258,3.3002634708226957,1.0800214056496917,0.42292494544284676,0.12583829207086195,0.1226114891861706,0.4376447045425692,0.43481683609490596,0.30031345625667616,0.2970866533719848,0.003226802884691349,0.06103515625,0.119384765625,0.12283141781502617,3905.3436662986337,0.9534530435299399,0.9765625
1.0,1.0,1.0,256,2,4,-13.02638119302448,-12.81036663911108,8.860876887861291,2.943583971704663,2.97672250770227,0.9888674419896846,0.30923841024724796,0.1167637489366018,0.11573555192692309,0.39315487080710176,0.40255683922185004,0.19350285832032488,0.19247466131064617,0.0010281970096787107,0.05908203125,0.220703125,0.24369584557056284,3435.6125340512017,0.8387725913210942,0.9453125
1.0,1.0,1.0,256,2,8,-13.46680677896177,-13.461250173060321,6.354125413039496,2.488489841262784,2.5207390608786735,0.9872064426991312,0.2717379090047737,0.05910935078673074,-0.044435039956726596,0.32459241600683597,0.30754153881014723,0.3161729489615003,0.21262855821804294,0.10354439074345734,0.06005859375,0.37939453125,0.46288724115391805,2640.9355382273684,0.6447596528875411,0.9609375
1.0,1.0,1.0,256,2,16,-14.309715826977158,-14.319680154178547,3.109631607776145,1.7688252211770947,1.7634147577289199,1.0030681740778573,0.3000432692902886,0.08891284888626605,-0.30475436300978354,0.3640233777333892,0.2656153531755138,0.6047976323000721,0.21113042040402252,0.3936672118960496,0.05712890625,0.564453125,0.7509787255179751,1396.296740714618,0.3408927589635298,0.9140625
1.0,1.0,1.0,256,2,32,-15.012005501573256,-14.976047817854774,0.9303006984132274,0.9802731824584142,0.9645209683636885,1.0163316450459852,0.44465506932128895,0.0801537655867931,-0.23876491853784843,0.38981934732106505,0.22919721246360705,0.6834199878591374,0.36450130373449585,0.3189186841246415,0.050537109375,0.6904296875,0.9321080237326093,349.5515277315482,0.08533972845008501,0.80859375
1.0,1.0,1.0,256,2,64,-15.276077078399263,-15.267012134573848,0.2646469034362377,0.5826462986431407,0.5144384350301188,1.1325870288230477,0.38910487668437566,0.019890314376280194,-0.0950207803736216,0.3295271449210439,0.19972165185828236,0.48412565705799726,0.36921456230809546,0.1149110947499018,0.040771484375,0.751953125,0.9818038959421563,46.39720999161114,0.011327443845608189,0.65234375
1.0,1.0,1.0,256,3,1,-12.046875,-12.0,12.0,3.490745297837555,3.4641016151377544,1.0076913686894664,0.3978393230375077,0.14165314060753798,0.14165314060753464,0.4300745939746073,0.430074593974607,0.25618618242997304,0.2561861824299697,3.3306690738754696e-15,0.059814453125,0.059814453125,0.059814453125,4096.0,1.0,0.95703125
1.0,1.0,1.0,256,3,2,-12.071104592887236,-12.27088028821333,10.960789729495016,3.214257451958589,3.3107083425597934,0.9708669926126353,0.4192810824101125,0.1036389730239724,0.08119645926964703,0.40004894146652437,0.3901517984909452,0.3380846231404655,0.3156421093861401,0.022442513754325377,0.06103515625,0.1171875,0.12114391481224039,3917.5204951615406,0.956425902139048,0.9765625
1.0,1.0,1.0,256,3,4,-12.631039096930254,-12.711397926821519,9.179934724529357,2.652151818669928,3.029840709431662,0.8753436477416067,0.3983647236781406,0.2288320239752918,0.19688138916264908,0.4866978651318471,0.476441318175773,0.2014833345154915,0.1695326997028488,0.03195063481264271,0.060546875,0.218017578125,0.233826724913918,3510.413118594272,0.8570344527818047,0.96875
1.0,1.0,1.0,256,3,8,-13.406044684708352,-13.414268681594194,6.30725479440882,2.536522944067037,2.5114248534266,1.0099935662443547,0.3385410312649968,0.14182215566870993,0.06759539686194926,0.4214419308233356,0.38934381193975387,0.27094563440304753,0.19671887559628687,0.07422675880676066,0.060791015625,0.384033203125,0.4512341700408426,2700.043108073113,0.6591902119319124,0.97265625
1.0,1.0,1.0,256,3,16,-14.251780822375666,-14.351951706233908,2.953105877550776,1.7219760664024228,1.7184603217853986,1.0020458689516738,0.4817636122240533,0.1492481080706135,-0.038972093396903995,0.4682670141654324,0.4166134315874475,0.5207357056209573,0.3325155041534398,0.1882202014675175,0.057373046875,0.5751953125,0.7578111623834194,1310.623656700813,0.3199764786867219,0.91796875
1.0,1.0,1.0,256,3,32,-15.002872579708317,-14.976955388045067,1.0781836802154978,0.9968786381397468,1.0383562395514836,0.960054555621823,0.3209508675828505,0.1148117323383353,-0.21063617088949282,0.38179686145617914,0.20098383469484024,0.5315870384723433,0.20613913524451521,0.32544790322782813,0.049560546875,0.696044921875,0.9346070146013103,284.9212650358488,0.06956085572164278,0.79296875
1.0,1.0,1.0,256,3,64,-15.252480759533748,-15.25966674422039,0.39807498549115516,0.6382671510969231,0.6309318390215818,1.0116261561418687,0.30526749730418545,-0.2578807054358694,-0.2320307518588054,0.13015320819567766,-0.004381385365283338,0.5372982491629908,0.5631482027400548,-0.02584995357706399,0.037841796875,0.76171875,0.9839323933741624,38.452692873154305,0.009387864470984938,0.60546875
1.0,1.0,1.0,256,4,1,-11.921875,-12.0,12.0,3.381034824484214,3.4641016151377544,0.97602068302773,0.38723577018360655,0.1632397131502895,0.16323971315029262,0.4389917054887518,0.43899170548875216,0.22399605703331393,0.22399605703331704,-3.1086244689504383e-15,0.0615234375,0.0615234375,0.0615234375,4096.0,1.0,0.984375
1.0,1.0,1.0,256,4,2,-12.284173094534951,-12.27254212681422,10.855829662426558,3.3834716228085746,3.294818608425441,1.0269067966765855,0.4073551685863954,0.15784401178302,0.1590145266186186,0.448792193518196,0.4502344689570421,0.24834064196777683,0.24951115680337543,-0.0011705148355986017,0.060302734375,0.11767578125,0.12015927983780275,3918.832524158982,0.9567462217185014,0.96484375
1.0,1.0,1.0,256,4,4,-12.787414942824055,-12.699375195423546,9.12852729101612,2.9337792920139694,3.0213452783513706,0.9710175507033799,0.3935091541482776,0.19330246572615117,0.17383502340770185,0.4624686663351526,0.45995558619139926,0.21967413074057573,0.2002066884221264,0.019467442318449324,0.06103515625,0.2177734375,0.2382552013948961,3425.256589979028,0.8362442846628486,0.9765625
1.0,1.0,1.0,256,4,8,-13.30881069512936,-13.457026740696922,6.3117960878752815,2.3561506774394636,2.512328817626244,0.9378353107718024,0.27976480086490485,0.12709485328256664,0.05596222293192865,0.3970006318260619,0.37965387688214747,0.2238025779329762,0.1526699475823382,0.071132630350638,0.059326171875,0.373046875,0.44527596177187095,2609.0692999144817,0.636979809549434,0.94921875
1.0,1.0,1.0,256,4,16,-14.471311099241582,-14.342119218212737,2.9241451771784397,1.8342983961379358,1.7100132096502763,1.0726808341516132,0.3796375821582796,-0.023889655663859477,-0.22348783377897363,0.3264852275075873,0.3289928422188023,0.6031254159372532,0.40352723782213906,0.19959817811511416,0.05712890625,0.558349609375,0.7525682265472102,1380.942987723682,0.3371442841122271,0.9140625
1.0,1.0,1.0,256,4,32,-14.996562081681358,-14.96632620017118,0.9957713888366435,0.934061245927235,0.9978834545359712,0.9360424222702297,0.39463898369737704,0.08114675050212883,-0.1625071743337252,0.3838757630957572,0.20346314079559225,0.5571461580311022,0.3134922331952482,0.24365392483585402,0.048828125,0.685546875,0.9324821972769195,353.2092251608601,0.08623272098653811,0.78125
1.0,1.0,1.0,256,4,64,-15.22267136287195,-15.25380762807787,0.39102323855019616,0.628754079051784,0.6253185096814232,1.0054941111084512,0.3308265263815031,-0.23519553717106678,-0.27658078770973193,0.11230749716662058,-0.02836736761021317,0.607407314091235,0.5660220635525699,0.04138525053866515,0.0390625,0.75146484375,0.9821771668276983,40.36992987496794,0.009855939910880844,0.625
1.0,1.0,1.0,256,5,1,-11.859375,-12.0,12.0,3.488226570820049,3.4641016151377544,1.0069642748286802,0.4378062832405817,0.15101591778802403,0.15101591778801549,0.44052350587215877,0.4405235058721585,0.2867903654525662,0.28679036545255765,8.548717289613705e-15,0.060791015625,0.060791015625,0.060791015625,4096.0,1.0,0.97265625
1.0,1.0,1.0,256,5,2,-12.272079113694554,-12.29095356343366,10.894589690376794,3.2913704662313554,3.300695334376803,0.9971748776543146,0.399097217349476,0.19169496239396633,0.18880666849938366,0.4623418773349894,0.4613442281713725,0.21029054885009235,0.20740225495550968,0.002888293894582672,0.0615234375,0.11865234375,0.12301716668262212,3890.9535203413916,0.9499398243020976,0.984375
1.0,1.0,1.0,256,5,4,-12.825263618916493,-12.846432171324881,8.660446706876822,2.7804012079857547,2.942863691521716,0.9447944245586333,0.34668774267978575,0.07607909702130644,0.06425437303775972,0.3708535816401259,0.36539100448030715,0.28243336964202603,0.2706086456584793,0.011824723983546725,0.060302734375,0.224365234375,0.24199538017312286,3540.24201647942,0.8643168985545459,0.96484375
1.0,1.0,1.0,256,5,8,-13.530143354815683,-13.516026700839555,6.164214611764465,2.3490818877847177,2.4827836417546467,0.9461484473631224,0.310216548641306,0.09357041343308015,-0.001219148139966375,0.3654272305400822,0.3424147515727201,0.31143569678127236,0.21664613520822584,0.09478956157304652,0.058349609375,0.385986328125,0.4615961073388316,2611.1550018653725,0.6374890141272882,0.93359375
1.0,1.0,1.0,256,5,16,-14.221865173159294,-14.360429021891157,2.9509916037739616,1.7242636064640986,1.7178450464969073,1.0037364021745037,0.33846916778122205,0.08826461912089012,-0.21791644787530862,0.37785537465504626,0.3413110398405962,0.5563856156565307,0.2502045486603319,0.30618106699619874,0.056884765625,0.5771484375,0.7672906492559409,1293.6820846425958,0.31584035269594624,0.91015625
1.0,1.0,1.0,256,5,32,-14.978053814170696,-14.994671765580112,0.8782546875800318,1.0023505669673882,0.9371524356154829,1.0695704656725198,0.3729517817966088,0.08575706410575279,-0.21473656409299302,0.37859612097861206,0.18056136072377915,0.5876883458896018,0.287194717690856,0.3004936281987458,0.049072265625,0.6982421875,0.9373112528808278,268.5670278786639,0.06556812204068943,0.78515625
1.0,1.0,1.0,256,5,64,-15.20924135908103,-15.255543510536164,0.32005274458832556,0.5425349656321021,0.5657320430984315,0.9589963521612063,0.41723017450286026,-0.17952584078074674,-0.11665222738831771,0.172242449947913,0.16515148306137503,0.533882401891178,0.596756015283607,-0.06287361339242903,0.0380859375,0.765625,0.9840408592811646,37.167903863986425,0.00907419527929356,0.609375
1.0,1.0,1.0,256,6,1,-12.296875,-12.0,12.0,3.6707445068235134,3.4641016151377544,1.0596526645704478,0.3951102147705078,0.14206120749681983,0.1420612074968175,0.4377602500904899,0.43776025009049035,0.2530490072736903,0.25304900727368795,2.3314683517128287e-15,0.061279296875,0.061279296875,0.061279296875,4096.0,1.0,0.98046875
1.0,1.0,1.0,256,6,2,-12.21900121260042,-12.292873540731517,10.886993962622526,3.4674472238748097,3.2995445083560435,1.0508866345319954,0.46136461966790177,0.06990932016314644,0.05994999626591413,0.4008048234177906,0.4005891281181005,0.40141462340198764,0.3914552995047553,0.009959323897232308,0.060791015625,0.1181640625,0.12053716882415041,3889.5583021632915,0.9495991948640848,0.97265625
1.0,1.0,1.0,256,6,4,-12.676468233566698,-12.751351108083536,9.099629985248,2.874318311583834,3.0165592958282788,0.952846614206737,0.34048039726074497,0.0854826157775006,0.05759669833565295,0.36269348824281294,0.3615868350094363,0.282883698925092,0.25499778148324437,0.027885917441847652,0.059814453125,0.21728515625,0.23472737106830385,3526.6500097304356,0.8609985375318446,0.95703125
1.0,1.0,1.0,256,6,8,-13.740867576824076,-13.460950145529742,6.250904212033069,2.3533308530039077,2.5001808358662916,0.9412642554667444,0.43367994018815603,0.1522621934384938,0.032447495974929796,0.4350733088505718,0.4056613442330964,0.40123244421322624,0.28141774674966225,0.11981469746356399,0.058837890625,0.38037109375,0.4554979966822914,2689.61404786876,0.6566440546554589,0.94140625
1.0,1.0,1.0,256,6,16,-14.474149823434342,-14.33157379927839,3.102472415795241,1.776040063887829,1.7613836651323984,1.0083209575775922,0.45621662458159973,0.15317729571124938,-0.06512114131791868,0.48715911598421324,0.40454679798499393,0.5213377658995184,0.30303932887035034,0.21829843702916807,0.05712890625,0.57080078125,0.7547294976823337,1332.825158615491,0.32539676724011013,0.9140625
1.0,1.0,1.0,256,6,32,-14.976625979377028,-14.990135685210307,0.9491798716456318,0.9694328396005891,0.974258626672421,0.9950467083998893,0.3852988905167848,0.0629782032479077,-0.3679261021766256,0.3718095073147041,0.10903372175692636,0.7532249926934104,0.3223206872688771,0.4309043054245333,0.05029296875,0.69921875,0.937440017250097,291.01623473789095,0.07104888543405541,0.8046875
1.0,1.0,1.0,256,6,64,-15.265478273074534,-15.264343783794637,0.33069267413447306,0.5921843729873815,0.5750588440624778,1.0297804809050866,0.3230404347818455,-0.23798860378174935,-0.19790061410686843,0.10384600669646428,-0.02201153092795374,0.520941048888714,0.5610290385635949,-0.04008798967488092,0.04052734375,0.764892578125,0.9848864758061852,38.200431605869696,0.009326277247526781,0.6484375
1.0,1.0,1.0,256,7,1,-12.125,-12.0,12.0,3.370367190678191,3.4641016151377544,0.9729412024029682,0.41107736291003516,0.0973018338820717,0.0973018338820717,0.4026060086755457,0.4026060086755455,0.31377552902796346,0.31377552902796346,0.0,0.0595703125,0.0595703125,0.0595703125,4096.0,1.0,0.953125
1.0,1.0,1.0,256,7,2,-11.82951894800212,-12.255401067963376,10.934767211711552,3.3507556560530043,3.3067759542659605,1.0132998734705043,0.3463602487838967,0.13875775164820403,0.13410498807144344,0.42129849329344715,0.4218407076865789,0.21225526071245326,0.20760249713569268,0.004652763576760588,0.06103515625,0.115966796875,0.11860540647354263,3889.870725312077,0.9496754700468938,0.9765625
1.0,1.0,1.0,256,7,4,-12.646328302161306,-12.63924925628265,9.361229487667739,3.047364823208567,3.0596126368656114,0.9959969397728755,0.3466564416813561,0.04144033018391713,0.029518040402102708,0.35024262733326095,0.3524310003099403,0.3171384012792534,0.305216111497439,0.011922289781814421,0.060791015625,0.220947265625,0.23764269674803337,3455.367431513371,0.843595564334319,0.97265625
1.0,1.0,1.0,256,7,8,-13.362016919510534,-13.321711338227685,6.861112750653116,2.640416888965276,2.6193725872149454,1.0080341001707993,0.4620335996827053,0.33725658872259534,0.2571750594386326,0.5891120857157519,0.5830401597710234,0.20485854024407268,0.12477701096010996,0.08008152928396273,0.058837890625,0.38330078125,0.4640905348532658,2558.521383238337,0.6246390095796721,0.94140625
1.0,1.0,1.0,256,7,16,-14.320810504181358,-14.313301210390943,2.9771203613564463,1.6184369415334137,1.7254333836333544,0.9379886565805099,0.3938767967644885,0.1423767496798587,-0.22495227381140048,0.42047077734431704,0.31402205320972665,0.618829070575889,0.2515000470846298,0.3673290234912592,0.0595703125,0.564697265625,0.7427768786329415,1358.9695646565904,0.3317796788712379,0.953125
1.0,1.0,1.0,256,7,32,-15.006375571279436,-14.94287262777118,1.0703185779565314,1.0576469910013726,1.0345620222860161,1.02231376004345,0.47023835308256623,0.025263061734086545,-0.19177512902471827,0.3760973118126265,0.23059418879399457,0.6620134821072845,0.4449752913484797,0.21703819075880482,0.05029296875,0.7021484375,0.9353300353716162,322.7449971000471,0.07879516530762869,0.8046875
1.0,1.0,1.0,256,7,64,-15.219612137520171,-15.252084896932393,0.3595400092986051,0.6159619376732084,0.5996165518884591,1.027259730795073,0.355630093178959,-0.2094771615545219,-0.10007846449451718,0.15846478794557167,0.19699383747277166,0.4557085576734762,0.5651072547334809,-0.10939869706000471,0.038818359375,0.765380859375,0.9831553583884579,38.97263248377413,0.009514802852483918,0.62109375
1.0,1.0,1.0,256,8,1,-11.953125,-12.0,12.0,3.381612445916149,3.4641016151377544,0.9761874279723387,0.3425120028117974,0.0823621739135657,0.08236217391357148,0.35979633140898726,0.3597963314089869,0.2601498288982259,0.2601498288982317,-5.773159728050814e-15,0.060546875,0.060546875,0.060546875,4096.0,1.0,0.96875
1.0,1.0,1.0,256,8,2,-12.168274164066142,-12.204275436798207,11.212401327170884,3.335035735162368,3.3484923961644117,0.9959812777184568,0.3708244832615125,0.228334649982594,0.2179710842961491,0.49287037405071893,0.4884189304908334,0.15285339896536343,0.1424898332789185,0.01036356568644492,0.0595703125,0.117431640625,0.1192807647984032,3935.7986541013966,0.9608883432864738,0.953125
1.0,1.0,1.0,256,8,4,-12.4513943099482,-12.615804747505688,9.594166463296615,2.8686197973506395,3.097445150974689,0.9261244856742519,0.33145840076306066,0.18017848247259982,0.1364510687121373,0.44354319334987113,0.42596557641309235,0.19500733205092335,0.15127991829046084,0.04372741376046252,0.06005859375,0.219970703125,0.23291202777009454,3551.0593430121694,0.8669578474150804,0.9609375
1.0,1.0,1.0,256,8,8,-12.951770780756865,-13.167985716715325,7.308508656188249,2.666817837605328,2.7034253561340007,0.986458838804034,0.44846051139450227,0.1825905816554585,0.11248655028504562,0.4745029948398053,0.4684417456806991,0.33597396110945665,0.2658699297390438,0.07010403137041288,0.06005859375,0.385986328125,0.453409408626644,2698.6508951705046,0.6588503162037365,0.9609375
1.0,1.0,1.0,256,8,16,-14.300827111631461,-14.25148836078565,3.25174216329274,1.7932280430203698,1.8032587621560972,0.9944374488308411,0.41876426712324233,0.1945406309003217,-0.05351981586961263,0.4698211056526511,0.4262895460933903,0.47228408299285496,0.22422363622292063,0.24806044676993433,0.057861328125,0.581787109375,0.7474172550197535,1499.2055291384177,0.366016974887309,0.92578125
1.0,1.0,1.0,256,8,32,-14.840232008683389,-14.921401531944946,1.109662784457641,0.976484559384121,1.053405327714665,0.9269789450396823,0.30736350690121417,0.10890487689421169,-0.1481748713093376,0.3668261446554548,0.22413802989595366,0.45553837821055176,0.19845863000700248,0.2570797482035493,0.05322265625,0.7119140625,0.9353260437530475,416.18740380728207,0.10160825288263722,0.8515625
1.0,1.0,1.0,256,8,64,-15.259710662953077,-15.234095516157796,0.46976660736866027,0.6489313964474916,0.6853952198320764,0.9467988361612465,0.26921619191866075,-0.08230433199854947,-0.1308586870586146,0.18074089094391127,0.11324142854849012,0.40007487897727534,0.3515205239172102,0.04855435506006511,0.040771484375,0.775634765625,0.9822021165823789,49.575653913051276,0.012103431131116034,0.65234375
1.0,1.0,1.0,256,9,1,-12.296875,-12.0,12.0,3.4963359727541916,3.4641016151377544,1.0093052575235024,0.3785912041967664,0.14015015221517702,0.14015015221517213,0.42957491680183535,0.4295749168018358,0.23844105198159427,0.23844105198158938,4.884981308350689e-15,0.06005859375,0.06005859375,0.06005859375,4096.0,1.0,0.9609375
1.0,1.0,1.0,256,9,2,-12.339874396731837,-12.277480540605215,10.817544008247086,3.4308981217975276,3.2890034977553744,1.043142132302076,0.3766359398215944,0.1326727975084292,0.1402909436096359,0.42477349412421744,0.42749439079432733,0.23634499621195848,0.24396314231316518,-0.007618146101206702,0.061279296875,0.1181640625,0.12130708042737547,3897.8255723665293,0.9516175713785472,0.98046875
1.0,1.0,1.0,256,9,4,-12.388711363007104,-12.744673573139513,9.054762020542626,2.999317068945129,3.009113161804093,0.9967445249373438,0.3062660403785421,0.12680017737452187,0.10252646081168937,0.39604143144550513,0.39071061058724943,0.20373957956685274,0.17946586300402023,0.024273716562832504,0.06103515625,0.223876953125,0.24237243185617416,3417.08868108832,0.8342501662813281,0.9765625
1.0,1.0,1.0,256,9,8,-13.321676638865375,-13.376485631806323,6.496812854514108,2.6238162919433554,2.5488846295025023,1.029397824277154,0.43774470368738294,0.250336782449343,0.16196310528855173,0.5222758017289901,0.5032321590660839,0.2757815983988312,0.18740792123803995,0.08837367716079125,0.058349609375,0.38427734375,0.45953381520613873,2583.354779144529,0.6307018503770823,0.93359375
1.0,1.0,1.0,256,9,16,-14.386273789341862,-14.320181538927745,3.0243703855096515,1.7764849120681534,1.7390717022335944,1.021513322185915,0.34466015152547247,0.0715862059353859,-0.25356298164899504,0.35955860260281153,0.24606648479493703,0.5982231331744675,0.2730739455900866,0.32514918758438094,0.0556640625,0.57421875,0.7572823892645908,1342.0368071712583,0.3276457048757955,0.890625
1.0,1.0,1.0,256,9,32,-14.876866874708751,-14.955844772102793,1.0931730452468849,1.157635834267727,1.045549159650987,1.1072036389509945,0.4920938512820321,0.12631085087848803,-0.09432088355092039,0.4680648905479304,0.2673452265132182,0.5864147348329525,0.36578300040354406,0.22063173442940842,0.050537109375,0.698486328125,0.928335555706488,326.0881172069199,0.07961135673997068,0.80859375
1.0,1.0,1.0,256,9,64,-15.199760896094764,-15.254791481809058,0.4253796466824493,0.6212730850860115,0.6522113512370429,0.9525640483068087,0.4127211135731259,-0.18162060509251154,-0.11444464789032116,0.16032991265663088,0.06237451039661068,0.5271657614634471,0.5943417186656375,-0.06717595720219038,0.037841796875,0.76416015625,0.9829383929963441,39.85057376197981,0.009729143984858352,0.60546875
1.0,1.0,1.0,256,10,1,-12.09375,-12.0,12.0,3.8394284649541266,3.4641016151377544,1.1083475288877884,0.44475952602326974,0.11359333343111067,0.11359333343109235,0.4291475424455569,0.42914754244555775,0.3311661925921774,0.33116619259215907,1.8318679906315083e-14,0.061279296875,0.061279296875,0.061279296875,4096.0,1.0,0.98046875
1.0,1.0,1.0,256,10,2,-12.637150295054902,-12.290078920516113,10.934074993909082,3.392626713455058,3.3066712860381333,1.0259945485902566,0.34802578147354035,0.06791290009174977,0.06114470775708447,0.3741014679855971,0.36387901107653,0.2868810737164559,0.2801128813817906,0.006768192334665302,0.06103515625,0.119140625,0.12252567473903297,3874.9249886556836,0.9460266085585165,0.9765625
1.0,1.0,1.0,256,10,4,-12.788642507877585,-12.678493836776603,9.352885081475595,3.0648586000950875,3.0582486951645373,1.0021613366306674,0.3464847793796064,0.12422943342603843,0.11367362054961616,0.4057258338160245,0.39781052377485776,0.23281115882999026,0.222255345953568,0.010555812876422266,0.06005859375,0.2197265625,0.2416250357523199,3378.652028564233,0.8248662179111897,0.9609375
1.0,1.0,1.0,256,10,8,-13.57520093750575,-13.478344421003577,6.207721004355523,2.4720920761727028,2.4915298521903213,0.9921984575057246,0.4087340461477793,0.057100774175814495,-0.08870769020206026,0.36509392332452867,0.32026526656480453,0.49744173634983957,0.3516332719719648,0.14580846437787476,0.058349609375,0.378662109375,0.4614275638564657,2665.9867160134463,0.6508756630892203,0.93359375
1.0,1.0,1.0,256,10,16,-14.38890420418616,-14.341071426525133,2.9342629635999447,1.7037459424313426,1.7129690492241665,0.9946157189489202,0.3486131882997908,0.2080696538602168,-0.07357910007712687,0.4698162630518355,0.39799971895337616,0.4221922883769177,0.140543534439574,0.2816487539373437,0.056884765625,0.55224609375,0.7449705389398079,1302.1293850462966,0.3179026818960685,0.91015625
1.0,1.0,1.0,256,10,32,-14.850247349805116,-14.94471577137801,1.0310765281763028,1.0024468351393423,1.0154193853656246,0.9872244410405744,0.43326443054900365,0.06970489034484728,-0.19887698344221727,0.3783628215924459,0.2322237196510762,0.6321414139912209,0.3635595402041564,0.26858187378706455,0.05224609375,0.689697265625,0.9352451640761938,332.44892424195683,0.08116428814500899,0.8359375
1.0,1.0,1.0,256,10,64,-15.228022035845388,-15.255173910178943,0.3404406786713707,0.5520031750809445,0.5834729459635388,0.9460647299925353,0.3806365002594738,-0.19348171603763653,-0.3474145566659945,0.19881613377441457,0.09716177937044505,0.7280510569254683,0.5741182162971104,0.153932840628358,0.041748046875,0.758544921875,0.9823382742631621,41.48030511904111,0.010127027616953397,0.66796875
2.0,1.0,2.0,64,1,1,-11.25,-12.0,48.0,6.740734381356382,6.928203230275509,0.9729412024029682,0.5461059802187725,-0.2663410572562359,-0.26634105725623924,0.17966971617458027,0.17966971617458039,0.8124470374750118,0.8124470374750085,3.3306690738754696e-15,0.015380859375,0.015380859375,0.015380859375,4096.0,1.0,0.984375
2.0,1.0,2.0,64,1,2,-12.165646171515084,-12.33699195251659,46.80985464328599,6.457179359597016,6.841772770509555,0.9437874621369667,0.6332728541864672,-0.14018680791980653,-0.15881710781459346,0.306792563099771,0.28678183614259645,0.7920899620010606,0.7734596621062737,0.018630299894786928,0.015380859375,0.03076171875,0.0313801547389933,3339.6649285723356,0.8153478829522304,0.984375
2.0,1.0,2.0,64,1,4,-13.38914914235896,-13.948934722000729,40.76582234674448,6.470619795753811,6.384811848969747,1.0134393853435024,0.7379343073901841,-0.12889385685167243,-0.2535975389472327,0.3363206282229794,0.24627584740642205,0.9915318463374168,0.8668281642418565,0.12470368209556026,0.015380859375,0.060791015625,0.09502062860155919,1490.1737766885494,0.3638119571993529,0.984375
2.0,1.0,2.0,64,1,8,-18.32917625468806,-17.115813909113157,34.07270950298096,5.633766151051133,5.837183353551691,0.9651514797155059,0.6878531242888913,0.023557122394561203,-0.22903432728862239,0.43896046020538076,0.19190150651293503,0.9168874515775137,0.6642960018943301,0.2525914496831836,0.0146484375,0.1123046875,0.3404143290715867,299.9560426844374,0.07323145573350523,0.9375
2.0,1.0,2.0,64,1,16,-21.26505458872137,-23.704937637988536,13.027958058499518,5.2784170826258965,3.609426278302345,1.4623978094126757,0.8909189776585884,-0.36612637508775747,-0.28561430591872794,0.4878769134069134,0.06124472656064952,1.1765332835773163,1.2570453527463459,-0.08051206916902953,0.00830078125,0.162353515625,0.9234125912657076,3.9422082078499,0.0009624531757446045,0.53125
2.0,1.0,2.0,64,1,32,-25.022781466494116,-25.239549273451665,2.7040077622489074,1.017690027715095,1.6443867435153166,0.6188872731602728,0.9962681846316795,-0.24122074303810592,-0.08424532775977767,0.03709406285673704,0.11882816418139587,1.080513512391457,1.2374889276697854,-0.15697541527832826,0.002685546875,0.17529296875,0.9939415861275053,1.4523274979745224,0.00035457214306018614,0.171875
2.0,1.0,2.0,64,1,64,-25.237161797213524,-25.297569805712453,2.2057856127138193,0.21674569348332315,1.4851887464944715,0.14593814691561155,0.9988460798221375,-0.0308302236352056,-0.15230218558338482,-0.2564739584447245,0.0375578085719447,1.1511482654055223,1.029676303457343,0.12147196194817922,0.001953125,0.17919921875,0.9951405866736723,1.3945999995085023,0.00034047851550500545,0.125
2.0,1.0,2.0,64,2,1,-11.375,-12.0,48.0,7.114026637566098,6.928203230275509,1.0268212985552387,0.6430644378776518,-0.15158278415532878,-0.15158278415533766,0.29748163786312587,0.29748163786312526,0.7946472220329894,0.7946472220329805,8.881784197001252e-15,0.015380859375,0.015380859375,0.015380859375,4096.0,1.0,0.984375
2.0,1.0,2.0,64,2,2,-12.553957526317589,-12.774625559180766,44.33644277357439,6.342286510680287,6.658561614461068,0.9525009871360363,0.6650780018884226,-0.23877350215067095,-0.25356238233552264,0.26829292760383683,0.28792617038894436,0.9186403842239452,0.9038515040390935,0.014788880184851694,0.015625,0.03076171875,0.0328800816565895,3224.693108957035,0.7872785910539636,1.0
2.0,1.0,2.0,64,2,4,-13.743553138244607,-13.788023331781568,43.00260672170029,6.508088406715483,6.557637281956077,0.9924440963856096,0.6734027325625805,-0.10077337058246494,-0.31765278464185687,0.3039071258637726,0.19261181855177956,0.9910555172044374,0.7741761031450455,0.21687941405939193,0.015625,0.060302734375,0.08702787809883289,1904.4889484664943,0.4649631221842027,1.0
2.0,1.0,2.0,64,2,8,-17.073193125462335,-16.492277519873674,35.3576754546997,6.029800977252896,5.946232038417245,1.0140540998561327,0.7346333651751185,-0.6749356511098576,-1.1420645134371754,0.14490146639527335,0.09626031973474342,1.8766978786122939,1.409569016284976,0.46712886232731776,0.014892578125,0.111328125,0.28868841839189396,486.79270887542486,0.11884587619028927,0.953125
2.0,1.0,2.0,64,2,16,-19.650663068774744,-21.27920334483221,26.771336164279973,4.82719151219054,5.174102450114413,0.9329524412652088,0.7366106301829485,0.2108260039075348,-0.19369740219197218,0.5773173287126706,0.1028433273487153,0.9303080323749207,0.5257846262754137,0.404523406099507,0.0126953125,0.17626953125,0.8174841225176551,14.7006386778365,0.0035890231147061766,0.8125
2.0,1.0,2.0,64,2,32,-24.732127806398275,-25.09960176078171,4.722086560517653,2.1093419850845825,2.173036253843376,0.9706888144888796,0.9320108867374592,-0.12230467484249652,-0.21560673734170366,0.06038096485259349,0.001593317744889742,1.147617624079163,1.0543155615799558,0.09330206249920714,0.0048828125,0.19921875,0.9908439584520107,1.5975993765237628,0.0003900389102841218,0.3125
2.0,1.0,2.0,64,2,64,-25.18444433727874,-25.079275528278203,4.067678459962139,2.4210542357995797,2.016848645774427,1.2004144390666194,1.0,-0.3699706792925639,-0.13499599528122652,0.1444046545293245,0.16429124636303327,1.1349959952812265,1.3699706792925639,-0.23497468401133736,0.002197265625,0.204833984375,0.994704595454238,1.4596362498147155,0.0003563565063024208,0.140625
2.0,1.0,2.0,64,3,1,-13.0,-12.0,48.0,5.744562646538029,6.928203230275509,0.82915619758885,0.648917748917749,-0.3499319727891157,-0.34993197278910926,0.1707590003454014,0.17075900034540084,0.9988497217068583,0.9988497217068647,-6.439293542825908e-15,0.015625,0.015625,0.015625,4096.0,1.0,1.0
2.0,1.0,2.0,64,3,2,-12.984293383761734,-12.322953181690812,47.75714419693157,8.66048198289214,6.910654397156001,1.2532072196312205,0.7392945907671717,-0.5986250121960917,-0.6694701061384747,0.2684126397811578,0.23174149507908579,1.4087646969056464,1.3379196029632634,0.07084509394238303,0.015625,0.031005859375,0.038104589224431454,3203.8173581984665,0.7821819722164225,1.0
2.0,1.0,2.0,64,3,4,-11.966461986765545,-14.13599887624232,45.12929461357217,7.112858786518965,6.717834071601662,1.058802392364407,0.650896722144779,-0.3758981661556382,-0.5903309375240857,0.18373690179095697,0.11278262844078957,1.2412276596688647,1.0267948883004172,0.21443277136844752,0.015625,0.0595703125,0.10970909907046023,1082.2428328868168,0.264219441622758,1.0
2.0,1.0,2.0,64,3,8,-16.420595332475443,-16.550829057174358,37.1379953386522,6.025588867339667,6.094095120577968,0.9887585848460133,0.7259886279328495,-0.5160521983821089,-1.212617666519007,0.15993285576454294,0.03285106360055315,1.9386062944518563,1.2420408263149585,0.696565468136898,0.015380859375,0.109375,0.3663207825299376,373.4803406356024,0.09118172378798886,0.984375
2.0,1.0,2.0,64,3,16,-20.53954020119744,-21.22004043482297,23.1873672905232,7.093808886622209,4.815326291179363,1.473173043250783,0.8624022741336319,-0.24976467531936208,-0.4641117104473165,0.3008950393877447,-0.004043301867412936,1.3265139845809484,1.112166949452994,0.2143470351279544,0.01123046875,0.156005859375,0.8637149676943153,20.542597289877538,0.005015282541474008,0.71875
2.0,1.0,2.0,64,3,32,-25.450757920362467,-25.099882577830144,4.068798281680978,4.209259283032278,2.017126243367276,2.0867604577914665,1.0,-0.17041229931717194,-0.14135334052460813,0.16645480990053824,-0.03533075275188551,1.1413533405246081,1.170412299317172,-0.029058958792563816,0.0029296875,0.17431640625,0.9881375472603702,2.30797883862624,0.0005634713961489843,0.1875
2.0,1.0,2.0,64,3,64,-25.09768384012097,-25.038928009712293,4.269455533272553,1.1397593058633593,2.066266084818834,0.551603355558774,0.9993474647753374,-0.060474211989418825,-0.0722668992860016,0.07346725893247381,0.0021906434292794986,1.0716143640613391,1.0598216767647561,0.011792687296582782,0.002685546875,0.180419921875,0.997353880338382,1.8875926400336795,0.00046083804688322255,0.171875
2.0,1.0,2.0,64,4,1,-12.375,-12.0,48.0,7.270445309607934,6.928203230275509,1.0493983891576482,0.7116563208197852,-0.4557378472222222,-0.45573784722223,0.23331525113934187,0.23331525113934154,1.1673941680420152,1.1673941680420075,7.771561172376096e-15,0.015380859375,0.015380859375,0.015380859375,4096.0,1.0,0.984375
2.0,1.0,2.0,64,4,2,-14.366899908261976,-12.716934900966326,44.38599377565742,6.524486618925112,6.662281424231298,0.979317174323346,0.663850991945613,-0.07782862855018391,-0.0923722011579704,0.30354990294083495,0.28963855957881973,0.7562231931035834,0.7416796204957969,0.014543572607786492,0.01513671875,0.030517578125,0.03635114281699763,2962.9322527950553,0.7233721320300428,0.96875
2.0,1.0,2.0,64,4,4,-15.602520450741462,-14.125501335804218,40.772399893498175,5.658732009529844,6.385326921426825,0.8862086591903707,0.651856702834128,-0.16296981953844236,-0.31297749439495637,0.27266120377920183,0.20946164646357554,0.9648341972290844,0.8148265223725704,0.150007674856514,0.015625,0.0595703125,0.09388534212236947,1752.5794483205148,0.4278758418751257,1.0
2.0,1.0,2.0,64,4,8,-17.95044116694934,-17.06387737870491,34.390283130411134,5.28249214913289,5.8643229046848315,0.9007846660204992,0.6792829630231287,-0.08425997116406192,-0.3456465592697411,0.323367247447335,0.11957987799086191,1.0249295222928698,0.7635429341871907,0.26138658810567916,0.0146484375,0.11083984375,0.3181740890259481,381.2445538858133,0.09307728366352863,0.9375
2.0,1.0,2.0,64,4,16,-22.692322869117564,-23.658990236266987,12.331388362031811,3.566610180667204,3.5116076606067215,1.0156630595944707,0.8517026509908522,0.22338382603458462,-0.1152832256319185,0.5875136350748025,0.10674734779410153,0.9669858766227707,0.6283188249562676,0.3386670516665031,0.00732421875,0.1572265625,0.9233670724123557,4.523487090682223,0.0011043669654985896,0.46875
2.0,1.0,2.0,64,4,32,-25.391245280545633,-25.351714978314693,1.997680120240418,1.5849272277318913,1.4133931230342172,1.1213633361463027,0.8490591337998394,-0.8392108577799633,-0.3109176872159298,-0.026685022055874797,-0.21434701852976454,1.1599768210157693,1.6882699915798027,-0.5282931705640335,0.002685546875,0.16748046875,0.9904050787894335,1.5238285058738523,0.0003720284438168585,0.171875
2.0,1.0,2.0,64,4,64,-25.475572553693304,-25.379285894664534,1.5919729688991133,2.642056460443097,1.2617341118076792,2.0939882941405443,0.9972638334747835,-0.9130958163610314,-0.09949194694931052,0.3464473619852445,0.1648191217420862,1.0967557804240942,1.910359649835815,-0.8136038694117209,0.001953125,0.169921875,0.995926040381811,1.4169820246683602,0.0003459428771162989,0.125
2.0,1.0,2.0,64,5,1,-11.5,-12.0,48.0,7.729812416870153,6.928203230275509,1.1157023199163238,0.7244471010161387,-0.7131814531368104,-0.7131814531368159,0.20684776466016355,0.2068477646601634,1.4376285541529548,1.437628554152949,5.551115123125783e-15,0.015380859375,0.015380859375,0.015380859375,4096.0,1.0,0.984375
2.0,1.0,2.0,64,5,2,-13.853373882783771,-12.245472989973432,47.217779454381734,6.666147580396745,6.8715194429166635,0.9701125982068463,0.7841362286065028,-0.34569073233406145,-0.5098106778897724,0.3195293280417348,0.23501331309937198,1.2939469064962752,1.1298269609405642,0.16411994555571097,0.015380859375,0.03076171875,0.04077778698826724,2241.221921834131,0.5471733207602859,0.984375
2.0,1.0,2.0,64,5,4,-13.550659838446624,-13.65485446815766,42.08254927217561,6.523895399295633,6.487106386685485,1.00567109746892,0.725740019995601,-0.12017946938844148,-0.24274846464404476,0.36453841242313056,0.2717516528769654,0.9684884846396458,0.8459194893840425,0.12256899525560327,0.01513671875,0.0595703125,0.10324981737924885,1590.9637059945046,0.3884188735338146,0.96875
2.0,1.0,2.0,64,5,8,-17.074378282305595,-16.27300266852634,31.944422589605487,5.098152659552049,5.651939719211935,0.9020182296393809,0.6603912449144427,-0.24168060793251267,-0.3531532468699028,0.2504725741274316,0.08157323866365683,1.0135444917843455,0.9020718528469553,0.11147263893739012,0.01416015625,0.10791015625,0.3160486618830346,522.4858717771881,0.12756002728935256,0.90625
2.0,1.0,2.0,64,5,16,-20.015921514258512,-19.409116383195553,15.928495130805217,4.036912899602315,3.991051882750363,1.0114909598269486,0.6529837016331247,-0.4720239327918876,-0.18461014185860747,0.08385049724504852,0.05759459276892487,0.8375938434917322,1.1250076344250122,-0.2874137909332801,0.01318359375,0.16357421875,0.7432542205567556,103.65190735593119,0.025305641444319137,0.84375
2.0,1.0,2.0,64,5,32,-21.399509387895684,-23.62721158081209,13.633086620533703,4.176745979786301,3.6923009926783736,1.1312040887426444,0.9019678416657614,-0.07727215398388565,-0.2648098712679985,0.5642878643374057,-0.0574704633766896,1.1667777129337598,0.979239995649647,0.18753771728411284,0.009033203125,0.193115234375,0.9752722837828629,3.70711041455423,0.0009050562535532789,0.578125
2.0,1.0,2.0,64,5,64,-25.47133821546453,-25.234546907141716,2.9391992574309387,6.844782505232226,1.714409302771931,3.992501962142463,0.999911479819203,-0.38761899891510154,-0.15954691951969147,0.004662008750162392,0.06663437104452082,1.1594583993388945,1.3875304787343046,-0.22807207939541008,0.002685546875,0.201904296875,0.996527444137308,1.3396483238989647,0.0003270625790768957,0.171875
2.0,1.0,2.0,64,6,1,-11.625,-12.0,48.0,7.270445309607934,6.928203230275509,1.0493983891576482,0.6449699477781063,-0.10123408564814818,-0.1012340856481555,0.345739655557929,0.34573965555792935,0.7462040334262618,0.7462040334262545,7.327471962526033e-15,0.015625,0.015625,0.015625,4096.0,1.0,1.0
2.0,1.0,2.0,64,6,2,-14.252206664409574,-13.082516749688104,44.00490331437503,6.841226812416566,6.633619171641905,1.0312962856930594,0.7518414573458592,-0.225909270934338,-0.22183821602369225,0.3135954006733217,0.3155198936169268,0.9736796733695514,0.9777507282801972,-0.004071054910645744,0.015625,0.031005859375,0.03709136275792445,3012.0927947315786,0.7353742174637643,1.0
2.0,1.0,2.0,64,6,4,-14.708285462955144,-14.849036423264169,36.415221649429704,5.61177055844978,6.034502601659039,0.9299474917629434,0.7408367356718137,-0.1673936081866665,-0.26508073338078675,0.34462464812477234,0.2814938559561941,1.0059174690526005,0.9082303438584802,0.09768712519412026,0.015625,0.060302734375,0.0995078125865959,1820.635774854245,0.44449115597027467,1.0
2.0,1.0,2.0,64,6,8,-14.958532103760234,-17.014335735455838,28.073917112110728,5.192849766338985,5.298482529188025,0.9800635819280077,0.6186859433075363,-0.130120083481295,-0.48470390869588864,0.3678789907892666,0.2151397235071671,1.103389852003425,0.7488060267888313,0.35458382521459364,0.0146484375,0.110107421875,0.27890522886336133,736.4596955908586,0.17979973036886196,0.9375
2.0,1.0,2.0,64,6,16,-20.93037143440794,-21.412008184990803,17.91217262972328,3.662397513058953,4.232277475511652,0.8653491020496465,0.7216500714925449,0.022248289741469307,-0.17960811308422642,0.42478096784044345,0.10895702736171783,0.9012581845767713,0.6994017817510756,0.20185640282569572,0.013427734375,0.173828125,0.7494000017494754,26.740008627821805,0.006528322418901808,0.859375
2.0,1.0,2.0,64,6,32,-25.33630918558047,-25.037798803854564,4.200951038543795,2.7516186084036103,2.0496221697044055,1.3425004125518636,0.998917974219922,-0.1757331169084635,-0.14528050392106273,0.23736071563004904,0.0004969850544410463,1.1441984781409849,1.1746510911283856,-0.030452612987400762,0.00341796875,0.205322265625,0.9912920305783066,1.4018165060570338,0.0003422403579240805,0.21875
2.0,1.0,2.0,64,6,64,-24.974423080039227,-24.953602743428487,5.292373767179826,0.5380704599261844,2.300515978466532,0.23389120743462477,0.996448258448357,0.04228668505093125,-0.30485473642662897,0.2068125768110324,0.014643815576653018,1.3013029948749861,0.9541615733974258,0.3471414214775602,0.001953125,0.21240234375,0.9916552019505633,1.3848512095998304,0.0003380984398437086,0.125
2.0,1.0,2.0,64,7,1,-12.625,-12.0,48.0,6.372548548265443,6.928203230275509,0.9197981549412532,0.6618772788068672,-0.4899111571712016,-0.4899111571712027,0.1792639345539187,0.17926393455391873,1.15178843597807,1.1517884359780688,1.1102230246251565e-15,0.015625,0.015625,0.015625,4096.0,1.0,1.0
2.0,1.0,2.0,64,7,2,-12.110430532044827,-12.517178750325868,45.83786328000193,6.943584110184845,6.77036655433086,1.0255846643551643,0.6813949569667613,-0.2682827896603508,-0.34849178977586104,0.30031497190828654,0.25325094044717555,1.0298867467426223,0.9496777466271121,0.08020900011551024,0.015380859375,0.031005859375,0.03534640045922549,3052.0175935478032,0.7451214827997567,0.984375
2.0,1.0,2.0,64,7,4,-14.054977372653267,-13.513818251637895,43.09272116020435,6.445674337606571,6.5645046393619335,0.9818980550272087,0.7264057891476633,-0.6586109002341485,-0.8029937200700696,0.276148690469789,0.22011230294881262,1.529399509217733,1.3850166893818119,0.14438281983592116,0.01513671875,0.06005859375,0.09407453351141602,1745.0710251070511,0.42604273073902615,0.96875
2.0,1.0,2.0,64,7,8,-17.906835685153254,-17.077461250507383,27.681689411088293,5.3976083749144435,5.2613391271698395,1.0259001072637386,0.7193794993688403,-0.6154459043349187,-0.6984115819651595,0.222903168419246,0.04071497647407802,1.4177910813339998,1.334825403703759,0.08296567763024076,0.01416015625,0.107177734375,0.3875982546528075,419.1009602597533,0.10231957037591634,0.90625
2.0,1.0,2.0,64,7,16,-21.940249305292067,-21.45241075000829,18.26594628845632,4.923699330627778,4.273867837036648,1.1520476342201775,0.8322564654905413,-0.12481242009788396,-0.4965275159104139,0.39621195012327964,-0.023413509422950597,1.3287839814009552,0.9570688855884253,0.3717150958125299,0.01171875,0.15576171875,0.7652057830364242,39.83296278093611,0.00972484442893948,0.75
2.0,1.0,2.0,64,7,32,-24.689198292368147,-24.88831118156219,6.615773192839978,2.923304967163803,2.572114537270838,1.136537632676964,0.9243518640784217,-0.6400539958783908,-0.17352666402512118,-0.027574960547753186,-0.12385898101969221,1.0978785281035428,1.5644058599568127,-0.46652733185326967,0.00439453125,0.182373046875,0.9793414710002663,3.0847937437660105,0.0007531234725991236,0.28125
2.0,1.0,2.0,64,7,64,-25.51153456833748,-24.659660627669368,8.55168409631046,5.49224586950575,2.924326263656376,1.8781234972867302,0.9999950282234853,-0.41446041058738814,-0.1559364041452822,0.2988000897416331,0.03419189768074756,1.1559314323687675,1.4144554388108734,-0.25852400644210594,0.002197265625,0.19140625,0.9815995014215138,2.4069855491485312,0.0005876429563350906,0.140625
2.0,1.0,2.0,64,8,1,-13.125,-12.0,48.0,5.072905971925756,6.928203230275509,0.7322109071162489,0.6900569578165208,-0.29349504558767947,-0.2934950455876859,0.17457339968083077,0.17457339968083072,0.9835520034042067,0.9835520034042002,6.439293542825908e-15,0.015380859375,0.015380859375,0.015380859375,4096.0,1.0,0.984375
2.0,1.0,2.0,64,8,2,-11.598217219149882,-12.296827313306462,47.66319190975983,7.695408414596366,6.903853410216633,1.1146540862539687,0.5604395873528719,-0.6645858733142884,-0.6902205384857958,0.195820389603606,0.1906526439079443,1.2506601258386678,1.2250254606671604,0.025634665171507365,0.01513671875,0.0302734375,0.032954501465768275,3330.2112452158954,0.813039854789037,0.96875
2.0,1.0,2.0,64,8,4,-12.494799881424852,-13.531575570712384,39.69771126536827,6.105242907306104,6.300611975464627,0.9689920488804397,0.661940507761128,-0.1725072172579858,-0.15757786631449666,0.2820218859287555,0.23551721609103965,0.8195183740756247,0.8344477250191138,-0.014929350943489128,0.015380859375,0.0595703125,0.08442848177861172,1861.6487040667575,0.45450407814129823,0.984375
2.0,1.0,2.0,64,8,8,-14.163295964363638,-14.859515629826785,35.62172021039014,6.252802129118249,5.9683934362933995,1.0476524706121717,0.6732768720238069,-0.4099818532644386,-0.7845691801516632,0.3017760718831999,0.15718770476601848,1.4578460521754701,1.0832587252882455,0.3745873268872246,0.015380859375,0.111328125,0.24018332114859006,939.9233855377865,0.22947348279731117,0.984375
2.0,1.0,2.0,64,8,16,-19.874845106180928,-20.09910620185706,23.186605965113884,5.113124264928703,4.815247238212581,1.0618612112691215,0.6665334652009125,0.22760244920933204,-0.14598386058650714,0.5450508293850186,0.16570674032521313,0.8125173257874196,0.43893101599158046,0.3735863097958392,0.0126953125,0.175048828125,0.7316638194290926,59.27688854362884,0.014471896617096885,0.8125
2.0,1.0,2.0,64,8,32,-25.582816885464975,-25.4140515716301,1.139702745999372,0.6957660373656271,1.0675686141880398,0.6517295732741315,0.846138543357545,-0.4550327344369245,-0.05058283599038482,-0.1019215882484501,0.12436088643496968,0.8967213793479298,1.3011712777944695,-0.40444989844653967,0.0029296875,0.19580078125,0.9941267787765874,1.6221863803544632,0.00039604159676622636,0.1875
2.0,1.0,2.0,64,8,64,-25.50158739526919,-25.491783654012178,0.428783915459661,0.21721565872347623,0.6548159401386476,0.33172017571454354,1.0,-0.016720171883219503,-0.2974294878519197,0.08518456896169112,0.16339326526359832,1.2974294878519197,1.0167201718832195,0.2807093159687002,0.001220703125,0.197509765625,0.9970673540991453,1.4526971188258535,0.00035466238252584314,0.078125
2.0,1.0,2.0,64,9,1,-12.5,-12.0,48.0,5.979130371550699,6.928203230275509,0.8630131323836658,0.6386946386946386,-0.22094907407407405,-0.22094907407408226,0.2445810325560516,0.2445810325560515,0.8596437127687209,0.8596437127687127,8.215650382226158e-15,0.015625,0.015625,0.015625,4096.0,1.0,1.0
2.0,1.0,2.0,64,9,2,-11.535195108349864,-12.56688662202166,46.59887586763409,6.794216616186101,6.826336928956414,0.9952946487838795,0.7341466270825978,-0.38680095925672053,-0.392689372143354,0.2025391628448008,0.19560455371384333,1.1268359992259518,1.1209475863393183,0.005888412886633443,0.015380859375,0.03076171875,0.032798752617604586,3185.531907035914,0.77771775074119,0.984375
2.0,1.0,2.0,64,9,4,-15.141411349447159,-13.746529923285905,44.118795947600205,5.964743501616286,6.64219812619288,0.8980074650430683,0.6710716318214118,-0.0328293954780523,-0.09900457361866843,0.43185277043498443,0.3681852036132366,0.7700762054400803,0.7039010272994641,0.06617517814061613,0.015380859375,0.06005859375,0.08692035168371691,1783.8678161753635,0.43551460355843835,0.984375
2.0,1.0,2.0,64,9,8,-16.976546009051773,-16.05877717082212,38.38939912692356,6.171543139792394,6.19591794062216,0.9960659903724745,0.7019678820397655,-0.29626806756727286,-0.5139979388379348,0.36675069752884565,0.2665362789243209,1.2159658208777002,0.9982359496070383,0.2177298712706619,0.01513671875,0.11376953125,0.2757485469526614,591.1600442911334,0.144326182688265,0.96875
2.0,1.0,2.0,64,9,16,-20.27382837027966,-19.982086098953708,18.878354591089007,3.7611829601450912,4.344922852144673,0.8656501135085872,0.7105209453289396,0.036496593314691905,-0.3697098199422868,0.42183522872897444,-0.030509854150148022,1.0802307652712264,0.6740243520142477,0.4062064132569787,0.01123046875,0.1689453125,0.771923712431537,58.235557463218285,0.014217665396293527,0.71875
2.0,1.0,2.0,64,9,32,-25.008670287466153,-25.06198960009408,4.348101772628106,2.074966617165097,2.0852102466245714,0.995087483635736,0.9747663755165993,-0.6218170763875714,-0.15752970916248277,0.14228558702714827,-0.04143092425143806,1.1322960846790822,1.5965834519041708,-0.4642873672250887,0.00390625,0.19189453125,0.9778658074131247,1.728426984391631,0.000421979244236238,0.25
2.0,1.0,2.0,64,9,64,-25.492345618114886,-25.317493462909226,2.6231350687028594,1.5544722572038372,1.6196095420510646,0.9597821060224566,0.9944868794755107,-0.30261098888699833,-0.08766007117278063,0.17405287412656156,-0.0399200109866482,1.0821469506482915,1.297097868362509,-0.2149509177142177,0.00244140625,0.198486328125,0.9933526893756291,1.4477611450166616,0.0003534573107950834,0.15625
2.0,1.0,2.0,64,10,1,-9.75,-12.0,48.0,6.85109480302236,6.928203230275509,0.9888703571921516,0.6928539724811363,-0.3877314814814816,-0.38773148148148806,0.2506269499183165,0.25062694991831685,1.0805854539626245,1.0805854539626178,6.439293542825908e-15,0.015380859375,0.015380859375,0.015380859375,4096.0,1.0,0.984375
2.0,1.0,2.0,64,10,2,-12.951969495963239,-12.607059129819035,45.21053217086224,6.137615425634399,6.723877762932803,0.9128088942172129,0.6612678298145769,-0.1714224163038507,-0.21204099111054875,0.28401655392061254,0.2632501980062636,0.8733088209251256,0.8326902461184276,0.04061857480669806,0.015625,0.03076171875,0.03638465452195422,2666.973800125397,0.6511166504212395,1.0
2.0,1.0,2.0,64,10,4,-13.536244815271509,-13.999731094847464,39.20594596836895,6.338118564600353,6.261465161475304,1.0122420872987798,0.64542770501493,-0.3808138300863131,-0.5051341553716315,0.1950961218647563,0.13169858413289426,1.1505618603865615,1.026241535101243,0.12432032528531844,0.015380859375,0.060546875,0.08287304418529137,2046.4142867146497,0.4996128629674438,0.984375
2.0,1.0,2.0,64,10,8,-15.432029675900171,-16.04330714277454,32.36671786561539,5.559810420886078,5.689175499632209,0.9772611903509578,0.5395157624673281,-0.10003456964869883,-0.447519504214289,0.35351021338447114,0.15223694164863616,0.9870352666816171,0.639550332116027,0.34748493456559015,0.015625,0.114501953125,0.25307958683186726,638.7437749889646,0.15594330444066518,1.0
2.0,1.0,2.0,64,10,16,-21.288323390892888,-22.428750144543173,17.904705383447034,4.804512942894334,4.231395205301324,1.1354441525279833,0.8816534264501324,0.10127670312955517,-0.4844344919355037,0.5768285889287504,0.005595656323643913,1.3660879183856363,0.7803767233205773,0.5857111950650589,0.01025390625,0.17236328125,0.8182409997622583,9.757809368966715,0.0023822776779703894,0.65625
2.0,1.0,2.0,64,10,32,-24.758185727453615,-25.23165264201654,2.5360439692613945,2.243663060390164,1.5924961441904324,1.4088970127653035,0.9927281829674468,-1.1500885397571907,-0.3253516411991466,0.033218274615900045,0.17104063784355178,1.3180798241665934,2.1428167227246373,-0.8247368985580441,0.00244140625,0.18603515625,0.9947576038959082,1.3866651652965132,0.00033854130012121904,0.15625
2.0,1.0,2.0,64,10,64,-25.42843508709221,-25.315899627263377,2.1445890510544547,0.30728194003298226,1.4644415492106384,0.2098287502144507,0.998464428671336,0.07449483606773155,0.02942210067808726,0.27459429827600107,0.3392911911562614,0.9690423279932487,0.9239695926036045,0.04507273538964429,0.001953125,0.188232421875,0.9890455160893635,1.5158958836245269,0.00037009176846301926,0.125
2.0,1.0,2.0,256,1,1,-12.875,-12.0,48.0,7.0522602759682655,6.928203230275509,1.0179060921813956,0.3988166113464111,0.06895725086808913,0.06895725086806437,0.3804948935080919,0.380494893508092,0.32985936047834674,0.329859360478322,2.475797344914099e-14,0.060791015625,0.060791015625,0.060791015625,4096.0,1.0,0.97265625
2.0,1.0,2.0,256,1,2,-12.72511129216739,-12.938392853206434,44.59528467003891,6.530464214310354,6.6779701010141475,0.977911568265124,0.32625891375833616,0.13981876284357986,0.1362595770032683,0.4121374643049623,0.41423702960076864,0.18999933675506786,0.1864401509147563,0.003559185840311563,0.058837890625,0.115234375,0.12078959858265495,3433.005405109147,0.8381360852317253,0.94140625
2.0,1.0,2.0,256,1,4,-14.062263134613346,-14.699315486870002,37.864499272427196,6.229529688728211,6.153413627607622,1.0123697293448777,0.4121683614596623,0.14452241767987828,0.02614988136694918,0.438636862571507,0.4100573381665737,0.3860184800927131,0.267645943779784,0.1183725363129291,0.05859375,0.21728515625,0.2759950021558931,2570.5680610032564,0.6275800930183731,0.9375
2.0,1.0,2.0,256,1,8,-17.000099708381757,-17.561708181184045,26.667475219421735,5.478105668130724,5.164056082133668,1.0608145188592333,0.4166191228320665,0.13708227398359418,-0.16717642705250135,0.43068966035591694,0.3352279504100583,0.5837955498845678,0.2795368488484723,0.30425870103609554,0.05712890625,0.361083984375,0.581912396909436,1045.2834873446059,0.25519616390249167,0.9140625
2.0,1.0,2.0,256,1,16,-21.226326894096594,-21.693852287030282,13.649099921987698,3.8666098415580517,3.6944688281250526,1.046594252500531,0.45525514521497157,0.19974337754314953,-0.43939869985173696,0.5054102370173454,0.07439946042492436,0.8946538450667085,0.25551176767182204,0.6391420773948865,0.040771484375,0.467529296875,0.9228651700982186,52.76453664585684,0.012881966954554893,0.65234375
2.0,1.0,2.0,256,1,32,-25.473417162944546,-25.358905384194138,1.7155506556577398,1.698489872095092,1.3097903098044892,1.2967647259114503,0.9193788276519561,-0.2881151580444483,-0.275693979933868,0.28282718337994983,-0.1009323077381417,1.1950728075858241,1.2074939856964044,-0.0124211781105803,0.009521484375,0.495849609375,0.998571222699964,1.9738627864563167,0.0004819000943496867,0.15234375
2.0,1.0,2.0,256,1,64,-25.367006214588603,-25.427615819732065,1.1486942619943314,0.6623062518558255,1.0717715530813139,0.6179546844210533,0.8771207722872343,0.17271941846688343,-0.16491077484199912,0.4214065549276913,-0.05454712680421599,1.0420315471292334,0.7044013538203509,0.33763019330888255,0.0078125,0.49853515625,0.9988819044626633,1.788357835846729,0.0004366107997672678,0.125
2.0,1.0,2.0,256,2,1,-11.8125,-12.0,48.0,6.99748838870062,6.928203230275509,1.0100004512168959,0.3354112544133302,0.16185929422769185,0.16185929422768597,0.437350549122795,0.4373505491227942,0.17355196018564423,0.17355196018563834,5.88418203051333e-15,0.0615234375,0.0615234375,0.0615234375,4096.0,1.0,0.984375
2.0,1.0,2.0,256,2,2,-13.488694631169908,-13.041403680108065,43.29511449697455,6.19603990679381,6.579902316674203,0.9416613816731529,0.34114972728093784,0.16571157655813007,0.152200923505465,0.443442706941863,0.44017070848579887,0.18894880377547285,0.17543815072280777,0.013510653052665078,0.059814453125,0.116455078125,0.12419287630980734,3498.429589088142,0.8541087863984722,0.95703125
2.0,1.0,2.0,256,2,4,-14.145012346499488,-14.711691393960507,35.17152080288996,5.941654944107424,5.930558220175396,1.0018711095178658,0.3803397462795889,0.07206022141273649,-0.03724273614599438,0.3688419010299942,0.3279540551129175,0.41758248242558327,0.3082795248668524,0.10930295755873087,0.059814453125,0.2177734375,0.27264977819585495,2501.3687978998805,0.6106857416747755,0.95703125
2.0,1.0,2.0,256,2,8,-17.448650464609855,-17.35103818898641,25.82178095034088,4.906681720077637,5.0815136475602305,0.9655945177739442,0.4879458203163993,0.28723880705567395,-0.07369162236146454,0.5534878892972146,0.4853129963707401,0.5616374426778639,0.20070701326072538,0.3609304294171385,0.05517578125,0.3583984375,0.6331568267502852,689.3190081610202,0.16829077347681157,0.8828125
2.0,1.0,2.0,256,2,16,-21.308906309919674,-22.19598570201251,14.2163842401951,3.9351835740138696,3.7704620725045226,1.043687351401981,0.6118849080790163,0.3906239413508552,-0.5397143937117566,0.6691896060485312,0.17360475935483358,1.1515993017907729,0.2212609667281611,0.9303383350626118,0.037841796875,0.45166015625,0.9300492165062954,18.6072758884409,0.004542791964951391,0.60546875
2.0,1.0,2.0,256,2,32,-25.604900067647637,-25.412210609411026,1.139845963664309,1.7475186873893882,1.0676356886430451,1.6368117944899987,0.9801966827594026,-0.31491598973591506,-0.4171331203457538,0.27365001155215996,-0.009890480254714527,1.3973298031051564,1.2951126724953177,0.10221713060983872,0.00634765625,0.482666015625,0.9986342585958452,1.5348764070458063,0.00037472568531391755,0.1015625
2.0,1.0,2.0,256,2,64,-25.484504128293533,-25.494827299687486,0.4514683486752573,0.14317657051711025,0.6719139443970912,0.2130876605717458,0.8305619505206042,0.00712659766437207,-0.11487593708011534,0.0880493963114258,-0.12526783288412635,0.9454378876007196,0.8234353528562322,0.12200253474448741,0.004638671875,0.48583984375,0.9995297013105833,1.494235919292081,0.00036480369123341824,0.07421875
2.0,1.0,2.0,256,3,1,-12.0625,-12.0,48.0,6.595156840439809,6.928203230275509,0.9519288942939313,0.37940245308999965,0.13265814546514998,0.13265814546515642,0.4172962366182973,0.41729623661829823,0.24674430762484323,0.24674430762484967,-6.439293542825908e-15,0.060791015625,0.060791015625,0.060791015625,4096.0,1.0,0.97265625
2.0,1.0,2.0,256,3,2,-12.667167598434517,-13.018020725581914,44.26052027107437,6.5156295403382005,6.6528580528277,0.9793729985819896,0.29891761899603064,0.14119543219553332,0.1205501121510899,0.3969358104876239,0.3844600178520349,0.17836750684494074,0.15772218680049732,0.020645320044443416,0.059326171875,0.11669921875,0.1289255509718239,3499.899740949598,0.8544677101927729,0.94921875
2.0,1.0,2.0,256,3,4,-15.951883615979542,-14.79363216984516,37.55522994225858,6.086272664823738,6.128232203683096,0.9931530762110907,0.3871710972099881,0.22656027964627834,0.12219200723609014,0.4960930219285637,0.4615496021737609,0.26497908997389796,0.16061081756370976,0.1043682724101882,0.058837890625,0.21875,0.28371054324899664,2472.787035095496,0.6037077722401113,0.94140625
2.0,1.0,2.0,256,3,8,-17.209199831496804,-17.73224524362326,25.928349014445335,5.284824279924794,5.0919887091828215,1.0378703845894661,0.3445729491049635,0.13700070715930268,-0.2626676031112112,0.4218453573982511,0.3344417238501794,0.6072405522161747,0.20757224194566082,0.39966831027051386,0.056640625,0.354248046875,0.6358595319016879,775.4051319877268,0.18930789355169111,0.90625
2.0,1.0,2.0,256,3,16,-21.682433945890633,-21.80864524866769,14.17189909532642,3.5945092035061146,3.7645582868812673,0.9548289412949881,0.5120654538709498,0.1894628461657103,-0.5824811254114111,0.4748957931479306,0.17906449185163603,1.094546579282361,0.3226026077052395,0.7719439715771214,0.03857421875,0.453369140625,0.914375598784606,52.2570915618107,0.01275807899458269,0.6171875
2.0,1.0,2.0,256,3,32,-25.36686138058207,-25.37522828808283,1.4596777404604078,1.4620890932444004,1.2081712380537817,1.2101671080993865,0.8684268254340687,-0.1742445279363538,-0.46648624067836475,0.41189715914472175,0.10110141089469,1.3349130661124335,1.0426713533704226,0.29224171274201094,0.009033203125,0.4833984375,0.9974396613531288,2.436946922438269,0.0005949577447359056,0.14453125
2.0,1.0,2.0,256,3,64,-25.378437871004756,-25.338423416783062,1.7632569298672482,1.0302978661164313,1.3278768504146943,0.7758986579174647,0.9645828541133571,0.21601172243889333,-0.16701050238222925,0.5440704985153999,-0.014978041672025742,1.1315933564955865,0.7485711316744638,0.3830222248211226,0.006591796875,0.486328125,0.9974558441846053,2.111927836872179,0.0005156073820488719,0.10546875
2.0,1.0,2.0,256,4,1,-11.71875,-12.0,48.0,7.0477583980653025,6.928203230275509,1.017256302076612,0.3747024026742587,0.12744169945123585,0.1274416994512354,0.4203103881362605,0.4203103881362612,0.2472607032230233,0.24726070322302285,4.440892098500626e-16,0.060791015625,0.060791015625,0.060791015625,4096.0,1.0,0.97265625
2.0,1.0,2.0,256,4,2,-12.659308447890202,-13.111271296320275,43.98712503770334,6.708503339519911,6.632279022907838,1.011492929707691,0.4206613240526226,0.2000927403282301,0.1826746885049888,0.47321401686268993,0.47044509070835683,0.23798663554763377,0.22056858372439248,0.0174180518232413,0.06005859375,0.117431640625,0.12485015781632418,3385.4603359506887,0.8265284023317111,0.9609375
2.0,1.0,2.0,256,4,4,-15.414102369365832,-15.18702974641807,34.26545839490813,5.609799985540906,5.853670506178848,0.9583388712465923,0.35312657750090726,0.16302457196076225,-0.047505500334096507,0.423863527692402,0.35116134894003714,0.40063207783500376,0.190102005540145,0.21053007229485876,0.05859375,0.21484375,0.28030199845804565,2339.6568291867716,0.5712052805631767,0.9375
2.0,1.0,2.0,256,4,8,-17.50163935591967,-17.879384625811312,23.422680732359915,5.204046923166602,4.839698413368328,1.0752833087268128,0.4396028010069889,0.13877423015414658,-0.25574200944171,0.45986705146280116,0.3830007682600233,0.6953448104486989,0.3008285708528423,0.3945162395958566,0.055908203125,0.35498046875,0.5984018595370018,938.6720233568191,0.2291679744523484,0.89453125
2.0,1.0,2.0,256,4,16,-21.110399917610668,-21.344045180790175,12.57740323219291,3.3480521834654047,3.546463482427658,0.9440537594859331,0.5251865895148295,0.2905583007192907,-0.6108478466872123,0.5610690393807898,0.11003176434931511,1.1360344362020418,0.23462828879553888,0.9014061474065029,0.03955078125,0.4609375,0.9211965651429587,63.642866760568204,0.015537809267716847,0.6328125
2.0,1.0,2.0,256,4,32,-25.23111925528093,-25.396852462197202,1.0936606388578212,1.700931737887607,1.0457823094974503,1.6264682644182307,0.8519117438482983,-0.07354114701557934,-1.0503137349174012,0.36596569280466806,-0.053408549707761106,1.9022254787656996,0.9254528908638776,0.9767725879018219,0.01171875,0.486083984375,0.9982439576205124,1.6851563697823668,0.00041141512934139815,0.1875
2.0,1.0,2.0,256,4,64,-25.328476964770463,-25.495796391803538,0.3991637225531365,0.8238839371212483,0.63179405074212,1.304038770471952,0.9358412164277053,-0.012449706962170737,-0.0701199333480198,0.2482149931205594,0.14812602410865394,1.0059611497757253,0.9482909233898761,0.057670226385849066,0.005615234375,0.4892578125,0.999635938832867,1.4944683982811064,0.00036486044879909825,0.08984375
2.0,1.0,2.0,256,5,1,-11.84375,-12.0,48.0,6.574616790163515,6.928203230275509,0.9489641934048847,0.3690318835534081,0.18825178384318697,0.18825178384318797,0.449501110142193,0.4495011101421929,0.18078009971022013,0.18078009971022113,-9.992007221626409e-16,0.061279296875,0.061279296875,0.061279296875,4096.0,1.0,0.98046875
2.0,1.0,2.0,256,5,2,-13.4466815208706,-13.022828418051018,43.498508308599654,6.268675685580442,6.595339893333751,0.9504704514041066,0.37921279769919525,0.13680148106092305,0.104855570819407,0.41622687046718715,0.4011293578865071,0.27435722687978825,0.2424113166382722,0.03194591024151605,0.06005859375,0.116455078125,0.12630106938459779,3539.8154264858335,0.864212750606893,0.9609375
2.0,1.0,2.0,256,5,4,-14.488910417067341,-14.921254101338588,35.087046694777044,5.605372367842678,5.923432003051698,0.9463048389776133,0.4168267575286161,0.2582842603495815,0.16149842899582478,0.5161003991261918,0.4967484513030417,0.2553283285327913,0.15854249717903457,0.09678583135375673,0.060546875,0.218505859375,0.27360678673459615,2408.319531728773,0.58796863567597,0.96875
2.0,1.0,2.0,256,5,8,-17.563632998521168,-17.44837820150772,24.7698350015325,5.002639257086213,4.976930278950319,1.005165629553749,0.36097126119505674,0.1715111519484137,-0.1402768664416898,0.4560579481435882,0.41751910401863823,0.5012481276367465,0.18946010924664303,0.3117880183901035,0.05615234375,0.361083984375,0.6301714164773385,872.1952734306467,0.21293829917740398,0.8984375
2.0,1.0,2.0,256,5,16,-21.32091749065815,-21.255422887872136,11.793920232357873,3.3776706206862417,3.43422774905187,0.9835313402318053,0.5145180166361467,0.30889541645006724,-0.41510164454790854,0.589562415093003,0.3028818621512112,0.9296196611840553,0.20562260018607947,0.7239970609979758,0.041015625,0.461669921875,0.906982173487509,128.02177067335035,0.031255315105798424,0.65625
2.0,1.0,2.0,256,5,32,-25.00761866334056,-25.3361667451436,1.618098792816264,1.6603055624646013,1.2720451221620497,1.3052253678255055,0.7084581358937738,0.09408160292845746,-0.14941424008478443,0.5024625601159209,-0.05976126399712726,0.8578723759785583,0.6143765329653164,0.2434958430132419,0.0146484375,0.4931640625,0.996526744689837,3.429880365279465,0.0008373731360545569,0.234375
2.0,1.0,2.0,256,5,64,-25.278782854718852,-25.301653462940635,2.238318795095107,1.301127484360905,1.4961011981464045,0.8696787931009866,0.9593830689364692,-0.4983839729681463,-0.16460339534298618,0.26533549930853567,0.015561660693359682,1.1239864642794553,1.4577670419046154,-0.3337805776251601,0.00732421875,0.497802734375,0.9982389628850631,3.009653195803603,0.000734778612256739,0.1171875
2.0,1.0,2.0,256,6,1,-11.59375,-12.0,48.0,6.861848215859922,6.928203230275509,0.9904224786412699,0.3168037910691056,0.1471516991722438,0.14715169917224913,0.4162726998961532,0.4162726998961525,0.16965209189685648,0.1696520918968618,-5.329070518200751e-15,0.0595703125,0.0595703125,0.0595703125,4096.0,1.0,0.953125
2.0,1.0,2.0,256,6,2,-12.462596001923632,-12.904497297503024,43.92944100411063,6.76306271216946,6.62792886233027,1.0203885486169324,0.39453485216625706,0.13804415231812384,0.11306056923362207,0.4287899072809354,0.4118356829089348,0.281474282932635,0.2564906998481332,0.02498358308450177,0.0595703125,0.11572265625,0.12140127318445673,3577.1766231893926,0.8733341365208478,0.953125
2.0,1.0,2.0,256,6,4,-14.932363940558318,-14.501886521406362,38.526690830248775,6.213960768978951,6.206987258747095,1.001123493563166,0.4213613531028573,0.26508384848075073,0.17890654068568135,0.5309065714926238,0.5235525756136057,0.24245481241717592,0.15627750462210654,0.08617730779506938,0.059326171875,0.218505859375,0.27248654982267967,2574.9010426540067,0.6286379498667009,0.94921875
2.0,1.0,2.0,256,6,8,-17.59115472196835,-17.7398145335965,25.618959604815515,4.876746818225521,5.061517519955405,0.9634949990785545,0.4319873061718472,0.12333299209109028,-0.2738950842257135,0.4136227839902355,0.3327331303078524,0.7058823903975607,0.30865431408075694,0.3972280763168038,0.055419921875,0.3486328125,0.6125717969694465,769.7776849390622,0.18793400511207572,0.88671875
2.0,1.0,2.0,256,6,16,-21.263371441123088,-21.905614760771726,12.623663756357981,3.6947686770562322,3.552979560363102,1.0399071017111734,0.5701785381028585,0.3645270433547674,-0.620301274788138,0.6312223650483653,0.3213991387375376,1.1904798128909966,0.20565149474809108,0.9848283181429054,0.040771484375,0.447998046875,0.9190008689289372,44.81357414027085,0.010940813999089563,0.65234375
2.0,1.0,2.0,256,6,32,-25.40660778715753,-25.404894915146784,1.1110725277510691,2.2915745973055652,1.054074251535948,2.174016293412337,0.536991165611168,-1.5552354994747697,-0.44423988336508513,0.11693151969561874,0.08627175670958659,0.9812310489762531,2.0922266650859376,-1.1109956161096846,0.010986328125,0.473388671875,0.9972797136173069,2.104696297406249,0.0005138418694839475,0.17578125
2.0,1.0,2.0,256,6,64,-25.442184008842844,-25.471174237419284,0.6557780258230903,0.3778222539124485,0.8098012261185398,0.46656172123051637,0.9626743427113347,0.0525141970391686,-0.01623151614398277,0.2622458618226601,0.01053246571833464,0.9789058588553174,0.9101601456721661,0.06874571318315137,0.005615234375,0.476806640625,0.9986753386003243,1.749229889519326,0.0004270580784959292,0.08984375
2.0,1.0,2.0,256,7,1,-12.4375,-12.0,48.0,7.369436460815711,6.928203230275509,1.0636865311069486,0.4391344024028465,0.18130325456549823,0.18130325456550445,0.4832962432104391,0.48329624321043957,0.25783114783734207,0.2578311478373483,-6.217248937900877e-15,0.060546875,0.060546875,0.060546875,4096.0,1.0,0.96875
2.0,1.0,2.0,256,7,2,-12.873691221782531,-13.371179281867786,42.50665742123337,5.916119549676835,6.519712986108619,0.9074202441552497,0.3162671138575769,0.21664969458836858,0.1843404072167768,0.4681237274952358,0.4676067254764856,0.13192670664080008,0.09961741926920831,0.03230928737159178,0.060302734375,0.1181640625,0.1277235672462871,3225.570040200977,0.7874926855959417,0.96484375
2.0,1.0,2.0,256,7,4,-14.897907187541223,-15.143832603233793,35.640300950067896,5.445945826746158,5.969949828103072,0.9122263978015014,0.41013124615949326,0.13898520309082296,0.01381933312090966,0.40681548894685626,0.35466241452955166,0.3963119130385836,0.2711460430686703,0.1251658699699133,0.06005859375,0.218994140625,0.2834303345613622,2338.3293900259837,0.5708811987368124,0.9609375
2.0,1.0,2.0,256,7,8,-17.350924709328268,-17.306841845540095,28.186272073326926,4.906456756894648,5.309074502521784,0.924164231367276,0.36085130683343913,0.13985642570439694,-0.10164280740819409,0.3870609653183075,0.2900998268761808,0.4624941142416332,0.2209948811290422,0.24149923311259103,0.055908203125,0.352783203125,0.6247538686700485,798.761078243999,0.19501002886816382,0.89453125
2.0,1.0,2.0,256,7,16,-21.178083970901383,-21.68872684931928,13.268486359332016,3.761154996022171,3.6425933562960355,1.0325486893894449,0.5502540956960427,0.28114005421644017,-0.6144276716551664,0.560482799080047,0.18911251337910837,1.164681767351209,0.2691140414796025,0.8955677258716066,0.040283203125,0.447265625,0.9065031392459052,72.13588914300406,0.017611301060303727,0.64453125
2.0,1.0,2.0,256,7,32,-25.31624186856364,-25.272179199128423,2.28179160047567,1.6269454489902584,1.5105600287561134,1.0770478617324357,0.8569474000771562,-0.06427022800775406,-0.15996264651269754,0.5473599487535706,0.008975434683611387,1.0169100465898537,0.9212176280849103,0.09569241850494348,0.00927734375,0.482177734375,0.996077669038447,3.1991502941923406,0.0007810425522930519,0.1484375
2.0,1.0,2.0,256,7,64,-25.34000798491966,-25.227685037598246,3.2164483824316883,1.2900145185197938,1.793445951912599,0.7192937803027034,0.856393998944596,0.3908294735032628,-0.0826270992699103,0.6256270272170665,0.1391569397954213,0.9390210982145063,0.4655645254413332,0.4734565727731731,0.007080078125,0.487060546875,0.997038027375548,2.9377910027208256,0.0007172341315236391,0.11328125
2.0,1.0,2.0,256,8,1,-12.15625,-12.0,48.0,6.8720874512407075,6.928203230275509,0.991900384967118,0.343960894849774,0.18340081251234197,0.18340081251233886,0.4493033341595627,0.44930333415956186,0.16056008233743513,0.16056008233743202,3.1086244689504383e-15,0.060546875,0.060546875,0.060546875,4096.0,1.0,0.96875
2.0,1.0,2.0,256,8,2,-13.774770506566142,-13.057159129017009,43.13327725113231,5.957497694066278,6.5675929571748215,0.9071051956041156,0.2404508168852657,0.09393279049804748,0.07627900846731794,0.3394612290355817,0.33803991620850166,0.16417180841794776,0.14651802638721823,0.017653782030729537,0.060791015625,0.1171875,0.1270572987925187,3504.4624284301703,0.8555816475659596,0.97265625
2.0,1.0,2.0,256,8,4,-14.730689453610694,-14.788898755944977,36.83883040832286,6.234379503245766,6.0695000130424965,1.027165250819502,0.3784079580253167,0.171415034449114,0.06772318381117615,0.44822504267991836,0.4231296311126722,0.31068477421414054,0.2069929235762027,0.10369185063793784,0.058349609375,0.2177734375,0.26451909433203635,2586.304992691874,0.6314221173564145,0.93359375
2.0,1.0,2.0,256,8,8,-17.60093197355953,-17.78789839671029,23.828364736632814,5.1837120922209605,4.881430603484271,1.0619247743726863,0.47944511061872674,0.15921812195075224,-0.19485302569886276,0.4737451223008568,0.4102663416172803,0.6742981363175895,0.3202269886679745,0.354071147649615,0.054443359375,0.359375,0.5697523306568042,992.3041792976283,0.24226176252383502,0.87109375
2.0,1.0,2.0,256,8,16,-20.852241626068658,-21.462443929457805,11.73206850077013,3.457236914275703,3.425210723557038,1.0093501373502083,0.34649794949031887,0.25728240234743627,-0.8558090626814077,0.5205616787456064,0.13083284708788293,1.2023070121717265,0.0892155471428826,1.113091465028844,0.045166015625,0.465576171875,0.9088680554082129,73.27608461727247,0.017889669096013788,0.72265625
2.0,1.0,2.0,256,8,32,-25.136397486747285,-25.355795106041487,1.4345223706020036,1.326534018276661,1.1977154798206473,1.1075535389050024,0.6998714150616965,-0.15552522394725554,-0.044257257590631705,0.28302003657455954,0.0583692226867909,0.7441286726523282,0.855396639008952,-0.11126796635662384,0.011962890625,0.4951171875,0.9971848500583788,1.9301210278567722,0.0004712209540665948,0.19140625
2.0,1.0,2.0,256,8,64,-25.437703215749426,-25.423916177851474,1.3588626586753998,1.6266783910370235,1.1657026459073514,1.395448828007816,0.9742139979951344,0.032963220498240076,-0.19585289487199975,0.40785942974214195,0.02857382968120199,1.1700668928671343,0.9412507774968943,0.22881611537023983,0.007568359375,0.5029296875,0.9988440425948922,1.810258421889334,0.0004419576225315757,0.12109375
2.0,1.0,2.0,256,9,1,-11.96875,-12.0,48.0,6.726739435826246,6.928203230275509,0.9709212060106887,0.4501154211549736,0.11328840018768371,0.1132884001876916,0.43073710459335096,0.430737104593351,0.336827020967282,0.3368270209672899,-7.882583474838611e-15,0.06103515625,0.06103515625,0.06103515625,4096.0,1.0,0.9765625
2.0,1.0,2.0,256,9,2,-13.284428459598663,-13.084270777602132,43.05493654157962,7.041548303885159,6.561626059261502,1.0731407489986822,0.3822647331687101,0.2013718420733095,0.17415841168584378,0.4797962427402071,0.4725675212178084,0.20810632148286634,0.18089289109540063,0.02721343038746571,0.059814453125,0.11669921875,0.13288108870171314,3283.111032649118,0.8015407794553511,0.95703125
2.0,1.0,2.0,256,9,4,-15.350180934078429,-14.870410980741417,34.721005636137065,6.253957145687564,5.892453278231153,1.061350315460614,0.41200493819680284,0.15865947790327317,0.045220352325762825,0.4714670044494839,0.44883865479539925,0.36678458587104,0.25334546029352967,0.11343912557751035,0.060302734375,0.21630859375,0.2938228335633075,2324.6470546670357,0.5675407848308193,0.96484375
2.0,1.0,2.0,256,9,8,-17.691112675501866,-17.84126922055553,22.57554191297894,4.677399129563708,4.751372634616121,0.9844311295406553,0.4485702983236586,0.15301104517645958,-0.4246475484963603,0.46652543750758185,0.309285365996418,0.8732178468200189,0.295559253147199,0.5776585936728199,0.05517578125,0.34716796875,0.6008279830426112,1002.0413582085882,0.2446390034688936,0.8828125
2.0,1.0,2.0,256,9,16,-20.687538804964348,-20.943126820850054,11.74798688942747,3.4837655961704828,3.4275336452655676,1.0164059515455341,0.44672888095917196,0.20099884650647315,-0.3440894067065865,0.4974588509107229,0.1552094968640043,0.7908182876657585,0.2457300344526988,0.5450882532130596,0.04345703125,0.453125,0.9073222811837987,128.04412277205026,0.03126077216114508,0.6953125
2.0,1.0,2.0,256,9,32,-25.07350499396868,-25.343708393105214,1.5813496884925313,1.9320732793511985,1.2575172716478018,1.53641888100629,0.7260675760670952,-0.005230337287993381,-0.027758168900829494,0.4242814797553428,0.1530639310285775,0.7538257449679246,0.7312979133550885,0.022527831612836113,0.010986328125,0.485107421875,0.9967181519161864,2.019536236687163,0.000493050839034952,0.17578125
2.0,1.0,2.0,256,9,64,-25.326636412114535,-25.394898858002968,1.8708866869846812,1.4768744350002554,1.3678035995656252,1.0797415911679629,0.9072714888848207,0.10980902608478171,-0.20987697375179715,0.39813647285820086,0.04213986754693844,1.1171484626366177,0.797462462800039,0.31968599983657886,0.0078125,0.49169921875,0.997991523499891,1.8099604756741157,0.0004418848817563759,0.125
2.0,1.0,2.0,256,10,1,-11.5,-12.0,48.0,6.98212002188447,6.928203230275509,1.0077822185373186,0.34940483142852774,0.07078923415071359,0.07078923415071259,0.36321157774489105,0.36321157774489027,0.27861559727781515,0.27861559727781415,9.992007221626409e-16,0.060546875,0.060546875,0.060546875,4096.0,1.0,0.96875
2.0,1.0,2.0,256,10,2,-12.9653666638157,-12.736790053628773,42.78713326109415,6.744482933239959,6.5411874503865235,1.0310792932316015,0.38550193029351476,0.15375961771874214,0.15785220059393668,0.44868928790954293,0.45173928406280356,0.22764972969957809,0.23174231257477262,-0.004092582875194539,0.059814453125,0.115478515625,0.12310731436885124,3550.763804753052,0.8668856945197881,0.95703125
2.0,1.0,2.0,256,10,4,-14.61678366742437,-14.840387880775031,33.53149509768305,5.186073297609468,5.790638574257855,0.895596095509057,0.3179090948399803,0.13981478785225143,-0.01612822935722269,0.3955380006827634,0.3769296843201491,0.334037324197203,0.17809430698772888,0.15594301720947412,0.059814453125,0.211669921875,0.26487590285135704,2440.346441906242,0.5957877055435161,0.95703125
2.0,1.0,2.0,256,10,8,-17.194364528457328,-17.327334452527015,24.516083704322238,4.873952504347758,4.951371901233257,0.9843640513316693,0.47268796627133436,0.29245914980153953,-0.0670202939350002,0.5526360184414831,0.48208505821645276,0.5397082602063346,0.18022881646979483,0.3594794437365397,0.054931640625,0.347900390625,0.621410047586058,853.7495318885678,0.20843494430873238,0.87890625
2.0,1.0,2.0,256,10,16,-20.737828101331957,-20.83000226191014,13.930239575536309,3.7307178495355853,3.7323236161319544,0.9995697675867579,0.4584455692357904,0.166365223022222,-0.3561191421547285,0.47279021394670384,0.2412955621558601,0.8145647113905189,0.2920803462135684,0.5224843651769505,0.041748046875,0.4462890625,0.9104062837950501,116.03350148845358,0.028328491574329488,0.66796875
2.0,1.0,2.0,256,10,32,-25.146949429636265,-25.264952194410363,2.553144048882697,1.6273374035624821,1.597856078901569,1.018450550741203,0.6779402362239414,0.11197659559644468,-0.13672472878984032,0.4181023940431803,0.03602667487335386,0.8146649650137817,0.5659636406274967,0.248701324386285,0.010986328125,0.481201171875,0.9948417690848029,2.8511649375903176,0.0006960851898413861,0.17578125
2.0,1.0,2.0,256,10,64,-25.487383002987887,-25.437299326354136,1.1637438805463134,0.49366286166375567,1.078769614211632,0.457616580185683,0.9726252170990652,0.0328042370987538,-0.03925302590858837,0.22570563076645356,0.018405757620036513,1.0118782430076536,0.9398209800003114,0.07205726300734216,0.006591796875,0.484619140625,0.9974110801900502,2.4728207084223235,0.0006037159932671688,0.10546875
